Case_ID,Activity,Timestamp
P00001,Patient Arrival,2026-01-16 19:06:08+00:00
P00001,Registration,2026-01-16 19:41:08+00:00
P00001,Waiting,2026-01-16 20:23:08+00:00
P00001,Doctor Consultation,2026-01-16 20:59:08+00:00
P00001,Blood Test,2026-01-16 21:36:08+00:00
P00001,Doctor Consultation,2026-01-16 22:05:08+00:00
P00001,Diagnosis,2026-01-16 22:17:08+00:00
P00001,Ward Transfer,2026-01-16 22:57:08+00:00
P00001,Treatment,2026-01-17 00:56:08+00:00
P00001,Pharmacy,2026-01-17 01:24:08+00:00
P00001,Billing,2026-01-17 01:53:08+00:00
P00001,Discharge,2026-01-17 02:33:08+00:00
P00002,Patient Arrival,2026-04-04 01:19:51+00:00
P00002,Registration,2026-04-04 01:46:51+00:00
P00002,Waiting,2026-04-04 03:35:51+00:00
P00002,Doctor Consultation,2026-04-04 04:06:51+00:00
P00002,Urine Test,2026-04-04 04:53:51+00:00
P00002,Doctor Consultation,2026-04-04 05:04:51+00:00
P00002,Diagnosis,2026-04-04 05:53:51+00:00
P00002,Treatment,2026-04-04 06:37:51+00:00
P00002,Pharmacy,2026-04-04 07:05:51+00:00
P00002,Billing,2026-04-04 07:46:51+00:00
P00002,Discharge,2026-04-04 08:10:51+00:00
P00007,Patient Arrival,2026-11-25 22:29:29+00:00
P00007,Registration,2026-11-25 22:46:29+00:00
P00007,Waiting,2026-11-25 23:58:29+00:00
P00007,Doctor Consultation,2026-11-26 00:15:29+00:00
P00007,Diagnosis,2026-11-26 00:39:29+00:00
P00007,Treatment,2026-11-26 02:07:29+00:00
P00007,Pharmacy,2026-11-26 02:31:29+00:00
P00007,Billing,2026-11-26 02:57:29+00:00
P00007,Discharge,2026-11-26 03:43:29+00:00
P00009,Patient Arrival,2026-08-01 05:52:12+00:00
P00009,Registration,2026-08-01 06:28:12+00:00
P00009,Waiting,2026-08-01 08:15:12+00:00
P00009,Doctor Consultation,2026-08-01 08:42:12+00:00
P00009,Urine Test,2026-08-01 09:29:12+00:00
P00009,Doctor Consultation,2026-08-01 09:53:12+00:00
P00009,Diagnosis,2026-08-01 10:40:12+00:00
P00009,Treatment,2026-08-01 12:41:12+00:00
P00009,Pharmacy,2026-08-01 13:01:12+00:00
P00009,Billing,2026-08-01 13:30:12+00:00
P00009,Discharge,2026-08-01 13:52:12+00:00
P00014,Patient Arrival,2026-11-06 05:37:26+00:00
P00014,Registration,2026-11-06 05:57:26+00:00
P00014,Waiting,2026-11-06 07:04:26+00:00
P00014,Doctor Consultation,2026-11-06 07:48:26+00:00
P00014,Diagnosis,2026-11-06 08:14:26+00:00
P00014,Ward Transfer,2026-11-06 08:29:26+00:00
P00014,Treatment,2026-11-06 09:41:26+00:00
P00014,Pharmacy,2026-11-06 09:56:26+00:00
P00014,Billing,2026-11-06 10:16:26+00:00
P00014,Discharge,2026-11-06 11:01:26+00:00
P00015,Patient Arrival,2026-07-18 04:40:18+00:00
P00015,Registration,2026-07-18 05:12:18+00:00
P00015,Waiting,2026-07-18 07:09:18+00:00
P00015,Doctor Consultation,2026-07-18 07:44:18+00:00
P00015,X-Ray,2026-07-18 08:10:18+00:00
P00015,Doctor Consultation,2026-07-18 08:41:18+00:00
P00015,Diagnosis,2026-07-18 09:07:18+00:00
P00015,Treatment,2026-07-18 11:03:18+00:00
P00015,Pharmacy,2026-07-18 11:42:18+00:00
P00015,Billing,2026-07-18 12:28:18+00:00
P00015,Discharge,2026-07-18 13:17:18+00:00
P00016,Patient Arrival,2026-04-14 10:43:33+00:00
P00016,Registration,2026-04-14 11:29:33+00:00
P00016,Waiting,2026-04-14 12:35:33+00:00
P00016,Doctor Consultation,2026-04-14 13:24:33+00:00
P00016,ECG,2026-04-14 13:46:33+00:00
P00016,Doctor Consultation,2026-04-14 14:21:33+00:00
P00016,Diagnosis,2026-04-14 14:51:33+00:00
P00016,Ward Transfer,2026-04-14 15:21:33+00:00
P00016,Ward Transfer,2026-04-14 15:21:33+00:00
P00016,Treatment,2026-04-14 16:33:33+00:00
P00016,Pharmacy,2026-04-14 17:03:33+00:00
P00016,Billing,2026-04-14 17:38:33+00:00
P00016,Discharge,2026-04-14 18:12:33+00:00
P00018,Patient Arrival,2026-05-22 19:12:24+00:00
P00018,Patient Arrival,2026-05-22 19:12:24+00:00
P00018,Registration,2026-05-22 19:44:24+00:00
P00018,Waiting,2026-05-22 20:40:24+00:00
P00018,Doctor Consultation,2026-05-22 21:10:24+00:00
P00018,Diagnosis,2026-05-22 21:53:24+00:00
P00018,Ward Transfer,2026-05-22 22:33:24+00:00
P00018,Treatment,2026-05-23 00:00:24+00:00
P00018,Pharmacy,2026-05-23 00:46:24+00:00
P00018,Billing,2026-05-23 01:23:24+00:00
P00018,Discharge,2026-05-23 01:51:24+00:00
P00019,Patient Arrival,2026-07-17 07:06:27+00:00
P00019,Registration,2026-07-17 07:52:27+00:00
P00019,Waiting,2026-07-17 09:33:27+00:00
P00019,Doctor Consultation,2026-07-17 10:01:27+00:00
P00019,Doctor Consultation,2026-07-17 10:01:27+00:00
P00019,Diagnosis,2026-07-17 10:29:27+00:00
P00019,Ward Transfer,2026-07-17 10:56:27+00:00
P00019,Treatment,2026-07-17 12:41:27+00:00
P00019,Pharmacy,2026-07-17 13:24:27+00:00
P00019,Billing,2026-07-17 13:56:27+00:00
P00019,Discharge,2026-07-17 14:36:27+00:00
P00020,Patient Arrival,2026-10-18 21:34:10+00:00
P00020,Registration,2026-10-18 22:03:10+00:00
P00020,Waiting,2026-10-18 23:14:10+00:00
P00020,Doctor Consultation,2026-10-18 23:57:10+00:00
P00020,Diagnosis,2026-10-19 00:21:10+00:00
P00020,Treatment,2026-10-19 01:19:10+00:00
P00020,Pharmacy,2026-10-19 01:40:10+00:00
P00020,Billing,2026-10-19 02:14:10+00:00
P00020,Discharge,2026-10-19 02:37:10+00:00
P00021,Patient Arrival,2026-11-02 12:14:11+00:00
P00021,Registration,2026-11-02 12:49:11+00:00
P00021,Waiting,2026-11-02 14:11:11+00:00
P00021,Doctor Consultation,2026-11-02 14:34:11+00:00
P00021,Urine Test,2026-11-02 15:05:11+00:00
P00021,Doctor Consultation,2026-11-02 16:00:11+00:00
P00021,Diagnosis,2026-11-02 16:40:11+00:00
P00021,Treatment,2026-11-02 17:40:11+00:00
P00021,Pharmacy,2026-11-02 18:30:11+00:00
P00021,Billing,2026-11-02 19:08:11+00:00
P00021,Discharge,2026-11-02 19:52:11+00:00
P00022,Patient Arrival,2026-11-06 12:04:18+00:00
P00022,Registration,2026-11-06 12:22:18+00:00
P00022,Waiting,2026-11-06 13:47:18+00:00
P00022,Doctor Consultation,2026-11-06 14:13:18+00:00
P00022,X-Ray,2026-11-06 14:45:18+00:00
P00022,Doctor Consultation,2026-11-06 15:17:18+00:00
P00022,Diagnosis,2026-11-06 15:46:18+00:00
P00022,Treatment,2026-11-06 16:29:18+00:00
P00022,Pharmacy,2026-11-06 17:03:18+00:00
P00022,Billing,2026-11-06 17:31:18+00:00
P00022,Discharge,2026-11-06 18:07:18+00:00
P00025,Patient Arrival,2026-02-27 15:54:52+00:00
P00025,Registration,2026-02-27 16:36:52+00:00
P00025,Waiting,2026-02-27 18:02:52+00:00
P00025,Doctor Consultation,2026-02-27 18:40:52+00:00
P00025,Diagnosis,2026-02-27 19:23:52+00:00
P00025,Ward Transfer,2026-02-27 19:35:52+00:00
P00025,Treatment,2026-02-27 20:47:52+00:00
P00025,Pharmacy,2026-02-27 21:19:52+00:00
P00025,Billing,2026-02-27 21:38:52+00:00
P00025,Discharge,2026-02-27 22:32:52+00:00
P00027,Patient Arrival,2026-10-21 16:17:25+00:00
P00027,Registration,2026-10-21 16:41:25+00:00
P00027,Waiting,2026-10-21 18:13:25+00:00
P00027,Doctor Consultation,2026-10-21 18:56:25+00:00
P00027,Diagnosis,2026-10-21 19:31:25+00:00
P00027,Ward Transfer,2026-10-21 19:56:25+00:00
P00027,Treatment,2026-10-21 21:17:25+00:00
P00027,Pharmacy,2026-10-21 21:38:25+00:00
P00027,Billing,2026-10-21 22:24:25+00:00
P00027,Discharge,2026-10-21 22:48:25+00:00
P00028,Patient Arrival,2026-10-20 07:40:03+00:00
P00028,Registration,2026-10-20 08:03:03+00:00
P00028,Waiting,2026-10-20 09:32:03+00:00
P00028,Doctor Consultation,2026-10-20 10:19:03+00:00
P00028,Blood Test,2026-10-20 10:50:03+00:00
P00028,Doctor Consultation,2026-10-20 11:14:03+00:00
P00028,Diagnosis,2026-10-20 12:00:03+00:00
P00028,Treatment,2026-10-20 14:04:03+00:00
P00028,Pharmacy,2026-10-20 14:53:03+00:00
P00028,Billing,2026-10-20 15:35:03+00:00
P00028,Discharge,2026-10-20 15:55:03+00:00
P00031,Patient Arrival,2026-10-27 07:30:59+00:00
P00031,Registration,2026-10-27 07:53:59+00:00
P00031,Waiting,2026-10-27 09:10:59+00:00
P00031,Doctor Consultation,2026-10-27 09:37:59+00:00
P00031,Diagnosis,2026-10-27 10:23:59+00:00
P00031,Treatment,2026-10-27 12:07:59+00:00
P00031,Pharmacy,2026-10-27 12:46:59+00:00
P00031,Billing,2026-10-27 13:03:59+00:00
P00031,Discharge,2026-10-27 13:53:59+00:00
P00032,Patient Arrival,2026-06-01 19:34:20+00:00
P00032,Registration,2026-06-01 20:16:20+00:00
P00032,Waiting,2026-06-01 21:39:20+00:00
P00032,Doctor Consultation,2026-06-01 22:17:20+00:00
P00032,Diagnosis,2026-06-01 22:44:20+00:00
P00032,Treatment,2026-06-02 00:09:20+00:00
P00032,Pharmacy,2026-06-02 00:30:20+00:00
P00032,Billing,2026-06-02 01:11:20+00:00
P00032,Discharge,2026-06-02 01:42:20+00:00
P00036,Patient Arrival,2026-11-20 10:44:46+00:00
P00036,Registration,2026-11-20 11:25:46+00:00
P00036,Waiting,2026-11-20 12:14:46+00:00
P00036,Doctor Consultation,2026-11-20 12:36:46+00:00
P00036,ECG,2026-11-20 13:29:46+00:00
P00036,Doctor Consultation,2026-11-20 13:54:46+00:00
P00036,Diagnosis,2026-11-20 14:11:46+00:00
P00036,Ward Transfer,2026-11-20 14:25:46+00:00
P00036,Treatment,2026-11-20 15:42:46+00:00
P00036,Pharmacy,2026-11-20 16:12:46+00:00
P00036,Billing,2026-11-20 17:03:46+00:00
P00036,Discharge,2026-11-20 17:13:46+00:00
P00038,Patient Arrival,2026-08-08 09:06:38+00:00
P00038,Registration,2026-08-08 09:37:38+00:00
P00038,Waiting,2026-08-08 10:22:38+00:00
P00038,Doctor Consultation,2026-08-08 10:42:38+00:00
P00038,Urine Test,2026-08-08 11:28:38+00:00
P00038,Doctor Consultation,2026-08-08 12:08:38+00:00
P00038,Diagnosis,2026-08-08 12:32:38+00:00
P00038,Treatment,2026-08-08 13:33:38+00:00
P00038,Pharmacy,2026-08-08 14:05:38+00:00
P00038,Pharmacy,2026-08-08 14:05:38+00:00
P00038,Billing,2026-08-08 14:37:38+00:00
P00038,Billing,2026-08-08 14:37:38+00:00
P00038,Discharge,2026-08-08 15:17:38+00:00
P00041,Patient Arrival,2026-02-17 08:49:53+00:00
P00041,Registration,2026-02-17 09:20:53+00:00
P00041,Waiting,2026-02-17 10:41:53+00:00
P00041,Doctor Consultation,2026-02-17 11:06:53+00:00
P00041,ECG,2026-02-17 11:33:53+00:00
P00041,ECG,2026-02-17 11:33:53+00:00
P00041,Doctor Consultation,2026-02-17 12:11:53+00:00
P00041,Diagnosis,2026-02-17 12:53:53+00:00
P00041,Ward Transfer,2026-02-17 13:23:53+00:00
P00041,Treatment,2026-02-17 14:57:53+00:00
P00041,Pharmacy,2026-02-17 15:36:53+00:00
P00041,Billing,2026-02-17 16:05:53+00:00
P00041,Discharge,2026-02-17 16:43:53+00:00
P00042,Patient Arrival,2026-11-27 07:11:07+00:00
P00042,Registration,2026-11-27 07:44:07+00:00
P00042,Waiting,2026-11-27 09:35:07+00:00
P00042,Doctor Consultation,2026-11-27 10:02:07+00:00
P00042,X-Ray,2026-11-27 10:38:07+00:00
P00042,Doctor Consultation,2026-11-27 10:52:07+00:00
P00042,Diagnosis,2026-11-27 11:26:07+00:00
P00042,Diagnosis,2026-11-27 11:26:07+00:00
P00042,Treatment,2026-11-27 13:24:07+00:00
P00042,Pharmacy,2026-11-27 13:40:07+00:00
P00042,Billing,2026-11-27 13:57:07+00:00
P00042,Discharge,2026-11-27 14:36:07+00:00
P00044,Patient Arrival,2026-05-06 12:46:47+00:00
P00044,Registration,2026-05-06 13:34:47+00:00
P00044,Waiting,2026-05-06 14:19:47+00:00
P00044,Doctor Consultation,2026-05-06 14:48:47+00:00
P00044,Diagnosis,2026-05-06 15:18:47+00:00
P00044,Treatment,2026-05-06 17:18:47+00:00
P00044,Pharmacy,2026-05-06 17:45:47+00:00
P00044,Billing,2026-05-06 18:05:47+00:00
P00044,Discharge,2026-05-06 18:32:47+00:00
P00045,Patient Arrival,2026-05-11 23:37:37+00:00
P00045,Registration,2026-05-12 00:25:37+00:00
P00045,Waiting,2026-05-12 01:54:37+00:00
P00045,Doctor Consultation,2026-05-12 02:24:37+00:00
P00045,Urine Test,2026-05-12 02:36:37+00:00
P00045,Urine Test,2026-05-12 02:36:37+00:00
P00045,Doctor Consultation,2026-05-12 02:54:37+00:00
P00045,Diagnosis,2026-05-12 03:29:37+00:00
P00045,Treatment,2026-05-12 05:28:37+00:00
P00045,Pharmacy,2026-05-12 05:47:37+00:00
P00045,Billing,2026-05-12 06:19:37+00:00
P00045,Discharge,2026-05-12 06:52:37+00:00
P00047,Patient Arrival,2026-04-04 16:32:53+00:00
P00047,Registration,2026-04-04 17:06:53+00:00
P00047,Waiting,2026-04-04 18:53:53+00:00
P00047,Doctor Consultation,2026-04-04 19:18:53+00:00
P00047,X-Ray,2026-04-04 19:56:53+00:00
P00047,Doctor Consultation,2026-04-04 20:33:53+00:00
P00047,Diagnosis,2026-04-04 21:06:53+00:00
P00047,Ward Transfer,2026-04-04 21:19:53+00:00
P00047,Treatment,2026-04-04 23:17:53+00:00
P00047,Pharmacy,2026-04-04 23:41:53+00:00
P00047,Billing,2026-04-05 00:04:53+00:00
P00047,Discharge,2026-04-05 00:20:53+00:00
P00048,Patient Arrival,2026-09-16 05:00:21+00:00
P00048,Registration,2026-09-16 05:30:21+00:00
P00048,Waiting,2026-09-16 06:20:21+00:00
P00048,Doctor Consultation,2026-09-16 06:44:21+00:00
P00048,Blood Test,2026-09-16 07:14:21+00:00
P00048,Doctor Consultation,2026-09-16 07:42:21+00:00
P00048,Doctor Consultation,2026-09-16 07:42:21+00:00
P00048,Diagnosis,2026-09-16 08:09:21+00:00
P00048,Treatment,2026-09-16 09:41:21+00:00
P00048,Pharmacy,2026-09-16 10:16:21+00:00
P00048,Billing,2026-09-16 10:46:21+00:00
P00048,Discharge,2026-09-16 11:24:21+00:00
P00050,Patient Arrival,2026-03-26 09:23:03+00:00
P00050,Registration,2026-03-26 09:56:03+00:00
P00050,Waiting,2026-03-26 11:23:03+00:00
P00050,Doctor Consultation,2026-03-26 11:40:03+00:00
P00050,X-Ray,2026-03-26 12:13:03+00:00
P00050,Doctor Consultation,2026-03-26 12:33:03+00:00
P00050,Diagnosis,2026-03-26 13:10:03+00:00
P00050,Ward Transfer,2026-03-26 13:23:03+00:00
P00050,Treatment,2026-03-26 15:01:03+00:00
P00050,Pharmacy,2026-03-26 15:31:03+00:00
P00050,Billing,2026-03-26 16:19:03+00:00
P00050,Discharge,2026-03-26 17:02:03+00:00
P00061,Patient Arrival,2026-04-17 02:13:06+00:00
P00061,Registration,2026-04-17 02:41:06+00:00
P00061,Waiting,2026-04-17 03:34:06+00:00
P00061,Doctor Consultation,2026-04-17 04:02:06+00:00
P00061,Blood Test,2026-04-17 04:23:06+00:00
P00061,Doctor Consultation,2026-04-17 04:52:06+00:00
P00061,Diagnosis,2026-04-17 05:15:06+00:00
P00061,Ward Transfer,2026-04-17 05:43:06+00:00
P00061,Treatment,2026-04-17 07:02:06+00:00
P00061,Pharmacy,2026-04-17 07:37:06+00:00
P00061,Billing,2026-04-17 07:49:06+00:00
P00061,Billing,2026-04-17 07:49:06+00:00
P00061,Discharge,2026-04-17 08:16:06+00:00
P00065,Patient Arrival,2026-09-15 16:09:34+00:00
P00065,Registration,2026-09-15 16:44:34+00:00
P00065,Waiting,2026-09-15 18:09:34+00:00
P00065,Doctor Consultation,2026-09-15 18:41:34+00:00
P00065,Diagnosis,2026-09-15 19:01:34+00:00
P00065,Treatment,2026-09-15 21:04:34+00:00
P00065,Pharmacy,2026-09-15 21:32:34+00:00
P00065,Billing,2026-09-15 22:03:34+00:00
P00065,Discharge,2026-09-15 22:18:34+00:00
P00067,Patient Arrival,2026-07-13 23:08:32+00:00
P00067,Registration,2026-07-13 23:45:32+00:00
P00067,Waiting,2026-07-14 00:42:32+00:00
P00067,Doctor Consultation,2026-07-14 01:20:32+00:00
P00067,Diagnosis,2026-07-14 01:56:32+00:00
P00067,Treatment,2026-07-14 03:33:32+00:00
P00067,Pharmacy,2026-07-14 03:56:32+00:00
P00067,Billing,2026-07-14 04:18:32+00:00
P00067,Discharge,2026-07-14 04:42:32+00:00
P00068,Patient Arrival,2026-01-12 13:47:57+00:00
P00068,Registration,2026-01-12 14:07:57+00:00
P00068,Waiting,2026-01-12 15:03:57+00:00
P00068,Doctor Consultation,2026-01-12 15:31:57+00:00
P00068,X-Ray,2026-01-12 15:42:57+00:00
P00068,X-Ray,2026-01-12 15:42:57+00:00
P00068,Doctor Consultation,2026-01-12 16:10:57+00:00
P00068,Diagnosis,2026-01-12 16:48:57+00:00
P00068,Treatment,2026-01-12 18:31:57+00:00
P00068,Pharmacy,2026-01-12 19:19:57+00:00
P00068,Billing,2026-01-12 19:58:57+00:00
P00068,Discharge,2026-01-12 20:33:57+00:00
P00069,Patient Arrival,2026-03-29 14:53:42+00:00
P00069,Registration,2026-03-29 15:27:42+00:00
P00069,Waiting,2026-03-29 16:10:42+00:00
P00069,Doctor Consultation,2026-03-29 16:39:42+00:00
P00069,Diagnosis,2026-03-29 17:11:42+00:00
P00069,Ward Transfer,2026-03-29 17:50:42+00:00
P00069,Treatment,2026-03-29 19:19:42+00:00
P00069,Pharmacy,2026-03-29 19:57:42+00:00
P00069,Billing,2026-03-29 20:39:42+00:00
P00069,Discharge,2026-03-29 21:13:42+00:00
P00077,Patient Arrival,2026-09-27 08:56:29+00:00
P00077,Registration,2026-09-27 09:25:29+00:00
P00077,Waiting,2026-09-27 10:53:29+00:00
P00077,Doctor Consultation,2026-09-27 11:22:29+00:00
P00077,Blood Test,2026-09-27 11:42:29+00:00
P00077,Doctor Consultation,2026-09-27 12:13:29+00:00
P00077,Diagnosis,2026-09-27 12:51:29+00:00
P00077,Diagnosis,2026-09-27 12:51:29+00:00
P00077,Ward Transfer,2026-09-27 13:32:29+00:00
P00077,Treatment,2026-09-27 14:31:29+00:00
P00077,Pharmacy,2026-09-27 14:53:29+00:00
P00077,Billing,2026-09-27 15:29:29+00:00
P00077,Discharge,2026-09-27 16:20:29+00:00
P00078,Patient Arrival,2026-07-09 20:28:00+00:00
P00078,Patient Arrival,2026-07-09 20:28:00+00:00
P00078,Registration,2026-07-09 21:13:00+00:00
P00078,Waiting,2026-07-09 23:08:00+00:00
P00078,Doctor Consultation,2026-07-09 23:39:00+00:00
P00078,Urine Test,2026-07-10 00:14:00+00:00
P00078,Doctor Consultation,2026-07-10 01:01:00+00:00
P00078,Diagnosis,2026-07-10 01:24:00+00:00
P00078,Treatment,2026-07-10 02:49:00+00:00
P00078,Pharmacy,2026-07-10 03:07:00+00:00
P00078,Billing,2026-07-10 03:32:00+00:00
P00078,Discharge,2026-07-10 04:02:00+00:00
P00079,Patient Arrival,2026-06-18 21:46:26+00:00
P00079,Registration,2026-06-18 22:22:26+00:00
P00079,Waiting,2026-06-18 23:54:26+00:00
P00079,Doctor Consultation,2026-06-19 00:38:26+00:00
P00079,Diagnosis,2026-06-19 01:15:26+00:00
P00079,Ward Transfer,2026-06-19 01:59:26+00:00
P00079,Treatment,2026-06-19 03:55:26+00:00
P00079,Pharmacy,2026-06-19 04:23:26+00:00
P00079,Billing,2026-06-19 04:49:26+00:00
P00079,Discharge,2026-06-19 05:19:26+00:00
P00084,Patient Arrival,2026-02-11 18:44:49+00:00
P00084,Registration,2026-02-11 19:10:49+00:00
P00084,Waiting,2026-02-11 20:24:49+00:00
P00084,Doctor Consultation,2026-02-11 21:04:49+00:00
P00084,Diagnosis,2026-02-11 21:41:49+00:00
P00084,Treatment,2026-02-11 22:32:49+00:00
P00084,Pharmacy,2026-02-11 23:03:49+00:00
P00084,Billing,2026-02-11 23:32:49+00:00
P00084,Discharge,2026-02-12 00:05:49+00:00
P00087,Patient Arrival,2026-02-23 11:14:29+00:00
P00087,Registration,2026-02-23 11:31:29+00:00
P00087,Waiting,2026-02-23 13:03:29+00:00
P00087,Doctor Consultation,2026-02-23 13:24:29+00:00
P00087,Diagnosis,2026-02-23 14:09:29+00:00
P00087,Ward Transfer,2026-02-23 14:36:29+00:00
P00087,Treatment,2026-02-23 15:34:29+00:00
P00087,Treatment,2026-02-23 15:34:29+00:00
P00087,Pharmacy,2026-02-23 16:01:29+00:00
P00087,Billing,2026-02-23 16:27:29+00:00
P00087,Discharge,2026-02-23 17:00:29+00:00
P00088,Patient Arrival,2026-02-05 08:39:14+00:00
P00088,Registration,2026-02-05 09:04:14+00:00
P00088,Waiting,2026-02-05 10:52:14+00:00
P00088,Doctor Consultation,2026-02-05 11:00:14+00:00
P00088,Diagnosis,2026-02-05 11:20:14+00:00
P00088,Treatment,2026-02-05 12:50:14+00:00
P00088,Pharmacy,2026-02-05 13:22:14+00:00
P00088,Billing,2026-02-05 13:29:14+00:00
P00088,Discharge,2026-02-05 14:08:14+00:00
P00089,Patient Arrival,2026-12-22 02:41:56+00:00
P00089,Registration,2026-12-22 03:16:56+00:00
P00089,Waiting,2026-12-22 03:59:56+00:00
P00089,Doctor Consultation,2026-12-22 04:32:56+00:00
P00089,X-Ray,2026-12-22 05:07:56+00:00
P00089,Doctor Consultation,2026-12-22 05:36:56+00:00
P00089,Diagnosis,2026-12-22 06:10:56+00:00
P00089,Ward Transfer,2026-12-22 06:31:56+00:00
P00089,Treatment,2026-12-22 08:38:56+00:00
P00089,Pharmacy,2026-12-22 08:59:56+00:00
P00089,Billing,2026-12-22 09:34:56+00:00
P00089,Discharge,2026-12-22 10:13:56+00:00
P00092,Patient Arrival,2026-08-16 08:53:41+00:00
P00092,Registration,2026-08-16 09:08:41+00:00
P00092,Waiting,2026-08-16 10:38:41+00:00
P00092,Doctor Consultation,2026-08-16 11:22:41+00:00
P00092,Diagnosis,2026-08-16 11:49:41+00:00
P00092,Treatment,2026-08-16 13:17:41+00:00
P00092,Pharmacy,2026-08-16 13:26:41+00:00
P00092,Billing,2026-08-16 13:58:41+00:00
P00092,Discharge,2026-08-16 14:30:41+00:00
P00093,Patient Arrival,2026-08-07 09:34:45+00:00
P00093,Registration,2026-08-07 10:06:45+00:00
P00093,Waiting,2026-08-07 10:39:45+00:00
P00093,Doctor Consultation,2026-08-07 11:15:45+00:00
P00093,Diagnosis,2026-08-07 12:04:45+00:00
P00093,Treatment,2026-08-07 14:06:45+00:00
P00093,Pharmacy,2026-08-07 14:48:45+00:00
P00093,Billing,2026-08-07 15:15:45+00:00
P00093,Discharge,2026-08-07 15:50:45+00:00
P00094,Patient Arrival,2026-06-08 22:15:35+00:00
P00094,Registration,2026-06-08 22:52:35+00:00
P00094,Waiting,2026-06-08 23:49:35+00:00
P00094,Doctor Consultation,2026-06-09 00:00:35+00:00
P00094,Blood Test,2026-06-09 00:41:35+00:00
P00094,Doctor Consultation,2026-06-09 01:15:35+00:00
P00094,Diagnosis,2026-06-09 01:31:35+00:00
P00094,Treatment,2026-06-09 02:45:35+00:00
P00094,Pharmacy,2026-06-09 02:56:35+00:00
P00094,Billing,2026-06-09 03:30:35+00:00
P00094,Discharge,2026-06-09 03:56:35+00:00
P00096,Patient Arrival,2026-03-02 08:56:28+00:00
P00096,Registration,2026-03-02 09:45:28+00:00
P00096,Waiting,2026-03-02 11:37:28+00:00
P00096,Doctor Consultation,2026-03-02 12:00:28+00:00
P00096,Diagnosis,2026-03-02 12:18:28+00:00
P00096,Treatment,2026-03-02 12:50:28+00:00
P00096,Pharmacy,2026-03-02 13:18:28+00:00
P00096,Billing,2026-03-02 13:59:28+00:00
P00096,Discharge,2026-03-02 14:37:28+00:00
P00097,Patient Arrival,2026-05-25 06:10:22+00:00
P00097,Registration,2026-05-25 06:46:22+00:00
P00097,Waiting,2026-05-25 07:58:22+00:00
P00097,Doctor Consultation,2026-05-25 08:38:22+00:00
P00097,Urine Test,2026-05-25 09:07:22+00:00
P00097,Doctor Consultation,2026-05-25 09:25:22+00:00
P00097,Diagnosis,2026-05-25 09:45:22+00:00
P00097,Ward Transfer,2026-05-25 10:11:22+00:00
P00097,Treatment,2026-05-25 11:07:22+00:00
P00097,Pharmacy,2026-05-25 11:23:22+00:00
P00097,Billing,2026-05-25 11:58:22+00:00
P00097,Discharge,2026-05-25 12:29:22+00:00
P00102,Patient Arrival,2026-01-07 11:45:25+00:00
P00102,Registration,2026-01-07 12:20:25+00:00
P00102,Waiting,2026-01-07 14:15:25+00:00
P00102,Doctor Consultation,2026-01-07 14:48:25+00:00
P00102,Urine Test,2026-01-07 15:25:25+00:00
P00102,Doctor Consultation,2026-01-07 16:07:25+00:00
P00102,Diagnosis,2026-01-07 16:39:25+00:00
P00102,Treatment,2026-01-07 18:50:25+00:00
P00102,Pharmacy,2026-01-07 19:30:25+00:00
P00102,Pharmacy,2026-01-07 19:30:25+00:00
P00102,Billing,2026-01-07 19:46:25+00:00
P00102,Discharge,2026-01-07 20:10:25+00:00
P00102,Discharge,2026-01-07 20:10:25+00:00
P00105,Patient Arrival,2026-01-29 21:23:59+00:00
P00105,Registration,2026-01-29 21:46:59+00:00
P00105,Waiting,2026-01-29 23:09:59+00:00
P00105,Doctor Consultation,2026-01-29 23:25:59+00:00
P00105,Urine Test,2026-01-29 23:54:59+00:00
P00105,Doctor Consultation,2026-01-30 00:49:59+00:00
P00105,Diagnosis,2026-01-30 01:35:59+00:00
P00105,Treatment,2026-01-30 02:37:59+00:00
P00105,Pharmacy,2026-01-30 02:53:59+00:00
P00105,Billing,2026-01-30 03:30:59+00:00
P00105,Discharge,2026-01-30 03:57:59+00:00
P00106,Patient Arrival,2026-05-07 15:26:52+00:00
P00106,Registration,2026-05-07 15:49:52+00:00
P00106,Waiting,2026-05-07 17:32:52+00:00
P00106,Doctor Consultation,2026-05-07 18:02:52+00:00
P00106,Diagnosis,2026-05-07 18:29:52+00:00
P00106,Ward Transfer,2026-05-07 18:49:52+00:00
P00106,Treatment,2026-05-07 20:32:52+00:00
P00106,Pharmacy,2026-05-07 21:03:52+00:00
P00106,Billing,2026-05-07 21:30:52+00:00
P00106,Discharge,2026-05-07 21:46:52+00:00
P00109,Patient Arrival,2026-07-04 12:38:49+00:00
P00109,Registration,2026-07-04 13:01:49+00:00
P00109,Waiting,2026-07-04 14:16:49+00:00
P00109,Doctor Consultation,2026-07-04 14:55:49+00:00
P00109,Blood Test,2026-07-04 15:06:49+00:00
P00109,Doctor Consultation,2026-07-04 15:37:49+00:00
P00109,Diagnosis,2026-07-04 16:08:49+00:00
P00109,Treatment,2026-07-04 17:33:49+00:00
P00109,Pharmacy,2026-07-04 18:22:49+00:00
P00109,Billing,2026-07-04 18:49:49+00:00
P00109,Discharge,2026-07-04 19:22:49+00:00
P00112,Patient Arrival,2026-11-26 09:49:26+00:00
P00112,Registration,2026-11-26 10:26:26+00:00
P00112,Waiting,2026-11-26 11:36:26+00:00
P00112,Doctor Consultation,2026-11-26 11:58:26+00:00
P00112,X-Ray,2026-11-26 12:36:26+00:00
P00112,Doctor Consultation,2026-11-26 13:11:26+00:00
P00112,Diagnosis,2026-11-26 13:41:26+00:00
P00112,Treatment,2026-11-26 15:57:26+00:00
P00112,Pharmacy,2026-11-26 16:48:26+00:00
P00112,Billing,2026-11-26 17:26:26+00:00
P00112,Discharge,2026-11-26 17:55:26+00:00
P00114,Patient Arrival,2026-03-12 10:05:58+00:00
P00114,Registration,2026-03-12 10:26:58+00:00
P00114,Waiting,2026-03-12 11:10:58+00:00
P00114,Doctor Consultation,2026-03-12 11:34:58+00:00
P00114,Urine Test,2026-03-12 12:11:58+00:00
P00114,Doctor Consultation,2026-03-12 12:43:58+00:00
P00114,Diagnosis,2026-03-12 13:24:58+00:00
P00114,Ward Transfer,2026-03-12 14:01:58+00:00
P00114,Treatment,2026-03-12 16:04:58+00:00
P00114,Pharmacy,2026-03-12 16:46:58+00:00
P00114,Billing,2026-03-12 17:32:58+00:00
P00114,Discharge,2026-03-12 18:08:58+00:00
P00115,Patient Arrival,2026-01-28 09:04:59+00:00
P00115,Registration,2026-01-28 09:27:59+00:00
P00115,Waiting,2026-01-28 10:33:59+00:00
P00115,Doctor Consultation,2026-01-28 11:16:59+00:00
P00115,Diagnosis,2026-01-28 11:36:59+00:00
P00115,Ward Transfer,2026-01-28 11:51:59+00:00
P00115,Treatment,2026-01-28 13:45:59+00:00
P00115,Pharmacy,2026-01-28 14:21:59+00:00
P00115,Billing,2026-01-28 14:59:59+00:00
P00115,Discharge,2026-01-28 15:34:59+00:00
P00116,Patient Arrival,2026-05-02 09:32:14+00:00
P00116,Registration,2026-05-02 09:59:14+00:00
P00116,Waiting,2026-05-02 11:01:14+00:00
P00116,Doctor Consultation,2026-05-02 11:29:14+00:00
P00116,ECG,2026-05-02 12:00:14+00:00
P00116,Doctor Consultation,2026-05-02 12:25:14+00:00
P00116,Diagnosis,2026-05-02 13:04:14+00:00
P00116,Treatment,2026-05-02 14:41:14+00:00
P00116,Pharmacy,2026-05-02 15:03:14+00:00
P00116,Billing,2026-05-02 15:21:14+00:00
P00116,Discharge,2026-05-02 15:58:14+00:00
P00117,Patient Arrival,2026-04-17 00:33:56+00:00
P00117,Registration,2026-04-17 00:59:56+00:00
P00117,Waiting,2026-04-17 02:18:56+00:00
P00117,Doctor Consultation,2026-04-17 02:35:56+00:00
P00117,Diagnosis,2026-04-17 03:00:56+00:00
P00117,Ward Transfer,2026-04-17 03:41:56+00:00
P00117,Treatment,2026-04-17 05:23:56+00:00
P00117,Pharmacy,2026-04-17 06:05:56+00:00
P00117,Billing,2026-04-17 06:55:56+00:00
P00117,Discharge,2026-04-17 07:37:56+00:00
P00118,Patient Arrival,2026-02-13 10:07:03+00:00
P00118,Registration,2026-02-13 10:46:03+00:00
P00118,Waiting,2026-02-13 11:47:03+00:00
P00118,Doctor Consultation,2026-02-13 12:22:03+00:00
P00118,Urine Test,2026-02-13 12:48:03+00:00
P00118,Doctor Consultation,2026-02-13 13:41:03+00:00
P00118,Diagnosis,2026-02-13 14:16:03+00:00
P00118,Ward Transfer,2026-02-13 14:48:03+00:00
P00118,Treatment,2026-02-13 15:57:03+00:00
P00118,Pharmacy,2026-02-13 16:41:03+00:00
P00118,Billing,2026-02-13 17:07:03+00:00
P00118,Discharge,2026-02-13 17:28:03+00:00
P00119,Patient Arrival,2026-03-21 17:52:41+00:00
P00119,Registration,2026-03-21 18:39:41+00:00
P00119,Waiting,2026-03-21 19:27:41+00:00
P00119,Doctor Consultation,2026-03-21 20:04:41+00:00
P00119,Diagnosis,2026-03-21 20:19:41+00:00
P00119,Treatment,2026-03-21 22:18:41+00:00
P00119,Pharmacy,2026-03-21 22:34:41+00:00
P00119,Billing,2026-03-21 23:07:41+00:00
P00119,Discharge,2026-03-21 23:39:41+00:00
P00120,Patient Arrival,2026-06-17 14:42:44+00:00
P00120,Registration,2026-06-17 15:15:44+00:00
P00120,Waiting,2026-06-17 15:50:44+00:00
P00120,Doctor Consultation,2026-06-17 16:22:44+00:00
P00120,Diagnosis,2026-06-17 16:35:44+00:00
P00120,Treatment,2026-06-17 17:59:44+00:00
P00120,Pharmacy,2026-06-17 18:35:44+00:00
P00120,Billing,2026-06-17 19:19:44+00:00
P00120,Discharge,2026-06-17 19:41:44+00:00
P00124,Patient Arrival,2026-03-28 09:40:04+00:00
P00124,Registration,2026-03-28 10:22:04+00:00
P00124,Waiting,2026-03-28 12:00:04+00:00
P00124,Doctor Consultation,2026-03-28 12:32:04+00:00
P00124,Diagnosis,2026-03-28 13:09:04+00:00
P00124,Treatment,2026-03-28 13:51:04+00:00
P00124,Pharmacy,2026-03-28 14:15:04+00:00
P00124,Billing,2026-03-28 14:46:04+00:00
P00124,Discharge,2026-03-28 15:16:04+00:00
P00125,Patient Arrival,2026-11-15 09:39:15+00:00
P00125,Registration,2026-11-15 10:15:15+00:00
P00125,Waiting,2026-11-15 11:56:15+00:00
P00125,Doctor Consultation,2026-11-15 12:29:15+00:00
P00125,Diagnosis,2026-11-15 12:49:15+00:00
P00125,Treatment,2026-11-15 13:42:15+00:00
P00125,Pharmacy,2026-11-15 14:16:15+00:00
P00125,Billing,2026-11-15 14:43:15+00:00
P00125,Discharge,2026-11-15 15:27:15+00:00
P00126,Patient Arrival,2026-09-12 22:07:12+00:00
P00126,Registration,2026-09-12 22:36:12+00:00
P00126,Waiting,2026-09-13 00:07:12+00:00
P00126,Doctor Consultation,2026-09-13 00:24:12+00:00
P00126,ECG,2026-09-13 00:45:12+00:00
P00126,Doctor Consultation,2026-09-13 01:07:12+00:00
P00126,Diagnosis,2026-09-13 01:36:12+00:00
P00126,Treatment,2026-09-13 02:40:12+00:00
P00126,Pharmacy,2026-09-13 03:06:12+00:00
P00126,Billing,2026-09-13 03:28:12+00:00
P00126,Discharge,2026-09-13 03:51:12+00:00
P00127,Patient Arrival,2026-08-08 13:48:41+00:00
P00127,Registration,2026-08-08 14:15:41+00:00
P00127,Waiting,2026-08-08 15:39:41+00:00
P00127,Doctor Consultation,2026-08-08 15:55:41+00:00
P00127,Diagnosis,2026-08-08 16:37:41+00:00
P00127,Ward Transfer,2026-08-08 17:25:41+00:00
P00127,Treatment,2026-08-08 19:11:41+00:00
P00127,Pharmacy,2026-08-08 19:40:41+00:00
P00127,Billing,2026-08-08 20:09:41+00:00
P00127,Discharge,2026-08-08 20:53:41+00:00
P00129,Patient Arrival,2026-11-20 08:29:28+00:00
P00129,Registration,2026-11-20 09:16:28+00:00
P00129,Waiting,2026-11-20 10:30:28+00:00
P00129,Doctor Consultation,2026-11-20 11:05:28+00:00
P00129,Urine Test,2026-11-20 11:15:28+00:00
P00129,Doctor Consultation,2026-11-20 11:52:28+00:00
P00129,Diagnosis,2026-11-20 12:17:28+00:00
P00129,Treatment,2026-11-20 14:17:28+00:00
P00129,Pharmacy,2026-11-20 14:46:28+00:00
P00129,Billing,2026-11-20 15:32:28+00:00
P00129,Discharge,2026-11-20 15:47:28+00:00
P00131,Patient Arrival,2026-01-25 09:26:16+00:00
P00131,Registration,2026-01-25 09:33:16+00:00
P00131,Waiting,2026-01-25 11:13:16+00:00
P00131,Doctor Consultation,2026-01-25 11:56:16+00:00
P00131,Blood Test,2026-01-25 12:30:16+00:00
P00131,Blood Test,2026-01-25 12:30:16+00:00
P00131,Doctor Consultation,2026-01-25 13:09:16+00:00
P00131,Diagnosis,2026-01-25 13:28:16+00:00
P00131,Treatment,2026-01-25 15:25:16+00:00
P00131,Pharmacy,2026-01-25 15:51:16+00:00
P00131,Billing,2026-01-25 16:22:16+00:00
P00131,Discharge,2026-01-25 16:50:16+00:00
P00133,Patient Arrival,2026-01-21 16:23:55+00:00
P00133,Registration,2026-01-21 16:38:55+00:00
P00133,Waiting,2026-01-21 18:19:55+00:00
P00133,Doctor Consultation,2026-01-21 19:06:55+00:00
P00133,Diagnosis,2026-01-21 19:33:55+00:00
P00133,Treatment,2026-01-21 20:09:55+00:00
P00133,Pharmacy,2026-01-21 20:24:55+00:00
P00133,Billing,2026-01-21 21:19:55+00:00
P00133,Discharge,2026-01-21 21:41:55+00:00
P00136,Patient Arrival,2026-09-18 14:28:15+00:00
P00136,Registration,2026-09-18 14:46:15+00:00
P00136,Waiting,2026-09-18 16:05:15+00:00
P00136,Doctor Consultation,2026-09-18 16:41:15+00:00
P00136,Urine Test,2026-09-18 17:26:15+00:00
P00136,Doctor Consultation,2026-09-18 17:56:15+00:00
P00136,Diagnosis,2026-09-18 18:25:15+00:00
P00136,Treatment,2026-09-18 19:31:15+00:00
P00136,Pharmacy,2026-09-18 19:51:15+00:00
P00136,Billing,2026-09-18 20:30:15+00:00
P00136,Discharge,2026-09-18 21:16:15+00:00
P00137,Patient Arrival,2026-05-01 07:21:25+00:00
P00137,Registration,2026-05-01 07:44:25+00:00
P00137,Waiting,2026-05-01 09:23:25+00:00
P00137,Doctor Consultation,2026-05-01 09:46:25+00:00
P00137,Diagnosis,2026-05-01 10:23:25+00:00
P00137,Treatment,2026-05-01 11:37:25+00:00
P00137,Pharmacy,2026-05-01 12:21:25+00:00
P00137,Billing,2026-05-01 13:05:25+00:00
P00137,Discharge,2026-05-01 13:43:25+00:00
P00138,Patient Arrival,2026-04-26 05:17:55+00:00
P00138,Registration,2026-04-26 05:46:55+00:00
P00138,Waiting,2026-04-26 06:41:55+00:00
P00138,Doctor Consultation,2026-04-26 07:16:55+00:00
P00138,Diagnosis,2026-04-26 07:50:55+00:00
P00138,Treatment,2026-04-26 08:30:55+00:00
P00138,Pharmacy,2026-04-26 08:47:55+00:00
P00138,Billing,2026-04-26 09:31:55+00:00
P00138,Discharge,2026-04-26 09:53:55+00:00
P00142,Patient Arrival,2026-04-20 18:47:10+00:00
P00142,Registration,2026-04-20 19:22:10+00:00
P00142,Waiting,2026-04-20 20:24:10+00:00
P00142,Doctor Consultation,2026-04-20 21:04:10+00:00
P00142,Diagnosis,2026-04-20 21:57:10+00:00
P00142,Ward Transfer,2026-04-20 22:42:10+00:00
P00142,Treatment,2026-04-21 00:19:10+00:00
P00142,Pharmacy,2026-04-21 00:44:10+00:00
P00142,Billing,2026-04-21 01:05:10+00:00
P00142,Billing,2026-04-21 01:05:10+00:00
P00142,Discharge,2026-04-21 01:54:10+00:00
P00143,Patient Arrival,2026-07-06 23:39:46+00:00
P00143,Registration,2026-07-07 00:15:46+00:00
P00143,Waiting,2026-07-07 01:39:46+00:00
P00143,Doctor Consultation,2026-07-07 02:03:46+00:00
P00143,Diagnosis,2026-07-07 02:24:46+00:00
P00143,Treatment,2026-07-07 03:28:46+00:00
P00143,Pharmacy,2026-07-07 03:46:46+00:00
P00143,Billing,2026-07-07 04:37:46+00:00
P00143,Discharge,2026-07-07 05:12:46+00:00
P00145,Patient Arrival,2026-12-28 16:50:37+00:00
P00145,Registration,2026-12-28 17:20:37+00:00
P00145,Waiting,2026-12-28 18:50:37+00:00
P00145,Doctor Consultation,2026-12-28 19:04:37+00:00
P00145,Diagnosis,2026-12-28 19:20:37+00:00
P00145,Ward Transfer,2026-12-28 19:58:37+00:00
P00145,Treatment,2026-12-28 21:09:37+00:00
P00145,Treatment,2026-12-28 21:09:37+00:00
P00145,Pharmacy,2026-12-28 21:27:37+00:00
P00145,Billing,2026-12-28 22:00:37+00:00
P00145,Discharge,2026-12-28 22:11:37+00:00
P00152,Patient Arrival,2026-06-01 23:55:33+00:00
P00152,Registration,2026-06-02 00:29:33+00:00
P00152,Waiting,2026-06-02 01:13:33+00:00
P00152,Doctor Consultation,2026-06-02 01:47:33+00:00
P00152,Urine Test,2026-06-02 02:32:33+00:00
P00152,Doctor Consultation,2026-06-02 03:11:33+00:00
P00152,Diagnosis,2026-06-02 03:34:33+00:00
P00152,Ward Transfer,2026-06-02 04:01:33+00:00
P00152,Treatment,2026-06-02 04:45:33+00:00
P00152,Pharmacy,2026-06-02 04:54:33+00:00
P00152,Billing,2026-06-02 05:20:33+00:00
P00152,Discharge,2026-06-02 06:08:33+00:00
P00153,Patient Arrival,2026-10-12 23:49:19+00:00
P00153,Registration,2026-10-13 00:22:19+00:00
P00153,Waiting,2026-10-13 01:26:19+00:00
P00153,Doctor Consultation,2026-10-13 01:59:19+00:00
P00153,X-Ray,2026-10-13 02:40:19+00:00
P00153,Doctor Consultation,2026-10-13 03:05:19+00:00
P00153,Diagnosis,2026-10-13 03:31:19+00:00
P00153,Treatment,2026-10-13 05:41:19+00:00
P00153,Pharmacy,2026-10-13 05:53:19+00:00
P00153,Billing,2026-10-13 06:13:19+00:00
P00153,Discharge,2026-10-13 06:38:19+00:00
P00158,Patient Arrival,2026-05-31 12:18:25+00:00
P00158,Registration,2026-05-31 12:45:25+00:00
P00158,Waiting,2026-05-31 13:45:25+00:00
P00158,Doctor Consultation,2026-05-31 14:13:25+00:00
P00158,Blood Test,2026-05-31 14:43:25+00:00
P00158,Doctor Consultation,2026-05-31 15:18:25+00:00
P00158,Diagnosis,2026-05-31 15:54:25+00:00
P00158,Treatment,2026-05-31 18:09:25+00:00
P00158,Pharmacy,2026-05-31 18:40:25+00:00
P00158,Billing,2026-05-31 19:16:25+00:00
P00158,Discharge,2026-05-31 19:56:25+00:00
P00160,Patient Arrival,2026-04-26 04:16:50+00:00
P00160,Registration,2026-04-26 04:59:50+00:00
P00160,Waiting,2026-04-26 05:53:50+00:00
P00160,Doctor Consultation,2026-04-26 06:05:50+00:00
P00160,Blood Test,2026-04-26 06:24:50+00:00
P00160,Doctor Consultation,2026-04-26 06:52:50+00:00
P00160,Diagnosis,2026-04-26 07:26:50+00:00
P00160,Treatment,2026-04-26 08:20:50+00:00
P00160,Pharmacy,2026-04-26 08:45:50+00:00
P00160,Billing,2026-04-26 09:07:50+00:00
P00160,Discharge,2026-04-26 09:46:50+00:00
P00163,Patient Arrival,2026-10-30 16:46:21+00:00
P00163,Registration,2026-10-30 17:11:21+00:00
P00163,Waiting,2026-10-30 18:10:21+00:00
P00163,Doctor Consultation,2026-10-30 18:43:21+00:00
P00163,Diagnosis,2026-10-30 19:20:21+00:00
P00163,Treatment,2026-10-30 20:08:21+00:00
P00163,Pharmacy,2026-10-30 20:43:21+00:00
P00163,Billing,2026-10-30 20:58:21+00:00
P00163,Discharge,2026-10-30 21:33:21+00:00
P00164,Patient Arrival,2026-06-22 18:04:50+00:00
P00164,Registration,2026-06-22 18:38:50+00:00
P00164,Waiting,2026-06-22 20:35:50+00:00
P00164,Doctor Consultation,2026-06-22 21:08:50+00:00
P00164,Diagnosis,2026-06-22 21:29:50+00:00
P00164,Treatment,2026-06-22 22:46:50+00:00
P00164,Pharmacy,2026-06-22 23:31:50+00:00
P00164,Billing,2026-06-23 00:13:50+00:00
P00164,Discharge,2026-06-23 00:29:50+00:00
P00165,Patient Arrival,2026-10-14 01:32:12+00:00
P00165,Registration,2026-10-14 02:19:12+00:00
P00165,Waiting,2026-10-14 03:14:12+00:00
P00165,Doctor Consultation,2026-10-14 03:38:12+00:00
P00165,Diagnosis,2026-10-14 04:01:12+00:00
P00165,Ward Transfer,2026-10-14 04:32:12+00:00
P00165,Treatment,2026-10-14 05:20:12+00:00
P00165,Pharmacy,2026-10-14 05:44:12+00:00
P00165,Billing,2026-10-14 06:18:12+00:00
P00165,Discharge,2026-10-14 06:36:12+00:00
P00168,Patient Arrival,2026-10-04 19:06:30+00:00
P00168,Registration,2026-10-04 19:36:30+00:00
P00168,Waiting,2026-10-04 21:05:30+00:00
P00168,Doctor Consultation,2026-10-04 21:22:30+00:00
P00168,Blood Test,2026-10-04 21:35:30+00:00
P00168,Doctor Consultation,2026-10-04 21:50:30+00:00
P00168,Diagnosis,2026-10-04 22:05:30+00:00
P00168,Treatment,2026-10-04 23:19:30+00:00
P00168,Pharmacy,2026-10-04 23:39:30+00:00
P00168,Billing,2026-10-05 00:11:30+00:00
P00168,Discharge,2026-10-05 00:29:30+00:00
P00171,Patient Arrival,2026-01-29 23:47:23+00:00
P00171,Registration,2026-01-30 00:21:23+00:00
P00171,Waiting,2026-01-30 01:08:23+00:00
P00171,Doctor Consultation,2026-01-30 01:36:23+00:00
P00171,X-Ray,2026-01-30 02:18:23+00:00
P00171,Doctor Consultation,2026-01-30 02:39:23+00:00
P00171,Diagnosis,2026-01-30 03:09:23+00:00
P00171,Treatment,2026-01-30 04:47:23+00:00
P00171,Pharmacy,2026-01-30 05:17:23+00:00
P00171,Billing,2026-01-30 05:56:23+00:00
P00171,Discharge,2026-01-30 06:26:23+00:00
P00172,Patient Arrival,2026-10-31 09:13:39+00:00
P00172,Registration,2026-10-31 09:37:39+00:00
P00172,Waiting,2026-10-31 11:00:39+00:00
P00172,Doctor Consultation,2026-10-31 11:10:39+00:00
P00172,Blood Test,2026-10-31 11:39:39+00:00
P00172,Doctor Consultation,2026-10-31 12:00:39+00:00
P00172,Diagnosis,2026-10-31 12:53:39+00:00
P00172,Treatment,2026-10-31 14:10:39+00:00
P00172,Pharmacy,2026-10-31 14:28:39+00:00
P00172,Billing,2026-10-31 14:41:39+00:00
P00172,Discharge,2026-10-31 15:17:39+00:00
P00174,Patient Arrival,2026-11-25 20:59:25+00:00
P00174,Registration,2026-11-25 21:20:25+00:00
P00174,Waiting,2026-11-25 22:44:25+00:00
P00174,Doctor Consultation,2026-11-25 23:31:25+00:00
P00174,Blood Test,2026-11-25 23:49:25+00:00
P00174,Doctor Consultation,2026-11-26 00:30:25+00:00
P00174,Diagnosis,2026-11-26 01:01:25+00:00
P00174,Ward Transfer,2026-11-26 01:27:25+00:00
P00174,Treatment,2026-11-26 02:48:25+00:00
P00174,Pharmacy,2026-11-26 03:27:25+00:00
P00174,Billing,2026-11-26 03:47:25+00:00
P00174,Discharge,2026-11-26 04:17:25+00:00
P00175,Patient Arrival,2026-09-07 07:13:09+00:00
P00175,Registration,2026-09-07 07:50:09+00:00
P00175,Waiting,2026-09-07 08:38:09+00:00
P00175,Doctor Consultation,2026-09-07 09:29:09+00:00
P00175,Diagnosis,2026-09-07 10:14:09+00:00
P00175,Treatment,2026-09-07 11:07:09+00:00
P00175,Pharmacy,2026-09-07 11:43:09+00:00
P00175,Billing,2026-09-07 12:10:09+00:00
P00175,Discharge,2026-09-07 12:47:09+00:00
P00177,Patient Arrival,2026-06-12 03:18:12+00:00
P00177,Registration,2026-06-12 03:38:12+00:00
P00177,Waiting,2026-06-12 05:07:12+00:00
P00177,Doctor Consultation,2026-06-12 05:36:12+00:00
P00177,Diagnosis,2026-06-12 06:05:12+00:00
P00177,Treatment,2026-06-12 06:46:12+00:00
P00177,Pharmacy,2026-06-12 07:12:12+00:00
P00177,Billing,2026-06-12 07:46:12+00:00
P00177,Discharge,2026-06-12 08:23:12+00:00
P00179,Patient Arrival,2026-05-13 11:31:28+00:00
P00179,Registration,2026-05-13 12:09:28+00:00
P00179,Waiting,2026-05-13 14:04:28+00:00
P00179,Doctor Consultation,2026-05-13 14:31:28+00:00
P00179,Diagnosis,2026-05-13 14:49:28+00:00
P00179,Treatment,2026-05-13 16:13:28+00:00
P00179,Pharmacy,2026-05-13 16:44:28+00:00
P00179,Billing,2026-05-13 17:19:28+00:00
P00179,Discharge,2026-05-13 17:56:28+00:00
P00186,Patient Arrival,2026-08-31 09:39:57+00:00
P00186,Registration,2026-08-31 10:17:57+00:00
P00186,Waiting,2026-08-31 12:01:57+00:00
P00186,Doctor Consultation,2026-08-31 12:25:57+00:00
P00186,ECG,2026-08-31 12:53:57+00:00
P00186,Doctor Consultation,2026-08-31 13:35:57+00:00
P00186,Diagnosis,2026-08-31 14:17:57+00:00
P00186,Treatment,2026-08-31 16:24:57+00:00
P00186,Pharmacy,2026-08-31 16:47:57+00:00
P00186,Billing,2026-08-31 17:22:57+00:00
P00186,Discharge,2026-08-31 17:59:57+00:00
P00188,Patient Arrival,2026-07-04 07:56:55+00:00
P00188,Registration,2026-07-04 08:34:55+00:00
P00188,Waiting,2026-07-04 09:57:55+00:00
P00188,Doctor Consultation,2026-07-04 10:38:55+00:00
P00188,Diagnosis,2026-07-04 11:05:55+00:00
P00188,Treatment,2026-07-04 12:23:55+00:00
P00188,Pharmacy,2026-07-04 12:37:55+00:00
P00188,Billing,2026-07-04 13:09:55+00:00
P00188,Discharge,2026-07-04 13:47:55+00:00
P00189,Patient Arrival,2026-08-28 18:51:03+00:00
P00189,Registration,2026-08-28 18:59:03+00:00
P00189,Waiting,2026-08-28 20:09:03+00:00
P00189,Doctor Consultation,2026-08-28 20:25:03+00:00
P00189,Urine Test,2026-08-28 20:48:03+00:00
P00189,Doctor Consultation,2026-08-28 21:02:03+00:00
P00189,Diagnosis,2026-08-28 21:40:03+00:00
P00189,Ward Transfer,2026-08-28 21:48:03+00:00
P00189,Treatment,2026-08-28 23:49:03+00:00
P00189,Pharmacy,2026-08-29 00:22:03+00:00
P00189,Pharmacy,2026-08-29 00:22:03+00:00
P00189,Billing,2026-08-29 01:11:03+00:00
P00189,Discharge,2026-08-29 01:34:03+00:00
P00192,Patient Arrival,2026-08-30 01:10:22+00:00
P00192,Registration,2026-08-30 01:42:22+00:00
P00192,Waiting,2026-08-30 02:50:22+00:00
P00192,Doctor Consultation,2026-08-30 03:15:22+00:00
P00192,Diagnosis,2026-08-30 03:38:22+00:00
P00192,Treatment,2026-08-30 04:47:22+00:00
P00192,Pharmacy,2026-08-30 05:31:22+00:00
P00192,Billing,2026-08-30 05:53:22+00:00
P00192,Discharge,2026-08-30 06:24:22+00:00
P00193,Patient Arrival,2026-01-08 17:00:32+00:00
P00193,Registration,2026-01-08 17:32:32+00:00
P00193,Waiting,2026-01-08 18:25:32+00:00
P00193,Doctor Consultation,2026-01-08 19:04:32+00:00
P00193,X-Ray,2026-01-08 19:47:32+00:00
P00193,Doctor Consultation,2026-01-08 20:15:32+00:00
P00193,Diagnosis,2026-01-08 20:59:32+00:00
P00193,Ward Transfer,2026-01-08 21:27:32+00:00
P00193,Treatment,2026-01-08 22:11:32+00:00
P00193,Pharmacy,2026-01-08 22:45:32+00:00
P00193,Billing,2026-01-08 23:32:32+00:00
P00193,Discharge,2026-01-09 00:04:32+00:00
P00194,Patient Arrival,2026-10-14 02:54:01+00:00
P00194,Registration,2026-10-14 03:45:01+00:00
P00194,Waiting,2026-10-14 05:24:01+00:00
P00194,Doctor Consultation,2026-10-14 05:48:01+00:00
P00194,Diagnosis,2026-10-14 06:32:01+00:00
P00194,Ward Transfer,2026-10-14 06:55:01+00:00
P00194,Treatment,2026-10-14 08:26:01+00:00
P00194,Pharmacy,2026-10-14 09:17:01+00:00
P00194,Billing,2026-10-14 09:34:01+00:00
P00194,Discharge,2026-10-14 09:47:01+00:00
P00197,Patient Arrival,2026-10-02 02:35:10+00:00
P00197,Registration,2026-10-02 03:15:10+00:00
P00197,Waiting,2026-10-02 04:39:10+00:00
P00197,Doctor Consultation,2026-10-02 05:07:10+00:00
P00197,Diagnosis,2026-10-02 05:32:10+00:00
P00197,Ward Transfer,2026-10-02 06:20:10+00:00
P00197,Treatment,2026-10-02 07:39:10+00:00
P00197,Pharmacy,2026-10-02 08:17:10+00:00
P00197,Billing,2026-10-02 08:58:10+00:00
P00197,Discharge,2026-10-02 09:35:10+00:00
P00201,Patient Arrival,2026-03-29 23:45:43+00:00
P00201,Registration,2026-03-30 00:16:43+00:00
P00201,Waiting,2026-03-30 01:46:43+00:00
P00201,Doctor Consultation,2026-03-30 02:31:43+00:00
P00201,Urine Test,2026-03-30 03:15:43+00:00
P00201,Doctor Consultation,2026-03-30 03:50:43+00:00
P00201,Diagnosis,2026-03-30 04:10:43+00:00
P00201,Treatment,2026-03-30 04:58:43+00:00
P00201,Pharmacy,2026-03-30 05:31:43+00:00
P00201,Billing,2026-03-30 06:14:43+00:00
P00201,Discharge,2026-03-30 06:24:43+00:00
P00202,Patient Arrival,2026-08-03 02:19:27+00:00
P00202,Registration,2026-08-03 02:48:27+00:00
P00202,Waiting,2026-08-03 03:33:27+00:00
P00202,Doctor Consultation,2026-08-03 04:02:27+00:00
P00202,Diagnosis,2026-08-03 04:44:27+00:00
P00202,Treatment,2026-08-03 06:07:27+00:00
P00202,Pharmacy,2026-08-03 06:35:27+00:00
P00202,Billing,2026-08-03 07:01:27+00:00
P00202,Discharge,2026-08-03 07:39:27+00:00
P00203,Patient Arrival,2026-09-09 05:00:17+00:00
P00203,Registration,2026-09-09 05:48:17+00:00
P00203,Waiting,2026-09-09 07:07:17+00:00
P00203,Doctor Consultation,2026-09-09 07:25:17+00:00
P00203,ECG,2026-09-09 08:11:17+00:00
P00203,Doctor Consultation,2026-09-09 08:31:17+00:00
P00203,Diagnosis,2026-09-09 09:25:17+00:00
P00203,Treatment,2026-09-09 11:36:17+00:00
P00203,Pharmacy,2026-09-09 11:56:17+00:00
P00203,Billing,2026-09-09 12:09:17+00:00
P00203,Discharge,2026-09-09 12:51:17+00:00
P00204,Patient Arrival,2026-03-10 08:04:19+00:00
P00204,Registration,2026-03-10 08:37:19+00:00
P00204,Waiting,2026-03-10 09:43:19+00:00
P00204,Doctor Consultation,2026-03-10 10:13:19+00:00
P00204,Diagnosis,2026-03-10 10:51:19+00:00
P00204,Ward Transfer,2026-03-10 11:42:19+00:00
P00204,Treatment,2026-03-10 12:57:19+00:00
P00204,Pharmacy,2026-03-10 13:35:19+00:00
P00204,Billing,2026-03-10 14:17:19+00:00
P00204,Discharge,2026-03-10 14:31:19+00:00
P00206,Patient Arrival,2026-09-07 09:58:53+00:00
P00206,Registration,2026-09-07 10:13:53+00:00
P00206,Waiting,2026-09-07 11:57:53+00:00
P00206,Doctor Consultation,2026-09-07 12:31:53+00:00
P00206,Diagnosis,2026-09-07 13:07:53+00:00
P00206,Ward Transfer,2026-09-07 13:45:53+00:00
P00206,Treatment,2026-09-07 14:41:53+00:00
P00206,Pharmacy,2026-09-07 14:55:53+00:00
P00206,Billing,2026-09-07 15:18:53+00:00
P00206,Discharge,2026-09-07 15:58:53+00:00
P00207,Patient Arrival,2026-06-28 14:04:34+00:00
P00207,Registration,2026-06-28 14:41:34+00:00
P00207,Waiting,2026-06-28 15:19:34+00:00
P00207,Doctor Consultation,2026-06-28 15:48:34+00:00
P00207,X-Ray,2026-06-28 16:33:34+00:00
P00207,Doctor Consultation,2026-06-28 17:08:34+00:00
P00207,Diagnosis,2026-06-28 17:46:34+00:00
P00207,Ward Transfer,2026-06-28 18:03:34+00:00
P00207,Treatment,2026-06-28 18:57:34+00:00
P00207,Pharmacy,2026-06-28 19:18:34+00:00
P00207,Billing,2026-06-28 19:38:34+00:00
P00207,Discharge,2026-06-28 20:11:34+00:00
P00209,Patient Arrival,2026-12-30 19:12:29+00:00
P00209,Registration,2026-12-30 19:51:29+00:00
P00209,Waiting,2026-12-30 20:57:29+00:00
P00209,Doctor Consultation,2026-12-30 21:26:29+00:00
P00209,Blood Test,2026-12-30 21:51:29+00:00
P00209,Doctor Consultation,2026-12-30 22:16:29+00:00
P00209,Diagnosis,2026-12-30 22:48:29+00:00
P00209,Treatment,2026-12-31 00:54:29+00:00
P00209,Pharmacy,2026-12-31 01:17:29+00:00
P00209,Billing,2026-12-31 01:43:29+00:00
P00209,Discharge,2026-12-31 02:14:29+00:00
P00213,Patient Arrival,2026-11-08 19:42:06+00:00
P00213,Patient Arrival,2026-11-08 19:42:06+00:00
P00213,Registration,2026-11-08 20:12:06+00:00
P00213,Waiting,2026-11-08 22:01:06+00:00
P00213,Doctor Consultation,2026-11-08 22:35:06+00:00
P00213,Diagnosis,2026-11-08 23:03:06+00:00
P00213,Ward Transfer,2026-11-08 23:38:06+00:00
P00213,Treatment,2026-11-09 00:47:06+00:00
P00213,Pharmacy,2026-11-09 01:26:06+00:00
P00213,Billing,2026-11-09 01:53:06+00:00
P00213,Discharge,2026-11-09 02:20:06+00:00
P00215,Patient Arrival,2026-05-08 18:50:40+00:00
P00215,Registration,2026-05-08 19:19:40+00:00
P00215,Waiting,2026-05-08 20:20:40+00:00
P00215,Doctor Consultation,2026-05-08 20:52:40+00:00
P00215,Diagnosis,2026-05-08 21:22:40+00:00
P00215,Treatment,2026-05-08 22:00:40+00:00
P00215,Pharmacy,2026-05-08 22:25:40+00:00
P00215,Billing,2026-05-08 23:00:40+00:00
P00215,Discharge,2026-05-08 23:24:40+00:00
P00216,Patient Arrival,2026-01-22 22:58:47+00:00
P00216,Registration,2026-01-22 23:16:47+00:00
P00216,Waiting,2026-01-22 23:45:47+00:00
P00216,Doctor Consultation,2026-01-23 00:16:47+00:00
P00216,Urine Test,2026-01-23 01:05:47+00:00
P00216,Doctor Consultation,2026-01-23 01:36:47+00:00
P00216,Diagnosis,2026-01-23 02:23:47+00:00
P00216,Treatment,2026-01-23 04:35:47+00:00
P00216,Pharmacy,2026-01-23 05:15:47+00:00
P00216,Billing,2026-01-23 06:06:47+00:00
P00216,Discharge,2026-01-23 06:45:47+00:00
P00217,Patient Arrival,2026-06-04 02:57:34+00:00
P00217,Registration,2026-06-04 03:22:34+00:00
P00217,Waiting,2026-06-04 04:43:34+00:00
P00217,Doctor Consultation,2026-06-04 05:29:34+00:00
P00217,X-Ray,2026-06-04 06:10:34+00:00
P00217,Doctor Consultation,2026-06-04 06:18:34+00:00
P00217,Diagnosis,2026-06-04 06:39:34+00:00
P00217,Treatment,2026-06-04 08:02:34+00:00
P00217,Pharmacy,2026-06-04 08:27:34+00:00
P00217,Billing,2026-06-04 09:06:34+00:00
P00217,Discharge,2026-06-04 09:43:34+00:00
P00221,Patient Arrival,2026-10-22 00:34:10+00:00
P00221,Registration,2026-10-22 00:51:10+00:00
P00221,Waiting,2026-10-22 01:50:10+00:00
P00221,Waiting,2026-10-22 01:50:10+00:00
P00221,Doctor Consultation,2026-10-22 02:21:10+00:00
P00221,Diagnosis,2026-10-22 03:08:10+00:00
P00221,Treatment,2026-10-22 04:05:10+00:00
P00221,Pharmacy,2026-10-22 04:15:10+00:00
P00221,Billing,2026-10-22 04:48:10+00:00
P00221,Discharge,2026-10-22 05:18:10+00:00
P00222,Patient Arrival,2026-05-15 19:09:33+00:00
P00222,Registration,2026-05-15 19:50:33+00:00
P00222,Waiting,2026-05-15 20:48:33+00:00
P00222,Doctor Consultation,2026-05-15 21:10:33+00:00
P00222,Blood Test,2026-05-15 21:59:33+00:00
P00222,Doctor Consultation,2026-05-15 22:33:33+00:00
P00222,Diagnosis,2026-05-15 23:09:33+00:00
P00222,Treatment,2026-05-16 01:22:33+00:00
P00222,Pharmacy,2026-05-16 02:04:33+00:00
P00222,Billing,2026-05-16 02:40:33+00:00
P00222,Discharge,2026-05-16 03:30:33+00:00
P00223,Patient Arrival,2026-10-25 20:41:08+00:00
P00223,Registration,2026-10-25 21:21:08+00:00
P00223,Waiting,2026-10-25 22:10:08+00:00
P00223,Doctor Consultation,2026-10-25 22:44:08+00:00
P00223,Diagnosis,2026-10-25 23:21:08+00:00
P00223,Diagnosis,2026-10-25 23:21:08+00:00
P00223,Treatment,2026-10-26 01:23:08+00:00
P00223,Pharmacy,2026-10-26 02:11:08+00:00
P00223,Billing,2026-10-26 02:28:08+00:00
P00223,Discharge,2026-10-26 02:41:08+00:00
P00224,Patient Arrival,2026-12-06 02:07:32+00:00
P00224,Registration,2026-12-06 02:59:32+00:00
P00224,Waiting,2026-12-06 04:12:32+00:00
P00224,Doctor Consultation,2026-12-06 05:00:32+00:00
P00224,X-Ray,2026-12-06 05:34:32+00:00
P00224,Doctor Consultation,2026-12-06 06:10:32+00:00
P00224,Diagnosis,2026-12-06 06:40:32+00:00
P00224,Treatment,2026-12-06 07:39:32+00:00
P00224,Pharmacy,2026-12-06 08:17:32+00:00
P00224,Billing,2026-12-06 08:33:32+00:00
P00224,Discharge,2026-12-06 09:24:32+00:00
P00224,Discharge,2026-12-06 09:24:32+00:00
P00227,Patient Arrival,2026-09-01 11:18:44+00:00
P00227,Registration,2026-09-01 11:55:44+00:00
P00227,Waiting,2026-09-01 12:53:44+00:00
P00227,Doctor Consultation,2026-09-01 13:27:44+00:00
P00227,Diagnosis,2026-09-01 13:53:44+00:00
P00227,Ward Transfer,2026-09-01 14:09:44+00:00
P00227,Treatment,2026-09-01 15:37:44+00:00
P00227,Pharmacy,2026-09-01 15:52:44+00:00
P00227,Billing,2026-09-01 16:04:44+00:00
P00227,Discharge,2026-09-01 16:30:44+00:00
P00229,Patient Arrival,2026-02-26 09:48:20+00:00
P00229,Registration,2026-02-26 10:22:20+00:00
P00229,Waiting,2026-02-26 11:36:20+00:00
P00229,Doctor Consultation,2026-02-26 11:52:20+00:00
P00229,Diagnosis,2026-02-26 12:24:20+00:00
P00229,Ward Transfer,2026-02-26 13:10:20+00:00
P00229,Treatment,2026-02-26 14:44:20+00:00
P00229,Pharmacy,2026-02-26 15:14:20+00:00
P00229,Billing,2026-02-26 15:56:20+00:00
P00229,Discharge,2026-02-26 16:46:20+00:00
P00231,Patient Arrival,2026-09-19 23:16:38+00:00
P00231,Registration,2026-09-19 23:44:38+00:00
P00231,Waiting,2026-09-20 00:30:38+00:00
P00231,Doctor Consultation,2026-09-20 01:07:38+00:00
P00231,Diagnosis,2026-09-20 01:25:38+00:00
P00231,Ward Transfer,2026-09-20 01:56:38+00:00
P00231,Treatment,2026-09-20 03:16:38+00:00
P00231,Pharmacy,2026-09-20 03:54:38+00:00
P00231,Billing,2026-09-20 04:15:38+00:00
P00231,Discharge,2026-09-20 04:33:38+00:00
P00234,Patient Arrival,2026-09-10 07:00:16+00:00
P00234,Registration,2026-09-10 07:47:16+00:00
P00234,Waiting,2026-09-10 09:34:16+00:00
P00234,Doctor Consultation,2026-09-10 10:01:16+00:00
P00234,Urine Test,2026-09-10 10:36:16+00:00
P00234,Doctor Consultation,2026-09-10 11:05:16+00:00
P00234,Diagnosis,2026-09-10 11:33:16+00:00
P00234,Ward Transfer,2026-09-10 11:50:16+00:00
P00234,Treatment,2026-09-10 13:34:16+00:00
P00234,Pharmacy,2026-09-10 14:03:16+00:00
P00234,Billing,2026-09-10 14:18:16+00:00
P00234,Discharge,2026-09-10 14:40:16+00:00
P00237,Patient Arrival,2026-04-06 18:48:11+00:00
P00237,Registration,2026-04-06 19:40:11+00:00
P00237,Waiting,2026-04-06 20:06:11+00:00
P00237,Doctor Consultation,2026-04-06 20:43:11+00:00
P00237,Doctor Consultation,2026-04-06 20:43:11+00:00
P00237,Urine Test,2026-04-06 21:09:11+00:00
P00237,Doctor Consultation,2026-04-06 21:41:11+00:00
P00237,Diagnosis,2026-04-06 22:21:11+00:00
P00237,Treatment,2026-04-07 00:27:11+00:00
P00237,Pharmacy,2026-04-07 01:02:11+00:00
P00237,Billing,2026-04-07 01:34:11+00:00
P00237,Discharge,2026-04-07 02:12:11+00:00
P00240,Patient Arrival,2026-04-01 05:34:56+00:00
P00240,Registration,2026-04-01 06:07:56+00:00
P00240,Waiting,2026-04-01 06:48:56+00:00
P00240,Doctor Consultation,2026-04-01 07:26:56+00:00
P00240,Diagnosis,2026-04-01 08:03:56+00:00
P00240,Treatment,2026-04-01 09:54:56+00:00
P00240,Pharmacy,2026-04-01 10:35:56+00:00
P00240,Billing,2026-04-01 11:07:56+00:00
P00240,Billing,2026-04-01 11:07:56+00:00
P00240,Discharge,2026-04-01 11:30:56+00:00
P00241,Patient Arrival,2026-08-28 19:01:36+00:00
P00241,Registration,2026-08-28 19:39:36+00:00
P00241,Waiting,2026-08-28 21:20:36+00:00
P00241,Doctor Consultation,2026-08-28 21:48:36+00:00
P00241,Diagnosis,2026-08-28 22:24:36+00:00
P00241,Treatment,2026-08-28 23:07:36+00:00
P00241,Pharmacy,2026-08-28 23:58:36+00:00
P00241,Billing,2026-08-29 00:23:36+00:00
P00241,Discharge,2026-08-29 00:55:36+00:00
P00242,Patient Arrival,2026-04-18 01:18:09+00:00
P00242,Registration,2026-04-18 01:48:09+00:00
P00242,Waiting,2026-04-18 02:55:09+00:00
P00242,Doctor Consultation,2026-04-18 03:41:09+00:00
P00242,X-Ray,2026-04-18 04:28:09+00:00
P00242,Doctor Consultation,2026-04-18 04:43:09+00:00
P00242,Diagnosis,2026-04-18 04:53:09+00:00
P00242,Treatment,2026-04-18 05:55:09+00:00
P00242,Pharmacy,2026-04-18 06:30:09+00:00
P00242,Pharmacy,2026-04-18 06:30:09+00:00
P00242,Billing,2026-04-18 07:25:09+00:00
P00242,Discharge,2026-04-18 07:55:09+00:00
P00245,Patient Arrival,2026-09-10 17:59:19+00:00
P00245,Patient Arrival,2026-09-10 17:59:19+00:00
P00245,Registration,2026-09-10 18:27:19+00:00
P00245,Waiting,2026-09-10 19:19:19+00:00
P00245,Doctor Consultation,2026-09-10 19:40:19+00:00
P00245,X-Ray,2026-09-10 20:24:19+00:00
P00245,Doctor Consultation,2026-09-10 21:04:19+00:00
P00245,Diagnosis,2026-09-10 21:20:19+00:00
P00245,Ward Transfer,2026-09-10 22:03:19+00:00
P00245,Treatment,2026-09-11 00:16:19+00:00
P00245,Pharmacy,2026-09-11 00:45:19+00:00
P00245,Billing,2026-09-11 01:06:19+00:00
P00245,Discharge,2026-09-11 01:37:19+00:00
P00246,Patient Arrival,2026-07-14 11:45:04+00:00
P00246,Registration,2026-07-14 12:12:04+00:00
P00246,Waiting,2026-07-14 13:35:04+00:00
P00246,Doctor Consultation,2026-07-14 14:20:04+00:00
P00246,Diagnosis,2026-07-14 14:35:04+00:00
P00246,Ward Transfer,2026-07-14 15:15:04+00:00
P00246,Treatment,2026-07-14 17:05:04+00:00
P00246,Pharmacy,2026-07-14 17:59:04+00:00
P00246,Billing,2026-07-14 18:38:04+00:00
P00246,Discharge,2026-07-14 19:17:04+00:00
P00246,Discharge,2026-07-14 19:17:04+00:00
P00251,Patient Arrival,2026-08-20 15:51:30+00:00
P00251,Registration,2026-08-20 16:19:30+00:00
P00251,Waiting,2026-08-20 17:11:30+00:00
P00251,Doctor Consultation,2026-08-20 17:41:30+00:00
P00251,ECG,2026-08-20 18:27:30+00:00
P00251,Doctor Consultation,2026-08-20 18:57:30+00:00
P00251,Diagnosis,2026-08-20 19:21:30+00:00
P00251,Treatment,2026-08-20 20:59:30+00:00
P00251,Pharmacy,2026-08-20 21:40:30+00:00
P00251,Billing,2026-08-20 22:28:30+00:00
P00251,Discharge,2026-08-20 22:41:30+00:00
P00253,Patient Arrival,2026-02-02 04:59:58+00:00
P00253,Registration,2026-02-02 05:36:58+00:00
P00253,Waiting,2026-02-02 06:24:58+00:00
P00253,Doctor Consultation,2026-02-02 07:02:58+00:00
P00253,Diagnosis,2026-02-02 07:18:58+00:00
P00253,Ward Transfer,2026-02-02 07:48:58+00:00
P00253,Treatment,2026-02-02 09:27:58+00:00
P00253,Treatment,2026-02-02 09:27:58+00:00
P00253,Pharmacy,2026-02-02 09:58:58+00:00
P00253,Billing,2026-02-02 10:33:58+00:00
P00253,Discharge,2026-02-02 11:07:58+00:00
P00254,Patient Arrival,2026-05-21 03:04:27+00:00
P00254,Registration,2026-05-21 03:23:27+00:00
P00254,Waiting,2026-05-21 04:27:27+00:00
P00254,Doctor Consultation,2026-05-21 04:58:27+00:00
P00254,Diagnosis,2026-05-21 05:24:27+00:00
P00254,Treatment,2026-05-21 06:20:27+00:00
P00254,Pharmacy,2026-05-21 06:45:27+00:00
P00254,Billing,2026-05-21 07:14:27+00:00
P00254,Discharge,2026-05-21 07:40:27+00:00
P00255,Patient Arrival,2026-01-11 13:09:43+00:00
P00255,Registration,2026-01-11 13:31:43+00:00
P00255,Waiting,2026-01-11 14:47:43+00:00
P00255,Doctor Consultation,2026-01-11 15:13:43+00:00
P00255,Urine Test,2026-01-11 15:46:43+00:00
P00255,Urine Test,2026-01-11 15:46:43+00:00
P00255,Doctor Consultation,2026-01-11 16:35:43+00:00
P00255,Diagnosis,2026-01-11 16:57:43+00:00
P00255,Ward Transfer,2026-01-11 17:22:43+00:00
P00255,Treatment,2026-01-11 18:39:43+00:00
P00255,Pharmacy,2026-01-11 19:06:43+00:00
P00255,Billing,2026-01-11 19:40:43+00:00
P00255,Discharge,2026-01-11 20:21:43+00:00
P00257,Patient Arrival,2026-04-15 18:59:23+00:00
P00257,Registration,2026-04-15 19:27:23+00:00
P00257,Waiting,2026-04-15 20:21:23+00:00
P00257,Doctor Consultation,2026-04-15 20:59:23+00:00
P00257,Diagnosis,2026-04-15 21:35:23+00:00
P00257,Diagnosis,2026-04-15 21:35:23+00:00
P00257,Treatment,2026-04-15 22:42:23+00:00
P00257,Pharmacy,2026-04-15 23:10:23+00:00
P00257,Billing,2026-04-15 23:57:23+00:00
P00257,Discharge,2026-04-16 00:21:23+00:00
P00258,Patient Arrival,2026-05-21 14:25:41+00:00
P00258,Registration,2026-05-21 14:41:41+00:00
P00258,Registration,2026-05-21 14:41:41+00:00
P00258,Waiting,2026-05-21 15:53:41+00:00
P00258,Doctor Consultation,2026-05-21 16:40:41+00:00
P00258,ECG,2026-05-21 17:01:41+00:00
P00258,Doctor Consultation,2026-05-21 17:33:41+00:00
P00258,Diagnosis,2026-05-21 17:55:41+00:00
P00258,Treatment,2026-05-21 19:27:41+00:00
P00258,Pharmacy,2026-05-21 19:57:41+00:00
P00258,Billing,2026-05-21 20:12:41+00:00
P00258,Discharge,2026-05-21 20:47:41+00:00
P00263,Patient Arrival,2026-10-03 10:57:34+00:00
P00263,Registration,2026-10-03 11:39:34+00:00
P00263,Waiting,2026-10-03 12:55:34+00:00
P00263,Doctor Consultation,2026-10-03 13:29:34+00:00
P00263,Diagnosis,2026-10-03 14:04:34+00:00
P00263,Ward Transfer,2026-10-03 14:37:34+00:00
P00263,Treatment,2026-10-03 16:30:34+00:00
P00263,Pharmacy,2026-10-03 17:12:34+00:00
P00263,Billing,2026-10-03 17:49:34+00:00
P00263,Discharge,2026-10-03 18:10:34+00:00
P00265,Patient Arrival,2026-08-15 11:22:27+00:00
P00265,Registration,2026-08-15 12:06:27+00:00
P00265,Waiting,2026-08-15 13:35:27+00:00
P00265,Doctor Consultation,2026-08-15 14:26:27+00:00
P00265,Urine Test,2026-08-15 14:48:27+00:00
P00265,Urine Test,2026-08-15 14:48:27+00:00
P00265,Doctor Consultation,2026-08-15 15:28:27+00:00
P00265,Diagnosis,2026-08-15 15:52:27+00:00
P00265,Treatment,2026-08-15 17:15:27+00:00
P00265,Pharmacy,2026-08-15 17:30:27+00:00
P00265,Billing,2026-08-15 18:04:27+00:00
P00265,Discharge,2026-08-15 18:51:27+00:00
P00271,Patient Arrival,2026-02-08 06:20:45+00:00
P00271,Registration,2026-02-08 06:55:45+00:00
P00271,Waiting,2026-02-08 07:56:45+00:00
P00271,Doctor Consultation,2026-02-08 08:17:45+00:00
P00271,Urine Test,2026-02-08 08:51:45+00:00
P00271,Doctor Consultation,2026-02-08 09:32:45+00:00
P00271,Diagnosis,2026-02-08 09:48:45+00:00
P00271,Treatment,2026-02-08 11:10:45+00:00
P00271,Pharmacy,2026-02-08 11:40:45+00:00
P00271,Billing,2026-02-08 12:01:45+00:00
P00271,Discharge,2026-02-08 12:15:45+00:00
P00272,Patient Arrival,2026-05-14 14:36:05+00:00
P00272,Registration,2026-05-14 15:08:05+00:00
P00272,Waiting,2026-05-14 16:03:05+00:00
P00272,Doctor Consultation,2026-05-14 16:44:05+00:00
P00272,ECG,2026-05-14 17:12:05+00:00
P00272,Doctor Consultation,2026-05-14 17:58:05+00:00
P00272,Diagnosis,2026-05-14 18:47:05+00:00
P00272,Ward Transfer,2026-05-14 19:23:05+00:00
P00272,Treatment,2026-05-14 21:27:05+00:00
P00272,Pharmacy,2026-05-14 21:45:05+00:00
P00272,Billing,2026-05-14 22:36:05+00:00
P00272,Discharge,2026-05-14 23:06:05+00:00
P00273,Patient Arrival,2026-06-15 22:26:02+00:00
P00273,Registration,2026-06-15 23:10:02+00:00
P00273,Waiting,2026-06-16 00:24:02+00:00
P00273,Doctor Consultation,2026-06-16 01:05:02+00:00
P00273,X-Ray,2026-06-16 01:58:02+00:00
P00273,Doctor Consultation,2026-06-16 02:25:02+00:00
P00273,Diagnosis,2026-06-16 02:52:02+00:00
P00273,Treatment,2026-06-16 04:58:02+00:00
P00273,Pharmacy,2026-06-16 05:32:02+00:00
P00273,Billing,2026-06-16 05:42:02+00:00
P00273,Discharge,2026-06-16 06:19:02+00:00
P00275,Patient Arrival,2026-11-11 10:23:28+00:00
P00275,Registration,2026-11-11 11:07:28+00:00
P00275,Waiting,2026-11-11 11:40:28+00:00
P00275,Doctor Consultation,2026-11-11 12:11:28+00:00
P00275,Blood Test,2026-11-11 12:50:28+00:00
P00275,Doctor Consultation,2026-11-11 13:21:28+00:00
P00275,Blood Test,2026-11-11 13:43:28+00:00
P00275,Blood Test,2026-11-11 13:43:28+00:00
P00275,Doctor Consultation,2026-11-11 14:14:28+00:00
P00275,Diagnosis,2026-11-11 14:49:28+00:00
P00275,Treatment,2026-11-11 15:32:28+00:00
P00275,Pharmacy,2026-11-11 15:39:28+00:00
P00275,Billing,2026-11-11 16:17:28+00:00
P00275,Discharge,2026-11-11 16:45:28+00:00
P00276,Patient Arrival,2026-09-18 19:41:25+00:00
P00276,Registration,2026-09-18 20:08:25+00:00
P00276,Waiting,2026-09-18 21:33:25+00:00
P00276,Doctor Consultation,2026-09-18 21:48:25+00:00
P00276,ECG,2026-09-18 22:01:25+00:00
P00276,Doctor Consultation,2026-09-18 22:27:25+00:00
P00276,Diagnosis,2026-09-18 23:13:25+00:00
P00276,Treatment,2026-09-19 01:24:25+00:00
P00276,Pharmacy,2026-09-19 01:57:25+00:00
P00276,Billing,2026-09-19 02:46:25+00:00
P00276,Billing,2026-09-19 02:46:25+00:00
P00276,Discharge,2026-09-19 03:24:25+00:00
P00277,Patient Arrival,2026-05-18 01:13:14+00:00
P00277,Registration,2026-05-18 01:29:14+00:00
P00277,Waiting,2026-05-18 02:17:14+00:00
P00277,Doctor Consultation,2026-05-18 02:56:14+00:00
P00277,Diagnosis,2026-05-18 03:14:14+00:00
P00277,Ward Transfer,2026-05-18 03:47:14+00:00
P00277,Treatment,2026-05-18 04:34:14+00:00
P00277,Pharmacy,2026-05-18 04:43:14+00:00
P00277,Billing,2026-05-18 05:06:14+00:00
P00277,Discharge,2026-05-18 05:25:14+00:00
P00279,Patient Arrival,2026-08-12 13:58:50+00:00
P00279,Registration,2026-08-12 14:33:50+00:00
P00279,Waiting,2026-08-12 15:44:50+00:00
P00279,Doctor Consultation,2026-08-12 16:23:50+00:00
P00279,ECG,2026-08-12 16:54:50+00:00
P00279,Doctor Consultation,2026-08-12 17:30:50+00:00
P00279,Diagnosis,2026-08-12 17:47:50+00:00
P00279,Treatment,2026-08-12 19:36:50+00:00
P00279,Pharmacy,2026-08-12 20:29:50+00:00
P00279,Billing,2026-08-12 20:58:50+00:00
P00279,Discharge,2026-08-12 21:22:50+00:00
P00280,Patient Arrival,2026-07-10 12:14:40+00:00
P00280,Registration,2026-07-10 12:48:40+00:00
P00280,Registration,2026-07-10 12:48:40+00:00
P00280,Waiting,2026-07-10 13:35:40+00:00
P00280,Doctor Consultation,2026-07-10 13:57:40+00:00
P00280,Urine Test,2026-07-10 14:30:40+00:00
P00280,Doctor Consultation,2026-07-10 15:05:40+00:00
P00280,Diagnosis,2026-07-10 15:21:40+00:00
P00280,Ward Transfer,2026-07-10 15:53:40+00:00
P00280,Treatment,2026-07-10 16:44:40+00:00
P00280,Pharmacy,2026-07-10 17:28:40+00:00
P00280,Billing,2026-07-10 17:57:40+00:00
P00280,Discharge,2026-07-10 18:41:40+00:00
P00281,Patient Arrival,2026-03-18 03:08:45+00:00
P00281,Registration,2026-03-18 03:21:45+00:00
P00281,Waiting,2026-03-18 04:36:45+00:00
P00281,Doctor Consultation,2026-03-18 04:55:45+00:00
P00281,Urine Test,2026-03-18 05:32:45+00:00
P00281,Doctor Consultation,2026-03-18 06:10:45+00:00
P00281,Diagnosis,2026-03-18 06:45:45+00:00
P00281,Treatment,2026-03-18 08:31:45+00:00
P00281,Pharmacy,2026-03-18 08:57:45+00:00
P00281,Billing,2026-03-18 09:12:45+00:00
P00281,Discharge,2026-03-18 09:52:45+00:00
P00282,Patient Arrival,2026-07-10 03:32:34+00:00
P00282,Registration,2026-07-10 04:08:34+00:00
P00282,Waiting,2026-07-10 05:24:34+00:00
P00282,Waiting,2026-07-10 05:24:34+00:00
P00282,Doctor Consultation,2026-07-10 05:32:34+00:00
P00282,Blood Test,2026-07-10 06:03:34+00:00
P00282,Doctor Consultation,2026-07-10 06:42:34+00:00
P00282,Diagnosis,2026-07-10 07:36:34+00:00
P00282,Treatment,2026-07-10 09:39:34+00:00
P00282,Pharmacy,2026-07-10 10:10:34+00:00
P00282,Billing,2026-07-10 10:40:34+00:00
P00282,Discharge,2026-07-10 11:18:34+00:00
P00283,Patient Arrival,2026-03-07 16:12:16+00:00
P00283,Registration,2026-03-07 16:43:16+00:00
P00283,Waiting,2026-03-07 17:45:16+00:00
P00283,Doctor Consultation,2026-03-07 18:35:16+00:00
P00283,Urine Test,2026-03-07 19:23:16+00:00
P00283,Doctor Consultation,2026-03-07 19:33:16+00:00
P00283,Diagnosis,2026-03-07 20:00:16+00:00
P00283,Treatment,2026-03-07 20:51:16+00:00
P00283,Pharmacy,2026-03-07 21:24:16+00:00
P00283,Billing,2026-03-07 21:47:16+00:00
P00283,Discharge,2026-03-07 22:19:16+00:00
P00285,Patient Arrival,2026-02-10 02:54:25+00:00
P00285,Registration,2026-02-10 03:19:25+00:00
P00285,Waiting,2026-02-10 04:10:25+00:00
P00285,Doctor Consultation,2026-02-10 04:40:25+00:00
P00285,Diagnosis,2026-02-10 05:27:25+00:00
P00285,Ward Transfer,2026-02-10 05:50:25+00:00
P00285,Treatment,2026-02-10 07:58:25+00:00
P00285,Pharmacy,2026-02-10 08:15:25+00:00
P00285,Billing,2026-02-10 08:33:25+00:00
P00285,Discharge,2026-02-10 09:11:25+00:00
P00291,Patient Arrival,2026-06-11 05:23:27+00:00
P00291,Registration,2026-06-11 06:10:27+00:00
P00291,Waiting,2026-06-11 07:27:27+00:00
P00291,Doctor Consultation,2026-06-11 07:50:27+00:00
P00291,Diagnosis,2026-06-11 08:32:27+00:00
P00291,Treatment,2026-06-11 10:04:27+00:00
P00291,Pharmacy,2026-06-11 10:17:27+00:00
P00291,Billing,2026-06-11 10:55:27+00:00
P00291,Discharge,2026-06-11 11:21:27+00:00
P00292,Patient Arrival,2026-12-08 01:46:25+00:00
P00292,Registration,2026-12-08 02:14:25+00:00
P00292,Waiting,2026-12-08 03:35:25+00:00
P00292,Doctor Consultation,2026-12-08 04:01:25+00:00
P00292,X-Ray,2026-12-08 04:48:25+00:00
P00292,Doctor Consultation,2026-12-08 05:29:25+00:00
P00292,Diagnosis,2026-12-08 05:56:25+00:00
P00292,Treatment,2026-12-08 07:35:25+00:00
P00292,Pharmacy,2026-12-08 08:08:25+00:00
P00292,Billing,2026-12-08 08:52:25+00:00
P00292,Discharge,2026-12-08 09:41:25+00:00
P00299,Patient Arrival,2026-05-14 18:37:35+00:00
P00299,Registration,2026-05-14 18:54:35+00:00
P00299,Waiting,2026-05-14 19:38:35+00:00
P00299,Doctor Consultation,2026-05-14 19:54:35+00:00
P00299,Urine Test,2026-05-14 20:28:35+00:00
P00299,Doctor Consultation,2026-05-14 21:04:35+00:00
P00299,Diagnosis,2026-05-14 21:35:35+00:00
P00299,Ward Transfer,2026-05-14 22:06:35+00:00
P00299,Treatment,2026-05-14 23:51:35+00:00
P00299,Pharmacy,2026-05-15 00:37:35+00:00
P00299,Billing,2026-05-15 01:26:35+00:00
P00299,Discharge,2026-05-15 02:03:35+00:00
P00300,Patient Arrival,2026-02-10 10:18:28+00:00
P00300,Registration,2026-02-10 10:52:28+00:00
P00300,Waiting,2026-02-10 12:06:28+00:00
P00300,Doctor Consultation,2026-02-10 12:35:28+00:00
P00300,Diagnosis,2026-02-10 13:05:28+00:00
P00300,Treatment,2026-02-10 14:00:28+00:00
P00300,Pharmacy,2026-02-10 14:32:28+00:00
P00300,Billing,2026-02-10 15:13:28+00:00
P00300,Discharge,2026-02-10 15:32:28+00:00
P00303,Patient Arrival,2026-05-30 11:42:12+00:00
P00303,Registration,2026-05-30 12:02:12+00:00
P00303,Waiting,2026-05-30 12:43:12+00:00
P00303,Waiting,2026-05-30 12:43:12+00:00
P00303,Doctor Consultation,2026-05-30 13:25:12+00:00
P00303,Diagnosis,2026-05-30 13:58:12+00:00
P00303,Treatment,2026-05-30 14:58:12+00:00
P00303,Pharmacy,2026-05-30 15:22:12+00:00
P00303,Billing,2026-05-30 15:37:12+00:00
P00303,Discharge,2026-05-30 16:11:12+00:00
P00306,Patient Arrival,2026-01-28 22:09:47+00:00
P00306,Registration,2026-01-28 22:25:47+00:00
P00306,Waiting,2026-01-28 23:40:47+00:00
P00306,Doctor Consultation,2026-01-29 00:20:47+00:00
P00306,Urine Test,2026-01-29 00:52:47+00:00
P00306,Doctor Consultation,2026-01-29 01:35:47+00:00
P00306,Diagnosis,2026-01-29 02:09:47+00:00
P00306,Treatment,2026-01-29 03:24:47+00:00
P00306,Pharmacy,2026-01-29 04:07:47+00:00
P00306,Billing,2026-01-29 04:40:47+00:00
P00306,Discharge,2026-01-29 05:06:47+00:00
P00307,Patient Arrival,2026-08-01 12:59:32+00:00
P00307,Registration,2026-08-01 13:42:32+00:00
P00307,Waiting,2026-08-01 15:14:32+00:00
P00307,Doctor Consultation,2026-08-01 15:51:32+00:00
P00307,Diagnosis,2026-08-01 16:21:32+00:00
P00307,Ward Transfer,2026-08-01 16:43:32+00:00
P00307,Ward Transfer,2026-08-01 16:43:32+00:00
P00307,Treatment,2026-08-01 18:30:32+00:00
P00307,Pharmacy,2026-08-01 18:56:32+00:00
P00307,Billing,2026-08-01 19:27:32+00:00
P00307,Discharge,2026-08-01 19:59:32+00:00
P00308,Patient Arrival,2026-07-17 02:36:11+00:00
P00308,Registration,2026-07-17 02:52:11+00:00
P00308,Waiting,2026-07-17 03:54:11+00:00
P00308,Doctor Consultation,2026-07-17 04:33:11+00:00
P00308,Diagnosis,2026-07-17 05:24:11+00:00
P00308,Treatment,2026-07-17 06:24:11+00:00
P00308,Pharmacy,2026-07-17 06:59:11+00:00
P00308,Billing,2026-07-17 07:24:11+00:00
P00308,Discharge,2026-07-17 07:56:11+00:00
P00312,Patient Arrival,2026-02-16 17:48:22+00:00
P00312,Registration,2026-02-16 18:42:22+00:00
P00312,Waiting,2026-02-16 20:14:22+00:00
P00312,Doctor Consultation,2026-02-16 20:44:22+00:00
P00312,Diagnosis,2026-02-16 21:30:22+00:00
P00312,Ward Transfer,2026-02-16 21:52:22+00:00
P00312,Treatment,2026-02-16 23:25:22+00:00
P00312,Pharmacy,2026-02-16 23:54:22+00:00
P00312,Billing,2026-02-17 00:29:22+00:00
P00312,Discharge,2026-02-17 01:03:22+00:00
P00315,Patient Arrival,2026-03-07 03:42:50+00:00
P00315,Registration,2026-03-07 04:18:50+00:00
P00315,Waiting,2026-03-07 05:24:50+00:00
P00315,Doctor Consultation,2026-03-07 05:52:50+00:00
P00315,ECG,2026-03-07 06:15:50+00:00
P00315,Doctor Consultation,2026-03-07 06:40:50+00:00
P00315,Diagnosis,2026-03-07 07:22:50+00:00
P00315,Treatment,2026-03-07 09:43:50+00:00
P00315,Pharmacy,2026-03-07 10:17:50+00:00
P00315,Billing,2026-03-07 11:01:50+00:00
P00315,Discharge,2026-03-07 11:21:50+00:00
P00316,Patient Arrival,2026-01-18 11:06:46+00:00
P00316,Registration,2026-01-18 11:30:46+00:00
P00316,Waiting,2026-01-18 12:33:46+00:00
P00316,Doctor Consultation,2026-01-18 13:11:46+00:00
P00316,Diagnosis,2026-01-18 13:41:46+00:00
P00316,Treatment,2026-01-18 14:23:46+00:00
P00316,Pharmacy,2026-01-18 15:00:46+00:00
P00316,Billing,2026-01-18 15:15:46+00:00
P00316,Discharge,2026-01-18 15:45:46+00:00
P00319,Patient Arrival,2026-12-07 22:43:02+00:00
P00319,Registration,2026-12-07 23:17:02+00:00
P00319,Waiting,2026-12-08 00:04:02+00:00
P00319,Doctor Consultation,2026-12-08 00:53:02+00:00
P00319,Diagnosis,2026-12-08 01:22:02+00:00
P00319,Ward Transfer,2026-12-08 01:48:02+00:00
P00319,Treatment,2026-12-08 03:39:02+00:00
P00319,Pharmacy,2026-12-08 04:25:02+00:00
P00319,Billing,2026-12-08 04:56:02+00:00
P00319,Discharge,2026-12-08 05:33:02+00:00
P00320,Patient Arrival,2026-04-29 09:21:24+00:00
P00320,Registration,2026-04-29 10:07:24+00:00
P00320,Waiting,2026-04-29 11:31:24+00:00
P00320,Doctor Consultation,2026-04-29 12:01:24+00:00
P00320,Urine Test,2026-04-29 12:28:24+00:00
P00320,Doctor Consultation,2026-04-29 12:55:24+00:00
P00320,Diagnosis,2026-04-29 13:38:24+00:00
P00320,Treatment,2026-04-29 15:01:24+00:00
P00320,Pharmacy,2026-04-29 15:19:24+00:00
P00320,Billing,2026-04-29 15:54:24+00:00
P00320,Discharge,2026-04-29 16:29:24+00:00
P00320,Discharge,2026-04-29 16:29:24+00:00
P00325,Patient Arrival,2026-04-24 15:01:03+00:00
P00325,Registration,2026-04-24 15:15:03+00:00
P00325,Waiting,2026-04-24 16:53:03+00:00
P00325,Doctor Consultation,2026-04-24 17:33:03+00:00
P00325,Diagnosis,2026-04-24 18:14:03+00:00
P00325,Treatment,2026-04-24 19:19:03+00:00
P00325,Pharmacy,2026-04-24 19:52:03+00:00
P00325,Billing,2026-04-24 20:36:03+00:00
P00325,Discharge,2026-04-24 21:06:03+00:00
P00328,Patient Arrival,2026-11-10 23:49:55+00:00
P00328,Registration,2026-11-11 00:27:55+00:00
P00328,Waiting,2026-11-11 01:58:55+00:00
P00328,Doctor Consultation,2026-11-11 02:32:55+00:00
P00328,Diagnosis,2026-11-11 03:07:55+00:00
P00328,Treatment,2026-11-11 04:44:55+00:00
P00328,Pharmacy,2026-11-11 04:53:55+00:00
P00328,Billing,2026-11-11 05:23:55+00:00
P00328,Discharge,2026-11-11 06:17:55+00:00
P00332,Patient Arrival,2026-08-16 23:24:21+00:00
P00332,Registration,2026-08-17 00:04:21+00:00
P00332,Waiting,2026-08-17 01:51:21+00:00
P00332,Doctor Consultation,2026-08-17 02:26:21+00:00
P00332,Diagnosis,2026-08-17 03:05:21+00:00
P00332,Ward Transfer,2026-08-17 03:42:21+00:00
P00332,Treatment,2026-08-17 04:39:21+00:00
P00332,Treatment,2026-08-17 04:39:21+00:00
P00332,Pharmacy,2026-08-17 04:58:21+00:00
P00332,Billing,2026-08-17 05:47:21+00:00
P00332,Discharge,2026-08-17 06:15:21+00:00
P00333,Patient Arrival,2026-11-26 09:27:45+00:00
P00333,Registration,2026-11-26 09:57:45+00:00
P00333,Waiting,2026-11-26 10:31:45+00:00
P00333,Doctor Consultation,2026-11-26 10:59:45+00:00
P00333,X-Ray,2026-11-26 11:40:45+00:00
P00333,Doctor Consultation,2026-11-26 12:11:45+00:00
P00333,Doctor Consultation,2026-11-26 12:11:45+00:00
P00333,Diagnosis,2026-11-26 12:49:45+00:00
P00333,Ward Transfer,2026-11-26 13:18:45+00:00
P00333,Treatment,2026-11-26 14:30:45+00:00
P00333,Pharmacy,2026-11-26 14:58:45+00:00
P00333,Billing,2026-11-26 15:36:45+00:00
P00333,Discharge,2026-11-26 16:11:45+00:00
P00334,Patient Arrival,2026-06-03 18:06:16+00:00
P00334,Registration,2026-06-03 18:28:16+00:00
P00334,Waiting,2026-06-03 19:40:16+00:00
P00334,Doctor Consultation,2026-06-03 20:11:16+00:00
P00334,ECG,2026-06-03 20:57:16+00:00
P00334,Doctor Consultation,2026-06-03 21:34:16+00:00
P00334,Diagnosis,2026-06-03 22:00:16+00:00
P00334,Diagnosis,2026-06-03 22:00:16+00:00
P00334,Ward Transfer,2026-06-03 22:40:16+00:00
P00334,Treatment,2026-06-04 00:26:16+00:00
P00334,Pharmacy,2026-06-04 01:06:16+00:00
P00334,Billing,2026-06-04 01:44:16+00:00
P00334,Discharge,2026-06-04 02:31:16+00:00
P00336,Patient Arrival,2026-02-04 10:17:26+00:00
P00336,Registration,2026-02-04 10:55:26+00:00
P00336,Waiting,2026-02-04 11:39:26+00:00
P00336,Doctor Consultation,2026-02-04 12:06:26+00:00
P00336,Blood Test,2026-02-04 12:31:26+00:00
P00336,Doctor Consultation,2026-02-04 13:03:26+00:00
P00336,Diagnosis,2026-02-04 13:21:26+00:00
P00336,Treatment,2026-02-04 15:28:26+00:00
P00336,Pharmacy,2026-02-04 16:04:26+00:00
P00336,Billing,2026-02-04 16:34:26+00:00
P00336,Discharge,2026-02-04 17:15:26+00:00
P00339,Patient Arrival,2026-07-03 12:52:01+00:00
P00339,Registration,2026-07-03 13:22:01+00:00
P00339,Waiting,2026-07-03 14:07:01+00:00
P00339,Doctor Consultation,2026-07-03 14:38:01+00:00
P00339,X-Ray,2026-07-03 15:15:01+00:00
P00339,Doctor Consultation,2026-07-03 15:49:01+00:00
P00339,Diagnosis,2026-07-03 16:12:01+00:00
P00339,Ward Transfer,2026-07-03 16:47:01+00:00
P00339,Treatment,2026-07-03 17:40:01+00:00
P00339,Pharmacy,2026-07-03 18:00:01+00:00
P00339,Billing,2026-07-03 18:26:01+00:00
P00339,Discharge,2026-07-03 18:52:01+00:00
P00340,Patient Arrival,2026-11-04 15:11:55+00:00
P00340,Registration,2026-11-04 15:39:55+00:00
P00340,Waiting,2026-11-04 16:43:55+00:00
P00340,Doctor Consultation,2026-11-04 17:31:55+00:00
P00340,Diagnosis,2026-11-04 17:59:55+00:00
P00340,Ward Transfer,2026-11-04 18:44:55+00:00
P00340,Treatment,2026-11-04 21:02:55+00:00
P00340,Pharmacy,2026-11-04 21:49:55+00:00
P00340,Pharmacy,2026-11-04 21:49:55+00:00
P00340,Billing,2026-11-04 22:34:55+00:00
P00340,Discharge,2026-11-04 22:44:55+00:00
P00343,Patient Arrival,2026-01-09 02:18:32+00:00
P00343,Registration,2026-01-09 02:47:32+00:00
P00343,Waiting,2026-01-09 03:53:32+00:00
P00343,Doctor Consultation,2026-01-09 04:08:32+00:00
P00343,ECG,2026-01-09 04:59:32+00:00
P00343,Doctor Consultation,2026-01-09 05:21:32+00:00
P00343,Diagnosis,2026-01-09 05:50:32+00:00
P00343,Treatment,2026-01-09 07:00:32+00:00
P00343,Pharmacy,2026-01-09 07:26:32+00:00
P00343,Billing,2026-01-09 07:54:32+00:00
P00343,Discharge,2026-01-09 08:04:32+00:00
P00344,Patient Arrival,2026-11-08 23:52:16+00:00
P00344,Registration,2026-11-09 00:27:16+00:00
P00344,Waiting,2026-11-09 01:48:16+00:00
P00344,Doctor Consultation,2026-11-09 02:21:16+00:00
P00344,Urine Test,2026-11-09 02:42:16+00:00
P00344,Doctor Consultation,2026-11-09 03:09:16+00:00
P00344,Diagnosis,2026-11-09 03:28:16+00:00
P00344,Treatment,2026-11-09 05:09:16+00:00
P00344,Pharmacy,2026-11-09 05:59:16+00:00
P00344,Billing,2026-11-09 06:33:16+00:00
P00344,Discharge,2026-11-09 07:02:16+00:00
P00346,Patient Arrival,2026-03-03 12:34:33+00:00
P00346,Registration,2026-03-03 13:05:33+00:00
P00346,Waiting,2026-03-03 14:20:33+00:00
P00346,Doctor Consultation,2026-03-03 14:47:33+00:00
P00346,Diagnosis,2026-03-03 15:12:33+00:00
P00346,Treatment,2026-03-03 17:25:33+00:00
P00346,Pharmacy,2026-03-03 17:56:33+00:00
P00346,Billing,2026-03-03 18:35:33+00:00
P00346,Discharge,2026-03-03 18:56:33+00:00
P00350,Patient Arrival,2026-04-03 18:42:58+00:00
P00350,Registration,2026-04-03 19:27:58+00:00
P00350,Waiting,2026-04-03 20:22:58+00:00
P00350,Doctor Consultation,2026-04-03 21:08:58+00:00
P00350,ECG,2026-04-03 21:43:58+00:00
P00350,Doctor Consultation,2026-04-03 22:11:58+00:00
P00350,Diagnosis,2026-04-03 22:57:58+00:00
P00350,Treatment,2026-04-04 00:22:58+00:00
P00350,Pharmacy,2026-04-04 00:44:58+00:00
P00350,Billing,2026-04-04 01:30:58+00:00
P00350,Discharge,2026-04-04 02:04:58+00:00
P00352,Patient Arrival,2026-06-20 12:44:27+00:00
P00352,Registration,2026-06-20 13:35:27+00:00
P00352,Waiting,2026-06-20 15:14:27+00:00
P00352,Doctor Consultation,2026-06-20 15:26:27+00:00
P00352,Urine Test,2026-06-20 15:54:27+00:00
P00352,Doctor Consultation,2026-06-20 16:27:27+00:00
P00352,Diagnosis,2026-06-20 16:47:27+00:00
P00352,Treatment,2026-06-20 18:24:27+00:00
P00352,Pharmacy,2026-06-20 18:46:27+00:00
P00352,Billing,2026-06-20 19:31:27+00:00
P00352,Discharge,2026-06-20 19:53:27+00:00
P00354,Patient Arrival,2026-05-05 03:10:24+00:00
P00354,Registration,2026-05-05 03:51:24+00:00
P00354,Waiting,2026-05-05 04:50:24+00:00
P00354,Doctor Consultation,2026-05-05 05:30:24+00:00
P00354,Diagnosis,2026-05-05 05:55:24+00:00
P00354,Treatment,2026-05-05 06:40:24+00:00
P00354,Pharmacy,2026-05-05 06:55:24+00:00
P00354,Billing,2026-05-05 07:21:24+00:00
P00354,Discharge,2026-05-05 07:47:24+00:00
P00357,Patient Arrival,2026-09-14 21:50:07+00:00
P00357,Registration,2026-09-14 22:09:07+00:00
P00357,Doctor Consultation,2026-09-15 00:10:07+00:00
P00357,Urine Test,2026-09-15 00:56:07+00:00
P00357,Doctor Consultation,2026-09-15 01:26:07+00:00
P00357,Diagnosis,2026-09-15 02:06:07+00:00
P00357,Billing,2026-09-15 04:09:07+00:00
P00357,Discharge,2026-09-15 04:53:07+00:00
P00361,Patient Arrival,2026-04-15 15:36:45+00:00
P00361,Registration,2026-04-15 15:57:45+00:00
P00361,Waiting,2026-04-15 16:26:45+00:00
P00361,Doctor Consultation,2026-04-15 16:54:45+00:00
P00361,Urine Test,2026-04-15 17:23:45+00:00
P00361,Doctor Consultation,2026-04-15 17:57:45+00:00
P00361,Diagnosis,2026-04-15 18:34:45+00:00
P00361,Treatment,2026-04-15 19:34:45+00:00
P00361,Pharmacy,2026-04-15 20:07:45+00:00
P00361,Billing,2026-04-15 20:44:45+00:00
P00361,Discharge,2026-04-15 21:02:45+00:00
P00362,Patient Arrival,2026-10-22 03:14:21+00:00
P00362,Registration,2026-10-22 03:37:21+00:00
P00362,Waiting,2026-10-22 04:27:21+00:00
P00362,Doctor Consultation,2026-10-22 05:11:21+00:00
P00362,Diagnosis,2026-10-22 05:35:21+00:00
P00362,Ward Transfer,2026-10-22 06:09:21+00:00
P00362,Treatment,2026-10-22 07:57:21+00:00
P00362,Pharmacy,2026-10-22 08:33:21+00:00
P00362,Billing,2026-10-22 09:03:21+00:00
P00362,Discharge,2026-10-22 09:53:21+00:00
P00363,Patient Arrival,2026-04-02 20:41:34+00:00
P00363,Registration,2026-04-02 21:00:34+00:00
P00363,Waiting,2026-04-02 22:36:34+00:00
P00363,Doctor Consultation,2026-04-02 23:02:34+00:00
P00363,Urine Test,2026-04-02 23:12:34+00:00
P00363,Doctor Consultation,2026-04-02 23:34:34+00:00
P00363,Diagnosis,2026-04-03 00:28:34+00:00
P00363,Treatment,2026-04-03 01:32:34+00:00
P00363,Pharmacy,2026-04-03 01:54:34+00:00
P00363,Billing,2026-04-03 02:36:34+00:00
P00363,Discharge,2026-04-03 02:58:34+00:00
P00369,Patient Arrival,2026-01-15 21:59:19+00:00
P00369,Registration,2026-01-15 22:25:19+00:00
P00369,Waiting,2026-01-15 23:40:19+00:00
P00369,Doctor Consultation,2026-01-16 00:17:19+00:00
P00369,X-Ray,2026-01-16 00:31:19+00:00
P00369,Doctor Consultation,2026-01-16 01:01:19+00:00
P00369,Diagnosis,2026-01-16 01:31:19+00:00
P00369,Ward Transfer,2026-01-16 01:57:19+00:00
P00369,Treatment,2026-01-16 03:24:19+00:00
P00369,Pharmacy,2026-01-16 03:54:19+00:00
P00369,Billing,2026-01-16 04:12:19+00:00
P00369,Discharge,2026-01-16 04:35:19+00:00
P00372,Patient Arrival,2026-05-05 23:06:34+00:00
P00372,Registration,2026-05-05 23:18:34+00:00
P00372,Waiting,2026-05-06 00:15:34+00:00
P00372,Doctor Consultation,2026-05-06 00:55:34+00:00
P00372,ECG,2026-05-06 01:29:34+00:00
P00372,Doctor Consultation,2026-05-06 02:09:34+00:00
P00372,Diagnosis,2026-05-06 02:33:34+00:00
P00372,Ward Transfer,2026-05-06 03:01:34+00:00
P00372,Treatment,2026-05-06 04:00:34+00:00
P00372,Pharmacy,2026-05-06 04:34:34+00:00
P00372,Billing,2026-05-06 05:23:34+00:00
P00372,Discharge,2026-05-06 05:46:34+00:00
P00376,Patient Arrival,2026-04-05 07:12:35+00:00
P00376,Registration,2026-04-05 07:45:35+00:00
P00376,Waiting,2026-04-05 08:32:35+00:00
P00376,Doctor Consultation,2026-04-05 09:01:35+00:00
P00376,Diagnosis,2026-04-05 09:36:35+00:00
P00376,Ward Transfer,2026-04-05 09:56:35+00:00
P00376,Treatment,2026-04-05 11:10:35+00:00
P00376,Pharmacy,2026-04-05 11:29:35+00:00
P00376,Billing,2026-04-05 11:54:35+00:00
P00376,Discharge,2026-04-05 12:33:35+00:00
P00378,Patient Arrival,2026-03-25 14:07:38+00:00
P00378,Registration,2026-03-25 14:33:38+00:00
P00378,Waiting,2026-03-25 15:16:38+00:00
P00378,Doctor Consultation,2026-03-25 16:00:38+00:00
P00378,ECG,2026-03-25 16:20:38+00:00
P00378,Doctor Consultation,2026-03-25 16:48:38+00:00
P00378,Diagnosis,2026-03-25 17:19:38+00:00
P00378,Treatment,2026-03-25 18:48:38+00:00
P00378,Pharmacy,2026-03-25 19:30:38+00:00
P00378,Billing,2026-03-25 20:03:38+00:00
P00378,Discharge,2026-03-25 20:32:38+00:00
P00379,Patient Arrival,2026-10-26 10:28:46+00:00
P00379,Registration,2026-10-26 11:17:46+00:00
P00379,Waiting,2026-10-26 12:21:46+00:00
P00379,Doctor Consultation,2026-10-26 12:55:46+00:00
P00379,Doctor Consultation,2026-10-26 12:55:46+00:00
P00379,Blood Test,2026-10-26 13:15:46+00:00
P00379,Blood Test,2026-10-26 13:15:46+00:00
P00379,Doctor Consultation,2026-10-26 14:08:46+00:00
P00379,Diagnosis,2026-10-26 14:46:46+00:00
P00379,Treatment,2026-10-26 15:46:46+00:00
P00379,Pharmacy,2026-10-26 16:27:46+00:00
P00379,Billing,2026-10-26 16:49:46+00:00
P00379,Discharge,2026-10-26 17:19:46+00:00
P00382,Patient Arrival,2026-08-19 22:39:40+00:00
P00382,Registration,2026-08-19 22:56:40+00:00
P00382,Waiting,2026-08-19 23:55:40+00:00
P00382,Doctor Consultation,2026-08-20 00:16:40+00:00
P00382,Diagnosis,2026-08-20 00:48:40+00:00
P00382,Ward Transfer,2026-08-20 01:11:40+00:00
P00382,Treatment,2026-08-20 02:01:40+00:00
P00382,Pharmacy,2026-08-20 02:27:40+00:00
P00382,Billing,2026-08-20 02:38:40+00:00
P00382,Billing,2026-08-20 02:38:40+00:00
P00382,Discharge,2026-08-20 03:03:40+00:00
P00384,Patient Arrival,2026-11-08 23:18:19+00:00
P00384,Registration,2026-11-08 23:46:19+00:00
P00384,Waiting,2026-11-09 01:15:19+00:00
P00384,Doctor Consultation,2026-11-09 01:47:19+00:00
P00384,Blood Test,2026-11-09 02:15:19+00:00
P00384,Doctor Consultation,2026-11-09 02:43:19+00:00
P00384,Diagnosis,2026-11-09 03:13:19+00:00
P00384,Treatment,2026-11-09 04:18:19+00:00
P00384,Pharmacy,2026-11-09 05:12:19+00:00
P00384,Billing,2026-11-09 05:53:19+00:00
P00384,Discharge,2026-11-09 06:21:19+00:00
P00385,Patient Arrival,2026-12-19 13:21:42+00:00
P00385,Registration,2026-12-19 13:48:42+00:00
P00385,Waiting,2026-12-19 15:27:42+00:00
P00385,Doctor Consultation,2026-12-19 15:49:42+00:00
P00385,Diagnosis,2026-12-19 16:13:42+00:00
P00385,Treatment,2026-12-19 17:30:42+00:00
P00385,Pharmacy,2026-12-19 18:05:42+00:00
P00385,Billing,2026-12-19 18:31:42+00:00
P00385,Discharge,2026-12-19 18:53:42+00:00
P00387,Patient Arrival,2026-12-07 18:08:24+00:00
P00387,Registration,2026-12-07 18:23:24+00:00
P00387,Waiting,2026-12-07 19:47:24+00:00
P00387,Doctor Consultation,2026-12-07 20:37:24+00:00
P00387,Diagnosis,2026-12-07 21:19:24+00:00
P00387,Treatment,2026-12-07 23:32:24+00:00
P00387,Pharmacy,2026-12-08 00:11:24+00:00
P00387,Billing,2026-12-08 00:42:24+00:00
P00387,Discharge,2026-12-08 00:58:24+00:00
P00393,Patient Arrival,2026-10-23 23:35:08+00:00
P00393,Registration,2026-10-24 00:15:08+00:00
P00393,Waiting,2026-10-24 00:53:08+00:00
P00393,Doctor Consultation,2026-10-24 01:02:08+00:00
P00393,X-Ray,2026-10-24 01:37:08+00:00
P00393,Doctor Consultation,2026-10-24 01:54:08+00:00
P00393,Diagnosis,2026-10-24 02:06:08+00:00
P00393,Treatment,2026-10-24 03:56:08+00:00
P00393,Pharmacy,2026-10-24 04:37:08+00:00
P00393,Billing,2026-10-24 05:16:08+00:00
P00393,Discharge,2026-10-24 05:36:08+00:00
P00399,Patient Arrival,2026-07-16 07:56:32+00:00
P00399,Registration,2026-07-16 08:24:32+00:00
P00399,Waiting,2026-07-16 09:52:32+00:00
P00399,Doctor Consultation,2026-07-16 10:21:32+00:00
P00399,X-Ray,2026-07-16 10:54:32+00:00
P00399,Doctor Consultation,2026-07-16 11:30:32+00:00
P00399,Diagnosis,2026-07-16 11:50:32+00:00
P00399,Treatment,2026-07-16 12:58:32+00:00
P00399,Pharmacy,2026-07-16 13:22:32+00:00
P00399,Billing,2026-07-16 13:32:32+00:00
P00399,Discharge,2026-07-16 13:57:32+00:00
P00400,Patient Arrival,2026-08-20 00:14:24+00:00
P00400,Registration,2026-08-20 00:55:24+00:00
P00400,Waiting,2026-08-20 02:28:24+00:00
P00400,Doctor Consultation,2026-08-20 03:03:24+00:00
P00400,Diagnosis,2026-08-20 03:37:24+00:00
P00400,Ward Transfer,2026-08-20 04:27:24+00:00
P00400,Treatment,2026-08-20 05:40:24+00:00
P00400,Pharmacy,2026-08-20 06:17:24+00:00
P00400,Billing,2026-08-20 06:57:24+00:00
P00400,Discharge,2026-08-20 07:52:24+00:00
P00404,Patient Arrival,2026-10-01 13:03:20+00:00
P00404,Registration,2026-10-01 13:43:20+00:00
P00404,Waiting,2026-10-01 14:50:20+00:00
P00404,Doctor Consultation,2026-10-01 15:18:20+00:00
P00404,Urine Test,2026-10-01 15:56:20+00:00
P00404,Doctor Consultation,2026-10-01 16:39:20+00:00
P00404,Diagnosis,2026-10-01 17:13:20+00:00
P00404,Treatment,2026-10-01 17:48:20+00:00
P00404,Pharmacy,2026-10-01 18:29:20+00:00
P00404,Billing,2026-10-01 19:19:20+00:00
P00404,Discharge,2026-10-01 19:56:20+00:00
P00407,Patient Arrival,2026-11-28 07:40:00+00:00
P00407,Registration,2026-11-28 08:30:00+00:00
P00407,Waiting,2026-11-28 09:16:00+00:00
P00407,Doctor Consultation,2026-11-28 09:52:00+00:00
P00407,Blood Test,2026-11-28 10:38:00+00:00
P00407,Doctor Consultation,2026-11-28 10:57:00+00:00
P00407,Diagnosis,2026-11-28 11:28:00+00:00
P00407,Treatment,2026-11-28 12:29:00+00:00
P00407,Pharmacy,2026-11-28 13:08:00+00:00
P00407,Billing,2026-11-28 13:43:00+00:00
P00407,Discharge,2026-11-28 13:58:00+00:00
P00408,Patient Arrival,2026-02-24 02:24:46+00:00
P00408,Registration,2026-02-24 03:01:46+00:00
P00408,Waiting,2026-02-24 03:53:46+00:00
P00408,Doctor Consultation,2026-02-24 04:12:46+00:00
P00408,Diagnosis,2026-02-24 04:47:46+00:00
P00408,Ward Transfer,2026-02-24 05:09:46+00:00
P00408,Treatment,2026-02-24 07:28:46+00:00
P00408,Pharmacy,2026-02-24 08:05:46+00:00
P00408,Billing,2026-02-24 08:25:46+00:00
P00408,Discharge,2026-02-24 08:51:46+00:00
P00412,Patient Arrival,2026-12-09 02:01:50+00:00
P00412,Registration,2026-12-09 02:27:50+00:00
P00412,Waiting,2026-12-09 03:58:50+00:00
P00412,Waiting,2026-12-09 03:58:50+00:00
P00412,Doctor Consultation,2026-12-09 04:32:50+00:00
P00412,Blood Test,2026-12-09 05:14:50+00:00
P00412,Doctor Consultation,2026-12-09 05:54:50+00:00
P00412,Diagnosis,2026-12-09 06:26:50+00:00
P00412,Treatment,2026-12-09 07:56:50+00:00
P00412,Pharmacy,2026-12-09 08:24:50+00:00
P00412,Billing,2026-12-09 09:07:50+00:00
P00412,Discharge,2026-12-09 09:30:50+00:00
P00414,Patient Arrival,2026-07-21 22:35:34+00:00
P00414,Registration,2026-07-21 23:06:34+00:00
P00414,Waiting,2026-07-22 00:15:34+00:00
P00414,Doctor Consultation,2026-07-22 00:44:34+00:00
P00414,Urine Test,2026-07-22 00:57:34+00:00
P00414,Doctor Consultation,2026-07-22 01:35:34+00:00
P00414,Diagnosis,2026-07-22 02:03:34+00:00
P00414,Ward Transfer,2026-07-22 02:34:34+00:00
P00414,Treatment,2026-07-22 03:59:34+00:00
P00414,Pharmacy,2026-07-22 04:35:34+00:00
P00414,Billing,2026-07-22 05:00:34+00:00
P00414,Discharge,2026-07-22 05:34:34+00:00
P00415,Patient Arrival,2026-05-30 20:04:36+00:00
P00415,Registration,2026-05-30 20:57:36+00:00
P00415,Waiting,2026-05-30 21:46:36+00:00
P00415,Doctor Consultation,2026-05-30 22:05:36+00:00
P00415,X-Ray,2026-05-30 22:30:36+00:00
P00415,Doctor Consultation,2026-05-30 23:16:36+00:00
P00415,Diagnosis,2026-05-30 23:47:36+00:00
P00415,Treatment,2026-05-31 01:57:36+00:00
P00415,Pharmacy,2026-05-31 02:33:36+00:00
P00415,Billing,2026-05-31 03:27:36+00:00
P00415,Discharge,2026-05-31 04:00:36+00:00
P00416,Patient Arrival,2026-07-02 14:26:23+00:00
P00416,Registration,2026-07-02 15:18:23+00:00
P00416,Waiting,2026-07-02 16:28:23+00:00
P00416,Doctor Consultation,2026-07-02 16:56:23+00:00
P00416,Diagnosis,2026-07-02 17:21:23+00:00
P00416,Ward Transfer,2026-07-02 17:31:23+00:00
P00416,Treatment,2026-07-02 19:02:23+00:00
P00416,Pharmacy,2026-07-02 19:25:23+00:00
P00416,Billing,2026-07-02 20:06:23+00:00
P00416,Discharge,2026-07-02 20:44:23+00:00
P00417,Patient Arrival,2026-03-28 20:12:30+00:00
P00417,Registration,2026-03-28 20:47:30+00:00
P00417,Waiting,2026-03-28 22:16:30+00:00
P00417,Doctor Consultation,2026-03-28 22:49:30+00:00
P00417,Diagnosis,2026-03-28 23:29:30+00:00
P00417,Treatment,2026-03-29 01:19:30+00:00
P00417,Pharmacy,2026-03-29 01:44:30+00:00
P00417,Billing,2026-03-29 02:12:30+00:00
P00417,Discharge,2026-03-29 02:47:30+00:00
P00422,Patient Arrival,2026-11-07 23:52:36+00:00
P00422,Registration,2026-11-08 00:17:36+00:00
P00422,Waiting,2026-11-08 02:03:36+00:00
P00422,Doctor Consultation,2026-11-08 02:30:36+00:00
P00422,ECG,2026-11-08 03:06:36+00:00
P00422,Doctor Consultation,2026-11-08 03:53:36+00:00
P00422,Diagnosis,2026-11-08 04:27:36+00:00
P00422,Treatment,2026-11-08 06:18:36+00:00
P00422,Pharmacy,2026-11-08 06:54:36+00:00
P00422,Billing,2026-11-08 07:20:36+00:00
P00422,Discharge,2026-11-08 08:03:36+00:00
P00429,Patient Arrival,2026-12-11 14:47:25+00:00
P00429,Registration,2026-12-11 15:09:25+00:00
P00429,Waiting,2026-12-11 16:21:25+00:00
P00429,Doctor Consultation,2026-12-11 16:58:25+00:00
P00429,Diagnosis,2026-12-11 17:18:25+00:00
P00429,Treatment,2026-12-11 19:11:25+00:00
P00429,Pharmacy,2026-12-11 19:56:25+00:00
P00429,Billing,2026-12-11 20:30:25+00:00
P00429,Discharge,2026-12-11 21:00:25+00:00
P00429,Discharge,2026-12-11 21:00:25+00:00
P00436,Patient Arrival,2026-11-03 10:18:54+00:00
P00436,Registration,2026-11-03 10:58:54+00:00
P00436,Waiting,2026-11-03 12:46:54+00:00
P00436,Doctor Consultation,2026-11-03 13:17:54+00:00
P00436,X-Ray,2026-11-03 13:48:54+00:00
P00436,Doctor Consultation,2026-11-03 14:14:54+00:00
P00436,Doctor Consultation,2026-11-03 14:14:54+00:00
P00436,Diagnosis,2026-11-03 14:50:54+00:00
P00436,Ward Transfer,2026-11-03 15:38:54+00:00
P00436,Treatment,2026-11-03 17:43:54+00:00
P00436,Pharmacy,2026-11-03 18:18:54+00:00
P00436,Billing,2026-11-03 18:51:54+00:00
P00436,Discharge,2026-11-03 19:34:54+00:00
P00439,Patient Arrival,2026-08-05 12:23:30+00:00
P00439,Registration,2026-08-05 12:34:30+00:00
P00439,Waiting,2026-08-05 13:33:30+00:00
P00439,Doctor Consultation,2026-08-05 13:45:30+00:00
P00439,Urine Test,2026-08-05 14:09:30+00:00
P00439,Doctor Consultation,2026-08-05 14:50:30+00:00
P00439,Diagnosis,2026-08-05 15:10:30+00:00
P00439,Treatment,2026-08-05 16:32:30+00:00
P00439,Pharmacy,2026-08-05 17:05:30+00:00
P00439,Billing,2026-08-05 17:41:30+00:00
P00439,Discharge,2026-08-05 18:04:30+00:00
P00440,Patient Arrival,2026-12-27 23:47:33+00:00
P00440,Registration,2026-12-28 00:05:33+00:00
P00440,Waiting,2026-12-28 01:36:33+00:00
P00440,Doctor Consultation,2026-12-28 02:04:33+00:00
P00440,Blood Test,2026-12-28 02:21:33+00:00
P00440,Doctor Consultation,2026-12-28 02:37:33+00:00
P00440,Diagnosis,2026-12-28 02:57:33+00:00
P00440,Treatment,2026-12-28 04:14:33+00:00
P00440,Pharmacy,2026-12-28 05:02:33+00:00
P00440,Billing,2026-12-28 05:23:33+00:00
P00440,Discharge,2026-12-28 06:03:33+00:00
P00443,Patient Arrival,2026-07-26 09:11:29+00:00
P00443,Registration,2026-07-26 09:29:29+00:00
P00443,Waiting,2026-07-26 10:42:29+00:00
P00443,Doctor Consultation,2026-07-26 11:28:29+00:00
P00443,ECG,2026-07-26 11:57:29+00:00
P00443,Doctor Consultation,2026-07-26 12:31:29+00:00
P00443,Urine Test,2026-07-26 12:58:29+00:00
P00443,Doctor Consultation,2026-07-26 13:20:29+00:00
P00443,Diagnosis,2026-07-26 13:56:29+00:00
P00443,Treatment,2026-07-26 16:01:29+00:00
P00443,Pharmacy,2026-07-26 16:44:29+00:00
P00443,Billing,2026-07-26 17:26:29+00:00
P00443,Discharge,2026-07-26 17:50:29+00:00
P00446,Patient Arrival,2026-04-26 11:51:53+00:00
P00446,Registration,2026-04-26 12:05:53+00:00
P00446,Waiting,2026-04-26 13:36:53+00:00
P00446,Doctor Consultation,2026-04-26 14:07:53+00:00
P00446,Diagnosis,2026-04-26 14:50:53+00:00
P00446,Ward Transfer,2026-04-26 15:28:53+00:00
P00446,Treatment,2026-04-26 17:39:53+00:00
P00446,Pharmacy,2026-04-26 18:11:53+00:00
P00446,Billing,2026-04-26 18:56:53+00:00
P00446,Discharge,2026-04-26 19:18:53+00:00
P00448,Patient Arrival,2026-12-08 13:58:33+00:00
P00448,Registration,2026-12-08 14:11:33+00:00
P00448,Waiting,2026-12-08 14:55:33+00:00
P00448,Doctor Consultation,2026-12-08 15:13:33+00:00
P00448,X-Ray,2026-12-08 15:57:33+00:00
P00448,Doctor Consultation,2026-12-08 16:41:33+00:00
P00448,Diagnosis,2026-12-08 17:22:33+00:00
P00448,Treatment,2026-12-08 18:04:33+00:00
P00448,Pharmacy,2026-12-08 18:45:33+00:00
P00448,Billing,2026-12-08 18:58:33+00:00
P00448,Discharge,2026-12-08 19:29:33+00:00
P00452,Patient Arrival,2026-04-28 09:04:31+00:00
P00452,Registration,2026-04-28 09:29:31+00:00
P00452,Waiting,2026-04-28 11:00:31+00:00
P00452,Doctor Consultation,2026-04-28 11:25:31+00:00
P00452,X-Ray,2026-04-28 11:41:31+00:00
P00452,Doctor Consultation,2026-04-28 12:14:31+00:00
P00452,Diagnosis,2026-04-28 12:41:31+00:00
P00452,Treatment,2026-04-28 14:28:31+00:00
P00452,Pharmacy,2026-04-28 14:48:31+00:00
P00452,Billing,2026-04-28 15:10:31+00:00
P00452,Discharge,2026-04-28 15:36:31+00:00
P00454,Patient Arrival,2026-12-22 09:12:18+00:00
P00454,Registration,2026-12-22 09:26:18+00:00
P00454,Waiting,2026-12-22 10:37:18+00:00
P00454,Doctor Consultation,2026-12-22 11:15:18+00:00
P00454,ECG,2026-12-22 11:35:18+00:00
P00454,Doctor Consultation,2026-12-22 12:13:18+00:00
P00454,Diagnosis,2026-12-22 13:02:18+00:00
P00454,Ward Transfer,2026-12-22 13:11:18+00:00
P00454,Treatment,2026-12-22 15:03:18+00:00
P00454,Pharmacy,2026-12-22 15:36:18+00:00
P00454,Billing,2026-12-22 15:54:18+00:00
P00454,Discharge,2026-12-22 16:23:18+00:00
P00455,Patient Arrival,2026-08-11 18:20:27+00:00
P00455,Registration,2026-08-11 18:51:27+00:00
P00455,Waiting,2026-08-11 19:28:27+00:00
P00455,Doctor Consultation,2026-08-11 19:50:27+00:00
P00455,Urine Test,2026-08-11 20:26:27+00:00
P00455,Doctor Consultation,2026-08-11 20:55:27+00:00
P00455,Diagnosis,2026-08-11 21:40:27+00:00
P00455,Ward Transfer,2026-08-11 22:07:27+00:00
P00455,Treatment,2026-08-11 23:57:27+00:00
P00455,Pharmacy,2026-08-12 00:37:27+00:00
P00455,Pharmacy,2026-08-12 00:37:27+00:00
P00455,Billing,2026-08-12 01:02:27+00:00
P00455,Discharge,2026-08-12 01:39:27+00:00
P00456,Patient Arrival,2026-06-10 14:29:07+00:00
P00456,Registration,2026-06-10 14:54:07+00:00
P00456,Waiting,2026-06-10 16:13:07+00:00
P00456,Doctor Consultation,2026-06-10 16:27:07+00:00
P00456,X-Ray,2026-06-10 17:05:07+00:00
P00456,Doctor Consultation,2026-06-10 17:44:07+00:00
P00456,Diagnosis,2026-06-10 18:31:07+00:00
P00456,Ward Transfer,2026-06-10 18:59:07+00:00
P00456,Treatment,2026-06-10 21:15:07+00:00
P00456,Pharmacy,2026-06-10 21:40:07+00:00
P00456,Billing,2026-06-10 21:58:07+00:00
P00456,Discharge,2026-06-10 22:24:07+00:00
P00458,Patient Arrival,2026-04-08 17:03:40+00:00
P00458,Registration,2026-04-08 17:27:40+00:00
P00458,Waiting,2026-04-08 18:08:40+00:00
P00458,Doctor Consultation,2026-04-08 18:20:40+00:00
P00458,Blood Test,2026-04-08 18:30:40+00:00
P00458,Doctor Consultation,2026-04-08 18:58:40+00:00
P00458,Diagnosis,2026-04-08 19:41:40+00:00
P00458,Treatment,2026-04-08 21:06:40+00:00
P00458,Pharmacy,2026-04-08 21:48:40+00:00
P00458,Billing,2026-04-08 22:25:40+00:00
P00458,Discharge,2026-04-08 22:50:40+00:00
P00460,Patient Arrival,2026-08-09 11:41:08+00:00
P00460,Registration,2026-08-09 12:13:08+00:00
P00460,Waiting,2026-08-09 13:05:08+00:00
P00460,Doctor Consultation,2026-08-09 13:20:08+00:00
P00460,Blood Test,2026-08-09 13:55:08+00:00
P00460,Doctor Consultation,2026-08-09 14:34:08+00:00
P00460,Diagnosis,2026-08-09 15:20:08+00:00
P00460,Treatment,2026-08-09 16:05:08+00:00
P00460,Pharmacy,2026-08-09 16:23:08+00:00
P00460,Billing,2026-08-09 16:53:08+00:00
P00460,Discharge,2026-08-09 17:25:08+00:00
P00461,Patient Arrival,2026-09-07 05:29:53+00:00
P00461,Registration,2026-09-07 05:56:53+00:00
P00461,Waiting,2026-09-07 07:43:53+00:00
P00461,Doctor Consultation,2026-09-07 07:58:53+00:00
P00461,ECG,2026-09-07 08:36:53+00:00
P00461,Doctor Consultation,2026-09-07 09:26:53+00:00
P00461,Diagnosis,2026-09-07 09:52:53+00:00
P00461,Treatment,2026-09-07 11:33:53+00:00
P00461,Pharmacy,2026-09-07 12:20:53+00:00
P00461,Billing,2026-09-07 12:43:53+00:00
P00461,Discharge,2026-09-07 13:05:53+00:00
P00461,Discharge,2026-09-07 13:05:53+00:00
P00465,Patient Arrival,2026-10-29 09:59:43+00:00
P00465,Registration,2026-10-29 10:31:43+00:00
P00465,Waiting,2026-10-29 11:20:43+00:00
P00465,Doctor Consultation,2026-10-29 11:58:43+00:00
P00465,ECG,2026-10-29 12:23:43+00:00
P00465,Doctor Consultation,2026-10-29 13:13:43+00:00
P00465,Diagnosis,2026-10-29 13:53:43+00:00
P00465,Treatment,2026-10-29 16:02:43+00:00
P00465,Pharmacy,2026-10-29 16:50:43+00:00
P00465,Billing,2026-10-29 17:37:43+00:00
P00465,Discharge,2026-10-29 18:25:43+00:00
P00466,Patient Arrival,2026-07-18 13:45:04+00:00
P00466,Registration,2026-07-18 14:29:04+00:00
P00466,Waiting,2026-07-18 15:29:04+00:00
P00466,Doctor Consultation,2026-07-18 16:09:04+00:00
P00466,Diagnosis,2026-07-18 16:31:04+00:00
P00466,Ward Transfer,2026-07-18 16:54:04+00:00
P00466,Treatment,2026-07-18 19:09:04+00:00
P00466,Pharmacy,2026-07-18 19:36:04+00:00
P00466,Billing,2026-07-18 20:21:04+00:00
P00466,Discharge,2026-07-18 21:08:04+00:00
P00472,Patient Arrival,2026-07-07 14:00:30+00:00
P00472,Registration,2026-07-07 14:41:30+00:00
P00472,Waiting,2026-07-07 16:13:30+00:00
P00472,Doctor Consultation,2026-07-07 16:52:30+00:00
P00472,Diagnosis,2026-07-07 17:09:30+00:00
P00472,Treatment,2026-07-07 18:00:30+00:00
P00472,Pharmacy,2026-07-07 18:30:30+00:00
P00472,Billing,2026-07-07 19:20:30+00:00
P00472,Discharge,2026-07-07 19:57:30+00:00
P00473,Patient Arrival,2026-03-24 11:50:56+00:00
P00473,Registration,2026-03-24 12:01:56+00:00
P00473,Waiting,2026-03-24 12:54:56+00:00
P00473,Doctor Consultation,2026-03-24 13:37:56+00:00
P00473,Urine Test,2026-03-24 14:10:56+00:00
P00473,Urine Test,2026-03-24 14:10:56+00:00
P00473,Doctor Consultation,2026-03-24 14:19:56+00:00
P00473,Diagnosis,2026-03-24 14:57:56+00:00
P00473,Treatment,2026-03-24 15:34:56+00:00
P00473,Pharmacy,2026-03-24 16:06:56+00:00
P00473,Billing,2026-03-24 16:44:56+00:00
P00473,Discharge,2026-03-24 17:12:56+00:00
P00475,Patient Arrival,2026-02-20 00:23:32+00:00
P00475,Registration,2026-02-20 00:50:32+00:00
P00475,Waiting,2026-02-20 01:41:32+00:00
P00475,Doctor Consultation,2026-02-20 02:19:32+00:00
P00475,Diagnosis,2026-02-20 02:55:32+00:00
P00475,Ward Transfer,2026-02-20 03:44:32+00:00
P00475,Treatment,2026-02-20 05:05:32+00:00
P00475,Treatment,2026-02-20 05:05:32+00:00
P00475,Pharmacy,2026-02-20 05:30:32+00:00
P00475,Billing,2026-02-20 05:59:32+00:00
P00475,Discharge,2026-02-20 06:23:32+00:00
P00478,Patient Arrival,2026-08-15 15:04:20+00:00
P00478,Registration,2026-08-15 15:36:20+00:00
P00478,Waiting,2026-08-15 16:55:20+00:00
P00478,Doctor Consultation,2026-08-15 17:28:20+00:00
P00478,ECG,2026-08-15 17:45:20+00:00
P00478,Doctor Consultation,2026-08-15 18:30:20+00:00
P00478,Diagnosis,2026-08-15 18:52:20+00:00
P00478,Ward Transfer,2026-08-15 19:27:20+00:00
P00478,Treatment,2026-08-15 21:07:20+00:00
P00478,Pharmacy,2026-08-15 21:36:20+00:00
P00478,Billing,2026-08-15 22:19:20+00:00
P00478,Discharge,2026-08-15 22:55:20+00:00
P00480,Patient Arrival,2026-02-28 10:46:40+00:00
P00480,Registration,2026-02-28 10:58:40+00:00
P00480,Waiting,2026-02-28 11:48:40+00:00
P00480,Waiting,2026-02-28 11:48:40+00:00
P00480,Doctor Consultation,2026-02-28 12:30:40+00:00
P00480,Diagnosis,2026-02-28 12:58:40+00:00
P00480,Ward Transfer,2026-02-28 13:10:40+00:00
P00480,Treatment,2026-02-28 14:31:40+00:00
P00480,Pharmacy,2026-02-28 15:26:40+00:00
P00480,Billing,2026-02-28 15:58:40+00:00
P00480,Discharge,2026-02-28 16:34:40+00:00
P00485,Patient Arrival,2026-02-16 02:46:31+00:00
P00485,Registration,2026-02-16 03:34:31+00:00
P00485,Waiting,2026-02-16 04:44:31+00:00
P00485,Doctor Consultation,2026-02-16 05:02:31+00:00
P00485,Diagnosis,2026-02-16 05:34:31+00:00
P00485,Ward Transfer,2026-02-16 05:41:31+00:00
P00485,Treatment,2026-02-16 06:43:31+00:00
P00485,Pharmacy,2026-02-16 07:12:31+00:00
P00485,Billing,2026-02-16 07:43:31+00:00
P00485,Discharge,2026-02-16 07:53:31+00:00
P00487,Patient Arrival,2026-06-10 20:06:56+00:00
P00487,Registration,2026-06-10 20:50:56+00:00
P00487,Waiting,2026-06-10 21:52:56+00:00
P00487,Doctor Consultation,2026-06-10 22:37:56+00:00
P00487,Urine Test,2026-06-10 22:53:56+00:00
P00487,Doctor Consultation,2026-06-10 23:33:56+00:00
P00487,Diagnosis,2026-06-11 00:17:56+00:00
P00487,Ward Transfer,2026-06-11 00:40:56+00:00
P00487,Treatment,2026-06-11 02:10:56+00:00
P00487,Pharmacy,2026-06-11 02:42:56+00:00
P00487,Billing,2026-06-11 03:29:56+00:00
P00487,Discharge,2026-06-11 04:16:56+00:00
P00488,Patient Arrival,2026-10-29 00:32:56+00:00
P00488,Registration,2026-10-29 01:08:56+00:00
P00488,Waiting,2026-10-29 02:13:56+00:00
P00488,Doctor Consultation,2026-10-29 02:46:56+00:00
P00488,Blood Test,2026-10-29 03:16:56+00:00
P00488,Doctor Consultation,2026-10-29 03:53:56+00:00
P00488,Diagnosis,2026-10-29 04:26:56+00:00
P00488,Treatment,2026-10-29 05:25:56+00:00
P00488,Pharmacy,2026-10-29 06:03:56+00:00
P00488,Billing,2026-10-29 06:25:56+00:00
P00488,Discharge,2026-10-29 06:53:56+00:00
P00489,Patient Arrival,2026-03-25 15:03:41+00:00
P00489,Registration,2026-03-25 15:28:41+00:00
P00489,Waiting,2026-03-25 16:55:41+00:00
P00489,Doctor Consultation,2026-03-25 17:35:41+00:00
P00489,Diagnosis,2026-03-25 18:15:41+00:00
P00489,Treatment,2026-03-25 19:11:41+00:00
P00489,Pharmacy,2026-03-25 19:35:41+00:00
P00489,Billing,2026-03-25 20:11:41+00:00
P00489,Discharge,2026-03-25 21:00:41+00:00
P00491,Patient Arrival,2026-08-25 21:00:37+00:00
P00491,Registration,2026-08-25 21:38:37+00:00
P00491,Waiting,2026-08-25 22:57:37+00:00
P00491,Doctor Consultation,2026-08-25 23:34:37+00:00
P00491,Diagnosis,2026-08-26 00:00:37+00:00
P00491,Treatment,2026-08-26 02:06:37+00:00
P00491,Pharmacy,2026-08-26 02:43:37+00:00
P00491,Billing,2026-08-26 03:32:37+00:00
P00491,Discharge,2026-08-26 03:52:37+00:00
P00492,Patient Arrival,2026-10-28 19:19:12+00:00
P00492,Registration,2026-10-28 19:52:12+00:00
P00492,Waiting,2026-10-28 20:23:12+00:00
P00492,Doctor Consultation,2026-10-28 20:58:12+00:00
P00492,Diagnosis,2026-10-28 21:49:12+00:00
P00492,Treatment,2026-10-28 23:22:12+00:00
P00492,Pharmacy,2026-10-28 23:44:12+00:00
P00492,Billing,2026-10-29 00:13:12+00:00
P00492,Discharge,2026-10-29 00:37:12+00:00
P00492,Discharge,2026-10-29 00:37:12+00:00
P00493,Patient Arrival,2026-01-14 09:56:42+00:00
P00493,Registration,2026-01-14 10:24:42+00:00
P00493,Waiting,2026-01-14 11:26:42+00:00
P00493,Doctor Consultation,2026-01-14 11:52:42+00:00
P00493,Diagnosis,2026-01-14 12:29:42+00:00
P00493,Ward Transfer,2026-01-14 12:46:42+00:00
P00493,Treatment,2026-01-14 14:59:42+00:00
P00493,Pharmacy,2026-01-14 15:26:42+00:00
P00493,Billing,2026-01-14 15:52:42+00:00
P00493,Discharge,2026-01-14 16:16:42+00:00
P00494,Patient Arrival,2026-03-03 11:52:29+00:00
P00494,Registration,2026-03-03 12:15:29+00:00
P00494,Waiting,2026-03-03 13:37:29+00:00
P00494,Doctor Consultation,2026-03-03 14:08:29+00:00
P00494,ECG,2026-03-03 14:26:29+00:00
P00494,Doctor Consultation,2026-03-03 14:54:29+00:00
P00494,Blood Test,2026-03-03 15:37:29+00:00
P00494,Doctor Consultation,2026-03-03 15:45:29+00:00
P00494,Diagnosis,2026-03-03 16:01:29+00:00
P00494,Treatment,2026-03-03 18:15:29+00:00
P00494,Pharmacy,2026-03-03 18:33:29+00:00
P00494,Billing,2026-03-03 18:58:29+00:00
P00494,Discharge,2026-03-03 19:07:29+00:00
P00495,Patient Arrival,2026-10-14 12:59:37+00:00
P00495,Registration,2026-10-14 13:46:37+00:00
P00495,Waiting,2026-10-14 14:44:37+00:00
P00495,Doctor Consultation,2026-10-14 15:03:37+00:00
P00495,Urine Test,2026-10-14 15:44:37+00:00
P00495,Doctor Consultation,2026-10-14 16:10:37+00:00
P00495,Diagnosis,2026-10-14 16:56:37+00:00
P00495,Treatment,2026-10-14 18:31:37+00:00
P00495,Pharmacy,2026-10-14 18:52:37+00:00
P00495,Billing,2026-10-14 19:36:37+00:00
P00495,Discharge,2026-10-14 19:55:37+00:00
P00499,Patient Arrival,2026-12-15 12:34:27+00:00
P00499,Registration,2026-12-15 13:01:27+00:00
P00499,Waiting,2026-12-15 14:03:27+00:00
P00499,Doctor Consultation,2026-12-15 14:36:27+00:00
P00499,ECG,2026-12-15 15:21:27+00:00
P00499,Doctor Consultation,2026-12-15 16:04:27+00:00
P00499,Diagnosis,2026-12-15 16:16:27+00:00
P00499,Treatment,2026-12-15 17:29:27+00:00
P00499,Pharmacy,2026-12-15 17:57:27+00:00
P00499,Billing,2026-12-15 18:31:27+00:00
P00499,Discharge,2026-12-15 18:45:27+00:00
P00504,Patient Arrival,2026-08-27 17:38:55+00:00
P00504,Registration,2026-08-27 18:15:55+00:00
P00504,Waiting,2026-08-27 19:04:55+00:00
P00504,Doctor Consultation,2026-08-27 19:31:55+00:00
P00504,X-Ray,2026-08-27 20:10:55+00:00
P00504,Doctor Consultation,2026-08-27 20:55:55+00:00
P00504,Diagnosis,2026-08-27 21:38:55+00:00
P00504,Ward Transfer,2026-08-27 22:08:55+00:00
P00504,Treatment,2026-08-27 23:19:55+00:00
P00504,Pharmacy,2026-08-27 23:40:55+00:00
P00504,Billing,2026-08-28 00:12:55+00:00
P00504,Discharge,2026-08-28 00:51:55+00:00
P00510,Patient Arrival,2026-03-31 03:01:47+00:00
P00510,Registration,2026-03-31 03:30:47+00:00
P00510,Waiting,2026-03-31 04:31:47+00:00
P00510,Doctor Consultation,2026-03-31 05:10:47+00:00
P00510,X-Ray,2026-03-31 05:41:47+00:00
P00510,Doctor Consultation,2026-03-31 06:03:47+00:00
P00510,Diagnosis,2026-03-31 06:21:47+00:00
P00510,Treatment,2026-03-31 07:29:47+00:00
P00510,Pharmacy,2026-03-31 08:05:47+00:00
P00510,Billing,2026-03-31 08:27:47+00:00
P00510,Discharge,2026-03-31 08:55:47+00:00
P00511,Patient Arrival,2026-10-15 04:31:37+00:00
P00511,Registration,2026-10-15 05:03:37+00:00
P00511,Waiting,2026-10-15 06:16:37+00:00
P00511,Doctor Consultation,2026-10-15 07:05:37+00:00
P00511,Blood Test,2026-10-15 07:43:37+00:00
P00511,Doctor Consultation,2026-10-15 08:16:37+00:00
P00511,Diagnosis,2026-10-15 08:45:37+00:00
P00511,Treatment,2026-10-15 09:52:37+00:00
P00511,Pharmacy,2026-10-15 10:14:37+00:00
P00511,Billing,2026-10-15 10:49:37+00:00
P00511,Discharge,2026-10-15 11:23:37+00:00
P00513,Patient Arrival,2026-11-13 10:06:03+00:00
P00513,Registration,2026-11-13 10:49:03+00:00
P00513,Waiting,2026-11-13 11:56:03+00:00
P00513,Doctor Consultation,2026-11-13 12:29:03+00:00
P00513,Blood Test,2026-11-13 13:12:03+00:00
P00513,Doctor Consultation,2026-11-13 13:34:03+00:00
P00513,Diagnosis,2026-11-13 14:24:03+00:00
P00513,Treatment,2026-11-13 16:19:03+00:00
P00513,Pharmacy,2026-11-13 17:07:03+00:00
P00513,Billing,2026-11-13 17:43:03+00:00
P00513,Discharge,2026-11-13 18:08:03+00:00
P00514,Patient Arrival,2026-11-11 22:17:42+00:00
P00514,Registration,2026-11-11 22:53:42+00:00
P00514,Waiting,2026-11-11 23:26:42+00:00
P00514,Doctor Consultation,2026-11-11 23:53:42+00:00
P00514,Urine Test,2026-11-12 00:12:42+00:00
P00514,Doctor Consultation,2026-11-12 00:46:42+00:00
P00514,Diagnosis,2026-11-12 01:05:42+00:00
P00514,Treatment,2026-11-12 03:08:42+00:00
P00514,Pharmacy,2026-11-12 03:38:42+00:00
P00514,Billing,2026-11-12 04:03:42+00:00
P00514,Discharge,2026-11-12 04:23:42+00:00
P00516,Patient Arrival,2026-05-29 08:26:20+00:00
P00516,Registration,2026-05-29 09:12:20+00:00
P00516,Waiting,2026-05-29 11:07:20+00:00
P00516,Doctor Consultation,2026-05-29 11:31:20+00:00
P00516,Urine Test,2026-05-29 12:04:20+00:00
P00516,Doctor Consultation,2026-05-29 12:52:20+00:00
P00516,Diagnosis,2026-05-29 13:30:20+00:00
P00516,Ward Transfer,2026-05-29 14:20:20+00:00
P00516,Treatment,2026-05-29 15:17:20+00:00
P00516,Pharmacy,2026-05-29 15:47:20+00:00
P00516,Billing,2026-05-29 16:29:20+00:00
P00516,Discharge,2026-05-29 16:52:20+00:00
P00525,Patient Arrival,2026-03-30 13:37:25+00:00
P00525,Registration,2026-03-30 14:01:25+00:00
P00525,Waiting,2026-03-30 15:42:25+00:00
P00525,Doctor Consultation,2026-03-30 16:10:25+00:00
P00525,Diagnosis,2026-03-30 16:35:25+00:00
P00525,Treatment,2026-03-30 18:13:25+00:00
P00525,Pharmacy,2026-03-30 18:59:25+00:00
P00525,Billing,2026-03-30 19:24:25+00:00
P00525,Discharge,2026-03-30 20:05:25+00:00
P00529,Patient Arrival,2026-10-25 06:42:48+00:00
P00529,Registration,2026-10-25 07:23:48+00:00
P00529,Waiting,2026-10-25 08:26:48+00:00
P00529,Doctor Consultation,2026-10-25 08:39:48+00:00
P00529,Diagnosis,2026-10-25 09:13:48+00:00
P00529,Treatment,2026-10-25 10:40:48+00:00
P00529,Pharmacy,2026-10-25 11:24:48+00:00
P00529,Billing,2026-10-25 12:05:48+00:00
P00529,Discharge,2026-10-25 12:48:48+00:00
P00530,Patient Arrival,2026-06-10 16:44:35+00:00
P00530,Registration,2026-06-10 17:00:35+00:00
P00530,Waiting,2026-06-10 18:24:35+00:00
P00530,Doctor Consultation,2026-06-10 18:52:35+00:00
P00530,Blood Test,2026-06-10 19:26:35+00:00
P00530,Doctor Consultation,2026-06-10 20:21:35+00:00
P00530,Diagnosis,2026-06-10 21:01:35+00:00
P00530,Ward Transfer,2026-06-10 21:46:35+00:00
P00530,Treatment,2026-06-10 22:58:35+00:00
P00530,Pharmacy,2026-06-10 23:09:35+00:00
P00530,Billing,2026-06-10 23:40:35+00:00
P00530,Discharge,2026-06-11 00:12:35+00:00
P00531,Patient Arrival,2026-07-11 10:15:06+00:00
P00531,Registration,2026-07-11 10:50:06+00:00
P00531,Waiting,2026-07-11 11:32:06+00:00
P00531,Doctor Consultation,2026-07-11 12:23:06+00:00
P00531,Diagnosis,2026-07-11 13:17:06+00:00
P00531,Ward Transfer,2026-07-11 13:53:06+00:00
P00531,Treatment,2026-07-11 14:32:06+00:00
P00531,Pharmacy,2026-07-11 14:42:06+00:00
P00531,Billing,2026-07-11 15:09:06+00:00
P00531,Discharge,2026-07-11 15:31:06+00:00
P00533,Patient Arrival,2026-07-13 21:55:06+00:00
P00533,Registration,2026-07-13 22:24:06+00:00
P00533,Waiting,2026-07-13 23:53:06+00:00
P00533,Doctor Consultation,2026-07-14 00:35:06+00:00
P00533,ECG,2026-07-14 01:02:06+00:00
P00533,Doctor Consultation,2026-07-14 01:34:06+00:00
P00533,Doctor Consultation,2026-07-14 01:34:06+00:00
P00533,Diagnosis,2026-07-14 02:12:06+00:00
P00533,Treatment,2026-07-14 03:31:06+00:00
P00533,Pharmacy,2026-07-14 04:01:06+00:00
P00533,Billing,2026-07-14 04:21:06+00:00
P00533,Discharge,2026-07-14 04:57:06+00:00
P00534,Patient Arrival,2026-10-29 13:52:32+00:00
P00534,Registration,2026-10-29 14:29:32+00:00
P00534,Waiting,2026-10-29 15:39:32+00:00
P00534,Doctor Consultation,2026-10-29 16:32:32+00:00
P00534,Blood Test,2026-10-29 17:04:32+00:00
P00534,Doctor Consultation,2026-10-29 17:44:32+00:00
P00534,Diagnosis,2026-10-29 18:23:32+00:00
P00534,Ward Transfer,2026-10-29 18:42:32+00:00
P00534,Treatment,2026-10-29 19:34:32+00:00
P00534,Pharmacy,2026-10-29 19:59:32+00:00
P00534,Billing,2026-10-29 20:26:32+00:00
P00534,Discharge,2026-10-29 21:07:32+00:00
P00539,Patient Arrival,2026-11-01 14:49:06+00:00
P00539,Registration,2026-11-01 15:22:06+00:00
P00539,Waiting,2026-11-01 16:44:06+00:00
P00539,Doctor Consultation,2026-11-01 17:24:06+00:00
P00539,ECG,2026-11-01 17:59:06+00:00
P00539,Doctor Consultation,2026-11-01 18:28:06+00:00
P00539,Diagnosis,2026-11-01 19:02:06+00:00
P00539,Ward Transfer,2026-11-01 19:30:06+00:00
P00539,Treatment,2026-11-01 21:45:06+00:00
P00539,Pharmacy,2026-11-01 22:09:06+00:00
P00539,Billing,2026-11-01 22:43:06+00:00
P00539,Discharge,2026-11-01 23:06:06+00:00
P00542,Patient Arrival,2026-02-22 16:22:41+00:00
P00542,Registration,2026-02-22 16:32:41+00:00
P00542,Waiting,2026-02-22 18:04:41+00:00
P00542,Doctor Consultation,2026-02-22 18:39:41+00:00
P00542,Diagnosis,2026-02-22 19:04:41+00:00
P00542,Treatment,2026-02-22 20:17:41+00:00
P00542,Pharmacy,2026-02-22 20:53:41+00:00
P00542,Billing,2026-02-22 21:11:41+00:00
P00542,Discharge,2026-02-22 21:34:41+00:00
P00546,Patient Arrival,2026-03-16 02:18:41+00:00
P00546,Registration,2026-03-16 02:48:41+00:00
P00546,Waiting,2026-03-16 04:17:41+00:00
P00546,Doctor Consultation,2026-03-16 04:59:41+00:00
P00546,Diagnosis,2026-03-16 05:37:41+00:00
P00546,Treatment,2026-03-16 06:48:41+00:00
P00546,Pharmacy,2026-03-16 07:10:41+00:00
P00546,Billing,2026-03-16 07:31:41+00:00
P00546,Discharge,2026-03-16 08:03:41+00:00
P00548,Patient Arrival,2026-02-08 17:00:00+00:00
P00548,Registration,2026-02-08 17:46:00+00:00
P00548,Waiting,2026-02-08 19:06:00+00:00
P00548,Doctor Consultation,2026-02-08 19:44:00+00:00
P00548,Blood Test,2026-02-08 20:07:00+00:00
P00548,Doctor Consultation,2026-02-08 20:26:00+00:00
P00548,Urine Test,2026-02-08 20:50:00+00:00
P00548,Doctor Consultation,2026-02-08 21:04:00+00:00
P00548,Diagnosis,2026-02-08 21:50:00+00:00
P00548,Treatment,2026-02-08 22:38:00+00:00
P00548,Pharmacy,2026-02-08 23:08:00+00:00
P00548,Billing,2026-02-08 23:38:00+00:00
P00548,Discharge,2026-02-09 00:30:00+00:00
P00549,Patient Arrival,2026-05-23 15:01:01+00:00
P00549,Registration,2026-05-23 15:34:01+00:00
P00549,Waiting,2026-05-23 16:59:01+00:00
P00549,Doctor Consultation,2026-05-23 17:37:01+00:00
P00549,Urine Test,2026-05-23 18:14:01+00:00
P00549,Doctor Consultation,2026-05-23 18:51:01+00:00
P00549,Diagnosis,2026-05-23 19:30:01+00:00
P00549,Ward Transfer,2026-05-23 19:52:01+00:00
P00549,Treatment,2026-05-23 21:42:01+00:00
P00549,Pharmacy,2026-05-23 22:18:01+00:00
P00549,Billing,2026-05-23 22:54:01+00:00
P00549,Discharge,2026-05-23 23:37:01+00:00
P00551,Patient Arrival,2026-01-28 16:38:53+00:00
P00551,Registration,2026-01-28 17:15:53+00:00
P00551,Registration,2026-01-28 17:15:53+00:00
P00551,Waiting,2026-01-28 18:57:53+00:00
P00551,Doctor Consultation,2026-01-28 19:27:53+00:00
P00551,Diagnosis,2026-01-28 19:52:53+00:00
P00551,Ward Transfer,2026-01-28 20:38:53+00:00
P00551,Treatment,2026-01-28 21:32:53+00:00
P00551,Pharmacy,2026-01-28 21:52:53+00:00
P00551,Billing,2026-01-28 22:10:53+00:00
P00551,Discharge,2026-01-28 22:21:53+00:00
P00552,Patient Arrival,2026-07-24 17:08:54+00:00
P00552,Registration,2026-07-24 17:48:54+00:00
P00552,Waiting,2026-07-24 19:27:54+00:00
P00552,Doctor Consultation,2026-07-24 19:57:54+00:00
P00552,ECG,2026-07-24 20:10:54+00:00
P00552,Doctor Consultation,2026-07-24 20:26:54+00:00
P00552,Diagnosis,2026-07-24 20:40:54+00:00
P00552,Treatment,2026-07-24 22:06:54+00:00
P00552,Pharmacy,2026-07-24 22:44:54+00:00
P00552,Billing,2026-07-24 23:14:54+00:00
P00552,Discharge,2026-07-24 23:48:54+00:00
P00555,Patient Arrival,2026-11-25 11:05:36+00:00
P00555,Registration,2026-11-25 11:34:36+00:00
P00555,Waiting,2026-11-25 12:40:36+00:00
P00555,Doctor Consultation,2026-11-25 13:00:36+00:00
P00555,Diagnosis,2026-11-25 13:52:36+00:00
P00555,Treatment,2026-11-25 15:45:36+00:00
P00555,Pharmacy,2026-11-25 16:14:36+00:00
P00555,Billing,2026-11-25 17:05:36+00:00
P00555,Discharge,2026-11-25 17:39:36+00:00
P00557,Patient Arrival,2026-08-20 17:08:43+00:00
P00557,Registration,2026-08-20 17:30:43+00:00
P00557,Waiting,2026-08-20 18:50:43+00:00
P00557,Doctor Consultation,2026-08-20 19:16:43+00:00
P00557,Diagnosis,2026-08-20 19:39:43+00:00
P00557,Treatment,2026-08-20 20:49:43+00:00
P00557,Pharmacy,2026-08-20 21:19:43+00:00
P00557,Billing,2026-08-20 22:02:43+00:00
P00557,Discharge,2026-08-20 22:27:43+00:00
P00558,Patient Arrival,2026-01-09 18:25:17+00:00
P00558,Registration,2026-01-09 19:02:17+00:00
P00558,Waiting,2026-01-09 20:31:17+00:00
P00558,Doctor Consultation,2026-01-09 21:02:17+00:00
P00558,ECG,2026-01-09 21:13:17+00:00
P00558,Doctor Consultation,2026-01-09 21:56:17+00:00
P00558,Diagnosis,2026-01-09 22:20:17+00:00
P00558,Ward Transfer,2026-01-09 23:11:17+00:00
P00558,Treatment,2026-01-10 01:14:17+00:00
P00558,Pharmacy,2026-01-10 01:46:17+00:00
P00558,Billing,2026-01-10 02:28:17+00:00
P00558,Discharge,2026-01-10 03:20:17+00:00
P00559,Patient Arrival,2026-04-14 06:21:07+00:00
P00559,Registration,2026-04-14 07:12:07+00:00
P00559,Waiting,2026-04-14 07:55:07+00:00
P00559,Doctor Consultation,2026-04-14 08:14:07+00:00
P00559,Urine Test,2026-04-14 09:01:07+00:00
P00559,Doctor Consultation,2026-04-14 09:40:07+00:00
P00559,Diagnosis,2026-04-14 10:08:07+00:00
P00559,Treatment,2026-04-14 12:04:07+00:00
P00559,Pharmacy,2026-04-14 12:36:07+00:00
P00559,Billing,2026-04-14 12:59:07+00:00
P00559,Discharge,2026-04-14 13:25:07+00:00
P00563,Patient Arrival,2026-09-03 21:00:17+00:00
P00563,Registration,2026-09-03 21:32:17+00:00
P00563,Waiting,2026-09-03 22:35:17+00:00
P00563,Doctor Consultation,2026-09-03 23:01:17+00:00
P00563,Diagnosis,2026-09-03 23:35:17+00:00
P00563,Ward Transfer,2026-09-04 00:18:17+00:00
P00563,Treatment,2026-09-04 01:53:17+00:00
P00563,Pharmacy,2026-09-04 02:23:17+00:00
P00563,Billing,2026-09-04 03:00:17+00:00
P00563,Discharge,2026-09-04 03:24:17+00:00
P00565,Patient Arrival,2026-11-02 18:03:01+00:00
P00565,Registration,2026-11-02 18:26:01+00:00
P00565,Waiting,2026-11-02 20:08:01+00:00
P00565,Doctor Consultation,2026-11-02 20:34:01+00:00
P00565,Blood Test,2026-11-02 21:09:01+00:00
P00565,Doctor Consultation,2026-11-02 21:51:01+00:00
P00565,Diagnosis,2026-11-02 22:33:01+00:00
P00565,Treatment,2026-11-02 23:34:01+00:00
P00565,Pharmacy,2026-11-02 23:51:01+00:00
P00565,Billing,2026-11-03 00:37:01+00:00
P00565,Discharge,2026-11-03 00:57:01+00:00
P00567,Patient Arrival,2026-03-18 12:38:40+00:00
P00567,Registration,2026-03-18 13:06:40+00:00
P00567,Waiting,2026-03-18 14:44:40+00:00
P00567,Doctor Consultation,2026-03-18 15:05:40+00:00
P00567,Blood Test,2026-03-18 15:26:40+00:00
P00567,Doctor Consultation,2026-03-18 15:58:40+00:00
P00567,Diagnosis,2026-03-18 16:37:40+00:00
P00567,Treatment,2026-03-18 18:36:40+00:00
P00567,Pharmacy,2026-03-18 18:50:40+00:00
P00567,Billing,2026-03-18 19:04:40+00:00
P00567,Discharge,2026-03-18 19:28:40+00:00
P00568,Patient Arrival,2026-02-05 03:31:57+00:00
P00568,Registration,2026-02-05 03:55:57+00:00
P00568,Waiting,2026-02-05 05:14:57+00:00
P00568,Doctor Consultation,2026-02-05 05:55:57+00:00
P00568,Diagnosis,2026-02-05 06:24:57+00:00
P00568,Treatment,2026-02-05 07:59:57+00:00
P00568,Pharmacy,2026-02-05 08:31:57+00:00
P00568,Billing,2026-02-05 09:14:57+00:00
P00568,Discharge,2026-02-05 09:43:57+00:00
P00569,Patient Arrival,2026-04-29 17:22:03+00:00
P00569,Registration,2026-04-29 17:55:03+00:00
P00569,Waiting,2026-04-29 19:00:03+00:00
P00569,Doctor Consultation,2026-04-29 19:27:03+00:00
P00569,Blood Test,2026-04-29 20:14:03+00:00
P00569,Doctor Consultation,2026-04-29 20:34:03+00:00
P00569,Diagnosis,2026-04-29 21:12:03+00:00
P00569,Treatment,2026-04-29 23:21:03+00:00
P00569,Treatment,2026-04-29 23:21:03+00:00
P00569,Pharmacy,2026-04-29 23:34:03+00:00
P00569,Billing,2026-04-29 23:59:03+00:00
P00569,Discharge,2026-04-30 00:37:03+00:00
P00574,Patient Arrival,2026-01-21 23:28:25+00:00
P00574,Registration,2026-01-21 23:43:25+00:00
P00574,Waiting,2026-01-22 00:48:25+00:00
P00574,Doctor Consultation,2026-01-22 01:18:25+00:00
P00574,Urine Test,2026-01-22 01:50:25+00:00
P00574,Doctor Consultation,2026-01-22 02:16:25+00:00
P00574,Diagnosis,2026-01-22 03:03:25+00:00
P00574,Treatment,2026-01-22 04:24:25+00:00
P00574,Pharmacy,2026-01-22 04:47:25+00:00
P00574,Billing,2026-01-22 05:09:25+00:00
P00574,Discharge,2026-01-22 05:41:25+00:00
P00575,Patient Arrival,2026-02-12 05:59:15+00:00
P00575,Registration,2026-02-12 06:24:15+00:00
P00575,Waiting,2026-02-12 07:32:15+00:00
P00575,Doctor Consultation,2026-02-12 08:01:15+00:00
P00575,Blood Test,2026-02-12 08:30:15+00:00
P00575,Doctor Consultation,2026-02-12 08:52:15+00:00
P00575,Diagnosis,2026-02-12 09:22:15+00:00
P00575,Ward Transfer,2026-02-12 10:08:15+00:00
P00575,Treatment,2026-02-12 11:41:15+00:00
P00575,Pharmacy,2026-02-12 12:14:15+00:00
P00575,Pharmacy,2026-02-12 12:14:15+00:00
P00575,Billing,2026-02-12 12:54:15+00:00
P00575,Discharge,2026-02-12 13:33:15+00:00
P00576,Patient Arrival,2026-08-21 06:02:06+00:00
P00576,Registration,2026-08-21 06:40:06+00:00
P00576,Waiting,2026-08-21 07:36:06+00:00
P00576,Doctor Consultation,2026-08-21 08:16:06+00:00
P00576,Diagnosis,2026-08-21 08:52:06+00:00
P00576,Ward Transfer,2026-08-21 09:30:06+00:00
P00576,Treatment,2026-08-21 11:38:06+00:00
P00576,Pharmacy,2026-08-21 12:25:06+00:00
P00576,Billing,2026-08-21 12:56:06+00:00
P00576,Discharge,2026-08-21 13:39:06+00:00
P00578,Patient Arrival,2026-07-15 00:08:08+00:00
P00578,Registration,2026-07-15 00:35:08+00:00
P00578,Waiting,2026-07-15 01:26:08+00:00
P00578,Doctor Consultation,2026-07-15 02:03:08+00:00
P00578,X-Ray,2026-07-15 02:23:08+00:00
P00578,Doctor Consultation,2026-07-15 03:02:08+00:00
P00578,Urine Test,2026-07-15 03:20:08+00:00
P00578,Doctor Consultation,2026-07-15 03:47:08+00:00
P00578,Diagnosis,2026-07-15 04:17:08+00:00
P00578,Treatment,2026-07-15 05:23:08+00:00
P00578,Pharmacy,2026-07-15 05:40:08+00:00
P00578,Billing,2026-07-15 06:11:08+00:00
P00578,Discharge,2026-07-15 06:43:08+00:00
P00580,Patient Arrival,2026-09-01 06:44:42+00:00
P00580,Registration,2026-09-01 07:15:42+00:00
P00580,Waiting,2026-09-01 08:41:42+00:00
P00580,Doctor Consultation,2026-09-01 09:13:42+00:00
P00580,Blood Test,2026-09-01 09:42:42+00:00
P00580,Doctor Consultation,2026-09-01 10:06:42+00:00
P00580,Diagnosis,2026-09-01 10:41:42+00:00
P00580,Treatment,2026-09-01 12:19:42+00:00
P00580,Pharmacy,2026-09-01 12:58:42+00:00
P00580,Billing,2026-09-01 13:40:42+00:00
P00580,Discharge,2026-09-01 14:04:42+00:00
P00583,Patient Arrival,2026-08-05 19:33:17+00:00
P00583,Registration,2026-08-05 19:55:17+00:00
P00583,Waiting,2026-08-05 21:21:17+00:00
P00583,Doctor Consultation,2026-08-05 21:30:17+00:00
P00583,Blood Test,2026-08-05 22:00:17+00:00
P00583,Blood Test,2026-08-05 22:00:17+00:00
P00583,Doctor Consultation,2026-08-05 22:45:17+00:00
P00583,Diagnosis,2026-08-05 23:20:17+00:00
P00583,Ward Transfer,2026-08-05 23:59:17+00:00
P00583,Treatment,2026-08-06 01:01:17+00:00
P00583,Pharmacy,2026-08-06 01:36:17+00:00
P00583,Billing,2026-08-06 01:47:17+00:00
P00583,Discharge,2026-08-06 02:16:17+00:00
P00590,Patient Arrival,2026-06-03 10:22:03+00:00
P00590,Registration,2026-06-03 10:58:03+00:00
P00590,Waiting,2026-06-03 12:16:03+00:00
P00590,Doctor Consultation,2026-06-03 12:56:03+00:00
P00590,Blood Test,2026-06-03 13:38:03+00:00
P00590,Doctor Consultation,2026-06-03 14:13:03+00:00
P00590,Diagnosis,2026-06-03 14:59:03+00:00
P00590,Ward Transfer,2026-06-03 15:26:03+00:00
P00590,Treatment,2026-06-03 17:07:03+00:00
P00590,Pharmacy,2026-06-03 17:51:03+00:00
P00590,Billing,2026-06-03 18:30:03+00:00
P00590,Discharge,2026-06-03 19:12:03+00:00
P00593,Patient Arrival,2026-04-22 09:19:01+00:00
P00593,Registration,2026-04-22 09:55:01+00:00
P00593,Waiting,2026-04-22 10:47:01+00:00
P00593,Doctor Consultation,2026-04-22 11:25:01+00:00
P00593,Blood Test,2026-04-22 12:13:01+00:00
P00593,Doctor Consultation,2026-04-22 12:45:01+00:00
P00593,Diagnosis,2026-04-22 13:29:01+00:00
P00593,Treatment,2026-04-22 15:23:01+00:00
P00593,Treatment,2026-04-22 15:23:01+00:00
P00593,Pharmacy,2026-04-22 15:44:01+00:00
P00593,Billing,2026-04-22 16:21:01+00:00
P00593,Discharge,2026-04-22 16:36:01+00:00
P00594,Patient Arrival,2026-06-25 18:49:52+00:00
P00594,Registration,2026-06-25 19:17:52+00:00
P00594,Waiting,2026-06-25 20:39:52+00:00
P00594,Doctor Consultation,2026-06-25 21:02:52+00:00
P00594,Urine Test,2026-06-25 21:34:52+00:00
P00594,Doctor Consultation,2026-06-25 22:09:52+00:00
P00594,Diagnosis,2026-06-25 22:34:52+00:00
P00594,Ward Transfer,2026-06-25 23:08:52+00:00
P00594,Treatment,2026-06-26 00:51:52+00:00
P00594,Pharmacy,2026-06-26 01:35:52+00:00
P00594,Billing,2026-06-26 02:04:52+00:00
P00594,Discharge,2026-06-26 02:43:52+00:00
P00597,Patient Arrival,2026-10-10 15:36:18+00:00
P00597,Registration,2026-10-10 16:02:18+00:00
P00597,Waiting,2026-10-10 17:04:18+00:00
P00597,Doctor Consultation,2026-10-10 17:24:18+00:00
P00597,Urine Test,2026-10-10 18:00:18+00:00
P00597,Doctor Consultation,2026-10-10 18:30:18+00:00
P00597,Diagnosis,2026-10-10 19:00:18+00:00
P00597,Treatment,2026-10-10 20:13:18+00:00
P00597,Pharmacy,2026-10-10 20:58:18+00:00
P00597,Billing,2026-10-10 21:47:18+00:00
P00597,Discharge,2026-10-10 22:09:18+00:00
P00598,Patient Arrival,2026-08-08 23:05:48+00:00
P00598,Registration,2026-08-08 23:33:48+00:00
P00598,Waiting,2026-08-09 00:49:48+00:00
P00598,Doctor Consultation,2026-08-09 01:09:48+00:00
P00598,Diagnosis,2026-08-09 01:45:48+00:00
P00598,Treatment,2026-08-09 03:56:48+00:00
P00598,Pharmacy,2026-08-09 04:14:48+00:00
P00598,Billing,2026-08-09 04:55:48+00:00
P00598,Discharge,2026-08-09 05:07:48+00:00
P00601,Patient Arrival,2026-07-05 02:33:25+00:00
P00601,Registration,2026-07-05 03:07:25+00:00
P00601,Waiting,2026-07-05 04:44:25+00:00
P00601,Doctor Consultation,2026-07-05 05:12:25+00:00
P00601,X-Ray,2026-07-05 05:55:25+00:00
P00601,Doctor Consultation,2026-07-05 06:35:25+00:00
P00601,Diagnosis,2026-07-05 07:07:25+00:00
P00601,Treatment,2026-07-05 08:11:25+00:00
P00601,Pharmacy,2026-07-05 08:38:25+00:00
P00601,Billing,2026-07-05 09:03:25+00:00
P00601,Discharge,2026-07-05 09:38:25+00:00
P00603,Patient Arrival,2026-08-23 15:31:41+00:00
P00603,Registration,2026-08-23 15:51:41+00:00
P00603,Waiting,2026-08-23 16:39:41+00:00
P00603,Doctor Consultation,2026-08-23 16:53:41+00:00
P00603,X-Ray,2026-08-23 17:24:41+00:00
P00603,Doctor Consultation,2026-08-23 17:59:41+00:00
P00603,Doctor Consultation,2026-08-23 17:59:41+00:00
P00603,Diagnosis,2026-08-23 18:42:41+00:00
P00603,Ward Transfer,2026-08-23 19:34:41+00:00
P00603,Treatment,2026-08-23 20:45:41+00:00
P00603,Pharmacy,2026-08-23 21:30:41+00:00
P00603,Billing,2026-08-23 21:54:41+00:00
P00603,Discharge,2026-08-23 22:28:41+00:00
P00610,Patient Arrival,2026-01-10 16:22:23+00:00
P00610,Registration,2026-01-10 16:59:23+00:00
P00610,Waiting,2026-01-10 18:16:23+00:00
P00610,Doctor Consultation,2026-01-10 18:56:23+00:00
P00610,Diagnosis,2026-01-10 19:28:23+00:00
P00610,Treatment,2026-01-10 21:29:23+00:00
P00610,Pharmacy,2026-01-10 21:57:23+00:00
P00610,Billing,2026-01-10 22:14:23+00:00
P00610,Discharge,2026-01-10 22:28:23+00:00
P00612,Patient Arrival,2026-07-17 03:07:22+00:00
P00612,Registration,2026-07-17 03:37:22+00:00
P00612,Waiting,2026-07-17 05:14:22+00:00
P00612,Doctor Consultation,2026-07-17 05:39:22+00:00
P00612,X-Ray,2026-07-17 06:24:22+00:00
P00612,Doctor Consultation,2026-07-17 06:56:22+00:00
P00612,Diagnosis,2026-07-17 07:49:22+00:00
P00612,Treatment,2026-07-17 08:52:22+00:00
P00612,Pharmacy,2026-07-17 09:32:22+00:00
P00612,Billing,2026-07-17 09:47:22+00:00
P00612,Discharge,2026-07-17 10:35:22+00:00
P00613,Patient Arrival,2026-03-10 13:36:54+00:00
P00613,Registration,2026-03-10 14:28:54+00:00
P00613,Waiting,2026-03-10 15:22:54+00:00
P00613,Doctor Consultation,2026-03-10 15:42:54+00:00
P00613,Blood Test,2026-03-10 16:25:54+00:00
P00613,Doctor Consultation,2026-03-10 17:01:54+00:00
P00613,Diagnosis,2026-03-10 17:43:54+00:00
P00613,Ward Transfer,2026-03-10 18:20:54+00:00
P00613,Treatment,2026-03-10 20:13:54+00:00
P00613,Pharmacy,2026-03-10 21:00:54+00:00
P00613,Billing,2026-03-10 21:11:54+00:00
P00613,Discharge,2026-03-10 21:38:54+00:00
P00615,Patient Arrival,2026-07-22 17:29:16+00:00
P00615,Registration,2026-07-22 18:04:16+00:00
P00615,Waiting,2026-07-22 19:30:16+00:00
P00615,Doctor Consultation,2026-07-22 20:01:16+00:00
P00615,Diagnosis,2026-07-22 20:29:16+00:00
P00615,Treatment,2026-07-22 22:05:16+00:00
P00615,Pharmacy,2026-07-22 22:56:16+00:00
P00615,Billing,2026-07-22 23:22:16+00:00
P00615,Discharge,2026-07-22 23:31:16+00:00
P00616,Patient Arrival,2026-12-12 05:34:04+00:00
P00616,Registration,2026-12-12 06:04:04+00:00
P00616,Waiting,2026-12-12 07:01:04+00:00
P00616,Doctor Consultation,2026-12-12 07:46:04+00:00
P00616,Diagnosis,2026-12-12 08:25:04+00:00
P00616,Ward Transfer,2026-12-12 09:06:04+00:00
P00616,Treatment,2026-12-12 10:16:04+00:00
P00616,Pharmacy,2026-12-12 10:45:04+00:00
P00616,Billing,2026-12-12 11:30:04+00:00
P00616,Discharge,2026-12-12 11:52:04+00:00
P00617,Patient Arrival,2026-08-11 02:39:04+00:00
P00617,Registration,2026-08-11 03:23:04+00:00
P00617,Waiting,2026-08-11 03:54:04+00:00
P00617,Doctor Consultation,2026-08-11 04:18:04+00:00
P00617,Urine Test,2026-08-11 04:58:04+00:00
P00617,Doctor Consultation,2026-08-11 05:21:04+00:00
P00617,Diagnosis,2026-08-11 05:50:04+00:00
P00617,Treatment,2026-08-11 07:46:04+00:00
P00617,Pharmacy,2026-08-11 08:20:04+00:00
P00617,Billing,2026-08-11 08:54:04+00:00
P00617,Discharge,2026-08-11 09:39:04+00:00
P00618,Patient Arrival,2026-06-11 02:05:38+00:00
P00618,Registration,2026-06-11 02:33:38+00:00
P00618,Waiting,2026-06-11 03:25:38+00:00
P00618,Doctor Consultation,2026-06-11 03:41:38+00:00
P00618,Urine Test,2026-06-11 04:29:38+00:00
P00618,Doctor Consultation,2026-06-11 05:16:38+00:00
P00618,Diagnosis,2026-06-11 05:39:38+00:00
P00618,Ward Transfer,2026-06-11 06:07:38+00:00
P00618,Treatment,2026-06-11 07:21:38+00:00
P00618,Pharmacy,2026-06-11 07:39:38+00:00
P00618,Billing,2026-06-11 08:04:38+00:00
P00618,Discharge,2026-06-11 08:47:38+00:00
P00619,Patient Arrival,2026-01-15 20:58:49+00:00
P00619,Registration,2026-01-15 21:44:49+00:00
P00619,Waiting,2026-01-15 23:37:49+00:00
P00619,Doctor Consultation,2026-01-16 00:21:49+00:00
P00619,Diagnosis,2026-01-16 01:05:49+00:00
P00619,Treatment,2026-01-16 02:54:49+00:00
P00619,Pharmacy,2026-01-16 03:28:49+00:00
P00619,Billing,2026-01-16 03:49:49+00:00
P00619,Discharge,2026-01-16 04:22:49+00:00
P00621,Patient Arrival,2026-03-22 00:43:56+00:00
P00621,Registration,2026-03-22 01:15:56+00:00
P00621,Waiting,2026-03-22 02:06:56+00:00
P00621,Doctor Consultation,2026-03-22 02:44:56+00:00
P00621,Blood Test,2026-03-22 03:15:56+00:00
P00621,Doctor Consultation,2026-03-22 03:41:56+00:00
P00621,Diagnosis,2026-03-22 04:27:56+00:00
P00621,Ward Transfer,2026-03-22 04:46:56+00:00
P00621,Treatment,2026-03-22 06:03:56+00:00
P00621,Pharmacy,2026-03-22 06:31:56+00:00
P00621,Billing,2026-03-22 07:01:56+00:00
P00621,Discharge,2026-03-22 07:46:56+00:00
P00625,Patient Arrival,2026-04-16 14:52:19+00:00
P00625,Registration,2026-04-16 15:22:19+00:00
P00625,Waiting,2026-04-16 16:24:19+00:00
P00625,Doctor Consultation,2026-04-16 17:08:19+00:00
P00625,X-Ray,2026-04-16 17:38:19+00:00
P00625,Doctor Consultation,2026-04-16 17:59:19+00:00
P00625,Diagnosis,2026-04-16 18:33:19+00:00
P00625,Treatment,2026-04-16 20:38:19+00:00
P00625,Pharmacy,2026-04-16 21:08:19+00:00
P00625,Billing,2026-04-16 21:45:19+00:00
P00625,Discharge,2026-04-16 22:31:19+00:00
P00626,Patient Arrival,2026-01-21 01:14:08+00:00
P00626,Registration,2026-01-21 01:43:08+00:00
P00626,Waiting,2026-01-21 02:57:08+00:00
P00626,Doctor Consultation,2026-01-21 03:20:08+00:00
P00626,Diagnosis,2026-01-21 03:41:08+00:00
P00626,Ward Transfer,2026-01-21 04:17:08+00:00
P00626,Treatment,2026-01-21 06:18:08+00:00
P00626,Pharmacy,2026-01-21 06:45:08+00:00
P00626,Billing,2026-01-21 06:57:08+00:00
P00626,Discharge,2026-01-21 07:25:08+00:00
P00628,Patient Arrival,2026-09-18 21:28:50+00:00
P00628,Registration,2026-09-18 21:58:50+00:00
P00628,Waiting,2026-09-18 23:35:50+00:00
P00628,Doctor Consultation,2026-09-19 00:11:50+00:00
P00628,Diagnosis,2026-09-19 00:22:50+00:00
P00628,Treatment,2026-09-19 01:42:50+00:00
P00628,Pharmacy,2026-09-19 02:03:50+00:00
P00628,Billing,2026-09-19 02:43:50+00:00
P00628,Discharge,2026-09-19 03:20:50+00:00
P00631,Patient Arrival,2026-12-10 01:02:01+00:00
P00631,Registration,2026-12-10 01:28:01+00:00
P00631,Waiting,2026-12-10 02:34:01+00:00
P00631,Doctor Consultation,2026-12-10 03:10:01+00:00
P00631,Urine Test,2026-12-10 03:47:01+00:00
P00631,Doctor Consultation,2026-12-10 04:40:01+00:00
P00631,Diagnosis,2026-12-10 05:06:01+00:00
P00631,Ward Transfer,2026-12-10 05:24:01+00:00
P00631,Treatment,2026-12-10 06:16:01+00:00
P00631,Pharmacy,2026-12-10 06:51:01+00:00
P00631,Billing,2026-12-10 07:17:01+00:00
P00631,Discharge,2026-12-10 07:33:01+00:00
P00639,Patient Arrival,2026-11-05 20:05:50+00:00
P00639,Registration,2026-11-05 20:44:50+00:00
P00639,Waiting,2026-11-05 21:37:50+00:00
P00639,Doctor Consultation,2026-11-05 22:28:50+00:00
P00639,Diagnosis,2026-11-05 23:10:50+00:00
P00639,Treatment,2026-11-06 01:01:50+00:00
P00639,Pharmacy,2026-11-06 01:35:50+00:00
P00639,Billing,2026-11-06 02:02:50+00:00
P00639,Discharge,2026-11-06 02:14:50+00:00
P00641,Patient Arrival,2026-08-06 20:21:37+00:00
P00641,Registration,2026-08-06 20:45:37+00:00
P00641,Waiting,2026-08-06 21:32:37+00:00
P00641,Doctor Consultation,2026-08-06 22:01:37+00:00
P00641,Diagnosis,2026-08-06 22:27:37+00:00
P00641,Treatment,2026-08-07 00:14:37+00:00
P00641,Pharmacy,2026-08-07 00:41:37+00:00
P00641,Billing,2026-08-07 01:07:37+00:00
P00641,Discharge,2026-08-07 01:33:37+00:00
P00645,Patient Arrival,2026-12-14 09:25:32+00:00
P00645,Registration,2026-12-14 09:59:32+00:00
P00645,Waiting,2026-12-14 10:54:32+00:00
P00645,Doctor Consultation,2026-12-14 11:25:32+00:00
P00645,X-Ray,2026-12-14 11:50:32+00:00
P00645,Doctor Consultation,2026-12-14 12:22:32+00:00
P00645,Diagnosis,2026-12-14 12:30:32+00:00
P00645,Ward Transfer,2026-12-14 13:09:32+00:00
P00645,Treatment,2026-12-14 14:42:32+00:00
P00645,Pharmacy,2026-12-14 14:51:32+00:00
P00645,Billing,2026-12-14 14:58:32+00:00
P00645,Discharge,2026-12-14 15:34:32+00:00
P00650,Patient Arrival,2026-07-28 03:43:17+00:00
P00650,Registration,2026-07-28 04:18:17+00:00
P00650,Waiting,2026-07-28 05:23:17+00:00
P00650,Doctor Consultation,2026-07-28 06:02:17+00:00
P00650,Diagnosis,2026-07-28 06:19:17+00:00
P00650,Treatment,2026-07-28 08:21:17+00:00
P00650,Pharmacy,2026-07-28 08:57:17+00:00
P00650,Billing,2026-07-28 09:21:17+00:00
P00650,Discharge,2026-07-28 09:56:17+00:00
P00654,Patient Arrival,2026-08-23 20:21:28+00:00
P00654,Registration,2026-08-23 20:42:28+00:00
P00654,Waiting,2026-08-23 21:42:28+00:00
P00654,Doctor Consultation,2026-08-23 22:16:28+00:00
P00654,Urine Test,2026-08-23 23:05:28+00:00
P00654,Doctor Consultation,2026-08-23 23:25:28+00:00
P00654,Diagnosis,2026-08-23 23:51:28+00:00
P00654,Ward Transfer,2026-08-24 00:27:28+00:00
P00654,Treatment,2026-08-24 02:12:28+00:00
P00654,Pharmacy,2026-08-24 02:53:28+00:00
P00654,Billing,2026-08-24 03:26:28+00:00
P00654,Discharge,2026-08-24 03:47:28+00:00
P00655,Patient Arrival,2026-03-12 13:30:49+00:00
P00655,Registration,2026-03-12 14:18:49+00:00
P00655,Waiting,2026-03-12 15:12:49+00:00
P00655,Doctor Consultation,2026-03-12 15:32:49+00:00
P00655,Diagnosis,2026-03-12 16:06:49+00:00
P00655,Treatment,2026-03-12 17:42:49+00:00
P00655,Pharmacy,2026-03-12 17:58:49+00:00
P00655,Billing,2026-03-12 18:12:49+00:00
P00655,Discharge,2026-03-12 18:56:49+00:00
P00657,Patient Arrival,2026-01-22 10:57:10+00:00
P00657,Registration,2026-01-22 11:23:10+00:00
P00657,Waiting,2026-01-22 12:28:10+00:00
P00657,Doctor Consultation,2026-01-22 12:59:10+00:00
P00657,Diagnosis,2026-01-22 13:40:10+00:00
P00657,Treatment,2026-01-22 14:35:10+00:00
P00657,Pharmacy,2026-01-22 15:11:10+00:00
P00657,Billing,2026-01-22 15:36:10+00:00
P00657,Discharge,2026-01-22 16:01:10+00:00
P00659,Patient Arrival,2026-12-27 10:52:25+00:00
P00659,Registration,2026-12-27 11:18:25+00:00
P00659,Waiting,2026-12-27 12:42:25+00:00
P00659,Doctor Consultation,2026-12-27 13:00:25+00:00
P00659,Blood Test,2026-12-27 13:40:25+00:00
P00659,Doctor Consultation,2026-12-27 13:49:25+00:00
P00659,Blood Test,2026-12-27 14:10:25+00:00
P00659,Doctor Consultation,2026-12-27 14:19:25+00:00
P00659,Diagnosis,2026-12-27 14:48:25+00:00
P00659,Treatment,2026-12-27 16:40:25+00:00
P00659,Pharmacy,2026-12-27 17:26:25+00:00
P00659,Billing,2026-12-27 17:58:25+00:00
P00659,Discharge,2026-12-27 18:17:25+00:00
P00662,Patient Arrival,2026-05-03 00:26:11+00:00
P00662,Registration,2026-05-03 00:59:11+00:00
P00662,Waiting,2026-05-03 01:55:11+00:00
P00662,Doctor Consultation,2026-05-03 02:49:11+00:00
P00662,Diagnosis,2026-05-03 03:11:11+00:00
P00662,Treatment,2026-05-03 05:05:11+00:00
P00662,Pharmacy,2026-05-03 05:23:11+00:00
P00662,Billing,2026-05-03 05:56:11+00:00
P00662,Discharge,2026-05-03 06:34:11+00:00
P00663,Patient Arrival,2026-05-17 21:04:13+00:00
P00663,Registration,2026-05-17 21:32:13+00:00
P00663,Waiting,2026-05-17 22:43:13+00:00
P00663,Waiting,2026-05-17 22:43:13+00:00
P00663,Doctor Consultation,2026-05-17 23:30:13+00:00
P00663,Diagnosis,2026-05-18 00:01:13+00:00
P00663,Treatment,2026-05-18 01:09:13+00:00
P00663,Pharmacy,2026-05-18 01:28:13+00:00
P00663,Billing,2026-05-18 02:08:13+00:00
P00663,Discharge,2026-05-18 02:36:13+00:00
P00664,Patient Arrival,2026-11-21 19:28:36+00:00
P00664,Registration,2026-11-21 20:09:36+00:00
P00664,Waiting,2026-11-21 21:40:36+00:00
P00664,Doctor Consultation,2026-11-21 22:01:36+00:00
P00664,Urine Test,2026-11-21 22:44:36+00:00
P00664,Doctor Consultation,2026-11-21 23:05:36+00:00
P00664,Diagnosis,2026-11-21 23:56:36+00:00
P00664,Treatment,2026-11-22 00:49:36+00:00
P00664,Pharmacy,2026-11-22 01:14:36+00:00
P00664,Billing,2026-11-22 01:38:36+00:00
P00664,Discharge,2026-11-22 02:07:36+00:00
P00669,Patient Arrival,2026-03-27 04:05:34+00:00
P00669,Registration,2026-03-27 04:43:34+00:00
P00669,Waiting,2026-03-27 06:02:34+00:00
P00669,Doctor Consultation,2026-03-27 06:25:34+00:00
P00669,Blood Test,2026-03-27 06:50:34+00:00
P00669,Doctor Consultation,2026-03-27 07:04:34+00:00
P00669,Diagnosis,2026-03-27 07:20:34+00:00
P00669,Treatment,2026-03-27 09:03:34+00:00
P00669,Pharmacy,2026-03-27 09:38:34+00:00
P00669,Pharmacy,2026-03-27 09:38:34+00:00
P00669,Billing,2026-03-27 10:00:34+00:00
P00669,Discharge,2026-03-27 10:18:34+00:00
P00670,Patient Arrival,2026-04-08 16:38:38+00:00
P00670,Registration,2026-04-08 17:20:38+00:00
P00670,Waiting,2026-04-08 18:37:38+00:00
P00670,Doctor Consultation,2026-04-08 19:01:38+00:00
P00670,X-Ray,2026-04-08 19:31:38+00:00
P00670,Doctor Consultation,2026-04-08 20:02:38+00:00
P00670,Diagnosis,2026-04-08 20:45:38+00:00
P00670,Treatment,2026-04-08 22:53:38+00:00
P00670,Pharmacy,2026-04-08 23:09:38+00:00
P00670,Billing,2026-04-08 23:32:38+00:00
P00670,Discharge,2026-04-08 23:55:38+00:00
P00671,Patient Arrival,2026-04-14 19:51:04+00:00
P00671,Registration,2026-04-14 20:25:04+00:00
P00671,Waiting,2026-04-14 21:09:04+00:00
P00671,Doctor Consultation,2026-04-14 21:47:04+00:00
P00671,ECG,2026-04-14 22:28:04+00:00
P00671,Doctor Consultation,2026-04-14 23:00:04+00:00
P00671,Diagnosis,2026-04-14 23:34:04+00:00
P00671,Treatment,2026-04-15 00:50:04+00:00
P00671,Pharmacy,2026-04-15 01:36:04+00:00
P00671,Billing,2026-04-15 02:20:04+00:00
P00671,Discharge,2026-04-15 02:39:04+00:00
P00676,Patient Arrival,2026-01-15 05:28:55+00:00
P00676,Registration,2026-01-15 06:06:55+00:00
P00676,Waiting,2026-01-15 07:43:55+00:00
P00676,Doctor Consultation,2026-01-15 08:21:55+00:00
P00676,Blood Test,2026-01-15 08:37:55+00:00
P00676,Doctor Consultation,2026-01-15 08:51:55+00:00
P00676,Diagnosis,2026-01-15 09:13:55+00:00
P00676,Ward Transfer,2026-01-15 09:38:55+00:00
P00676,Treatment,2026-01-15 11:22:55+00:00
P00676,Pharmacy,2026-01-15 11:58:55+00:00
P00676,Billing,2026-01-15 12:43:55+00:00
P00676,Discharge,2026-01-15 13:03:55+00:00
P00677,Patient Arrival,2026-11-21 08:14:34+00:00
P00677,Registration,2026-11-21 08:52:34+00:00
P00677,Waiting,2026-11-21 09:48:34+00:00
P00677,Doctor Consultation,2026-11-21 10:29:34+00:00
P00677,Diagnosis,2026-11-21 10:41:34+00:00
P00677,Treatment,2026-11-21 12:39:34+00:00
P00677,Pharmacy,2026-11-21 13:05:34+00:00
P00677,Billing,2026-11-21 13:26:34+00:00
P00677,Discharge,2026-11-21 13:53:34+00:00
P00678,Patient Arrival,2026-11-10 18:54:06+00:00
P00678,Registration,2026-11-10 19:24:06+00:00
P00678,Waiting,2026-11-10 20:42:06+00:00
P00678,Doctor Consultation,2026-11-10 21:16:06+00:00
P00678,Diagnosis,2026-11-10 21:35:06+00:00
P00678,Ward Transfer,2026-11-10 21:56:06+00:00
P00678,Treatment,2026-11-11 00:02:06+00:00
P00678,Pharmacy,2026-11-11 00:32:06+00:00
P00678,Billing,2026-11-11 01:06:06+00:00
P00678,Discharge,2026-11-11 01:15:06+00:00
P00679,Patient Arrival,2026-02-25 08:19:07+00:00
P00679,Registration,2026-02-25 08:55:07+00:00
P00679,Waiting,2026-02-25 09:43:07+00:00
P00679,Doctor Consultation,2026-02-25 09:51:07+00:00
P00679,ECG,2026-02-25 10:32:07+00:00
P00679,Doctor Consultation,2026-02-25 11:14:07+00:00
P00679,Diagnosis,2026-02-25 11:44:07+00:00
P00679,Diagnosis,2026-02-25 11:44:07+00:00
P00679,Ward Transfer,2026-02-25 12:15:07+00:00
P00679,Treatment,2026-02-25 14:27:07+00:00
P00679,Pharmacy,2026-02-25 14:49:07+00:00
P00679,Billing,2026-02-25 15:18:07+00:00
P00679,Discharge,2026-02-25 16:05:07+00:00
P00681,Patient Arrival,2026-08-20 09:58:28+00:00
P00681,Registration,2026-08-20 10:33:28+00:00
P00681,Waiting,2026-08-20 11:18:28+00:00
P00681,Doctor Consultation,2026-08-20 12:00:28+00:00
P00681,Diagnosis,2026-08-20 12:12:28+00:00
P00681,Treatment,2026-08-20 14:13:28+00:00
P00681,Pharmacy,2026-08-20 14:30:28+00:00
P00681,Billing,2026-08-20 15:21:28+00:00
P00681,Discharge,2026-08-20 15:58:28+00:00
P00685,Patient Arrival,2026-03-12 00:58:56+00:00
P00685,Registration,2026-03-12 01:15:56+00:00
P00685,Waiting,2026-03-12 02:24:56+00:00
P00685,Doctor Consultation,2026-03-12 03:04:56+00:00
P00685,ECG,2026-03-12 03:33:56+00:00
P00685,Doctor Consultation,2026-03-12 03:55:56+00:00
P00685,Diagnosis,2026-03-12 04:40:56+00:00
P00685,Ward Transfer,2026-03-12 04:55:56+00:00
P00685,Treatment,2026-03-12 06:47:56+00:00
P00685,Pharmacy,2026-03-12 07:37:56+00:00
P00685,Billing,2026-03-12 08:13:56+00:00
P00685,Discharge,2026-03-12 08:49:56+00:00
P00688,Patient Arrival,2026-07-26 06:11:46+00:00
P00688,Registration,2026-07-26 06:50:46+00:00
P00688,Waiting,2026-07-26 07:49:46+00:00
P00688,Doctor Consultation,2026-07-26 08:13:46+00:00
P00688,Diagnosis,2026-07-26 08:43:46+00:00
P00688,Treatment,2026-07-26 10:29:46+00:00
P00688,Pharmacy,2026-07-26 11:05:46+00:00
P00688,Billing,2026-07-26 11:37:46+00:00
P00688,Discharge,2026-07-26 11:54:46+00:00
P00690,Patient Arrival,2026-03-04 09:44:02+00:00
P00690,Registration,2026-03-04 10:06:02+00:00
P00690,Waiting,2026-03-04 10:45:02+00:00
P00690,Doctor Consultation,2026-03-04 11:11:02+00:00
P00690,Diagnosis,2026-03-04 11:28:02+00:00
P00690,Ward Transfer,2026-03-04 12:09:02+00:00
P00690,Treatment,2026-03-04 13:57:02+00:00
P00690,Pharmacy,2026-03-04 14:39:02+00:00
P00690,Billing,2026-03-04 15:15:02+00:00
P00690,Discharge,2026-03-04 15:48:02+00:00
P00692,Patient Arrival,2026-08-19 12:44:35+00:00
P00692,Registration,2026-08-19 13:18:35+00:00
P00692,Waiting,2026-08-19 13:57:35+00:00
P00692,Doctor Consultation,2026-08-19 14:28:35+00:00
P00692,Urine Test,2026-08-19 14:42:35+00:00
P00692,Doctor Consultation,2026-08-19 15:23:35+00:00
P00692,Diagnosis,2026-08-19 15:53:35+00:00
P00692,Treatment,2026-08-19 17:27:35+00:00
P00692,Pharmacy,2026-08-19 17:42:35+00:00
P00692,Billing,2026-08-19 18:13:35+00:00
P00692,Discharge,2026-08-19 18:53:35+00:00
P00694,Patient Arrival,2026-12-13 04:26:27+00:00
P00694,Registration,2026-12-13 05:07:27+00:00
P00694,Waiting,2026-12-13 06:24:27+00:00
P00694,Doctor Consultation,2026-12-13 07:11:27+00:00
P00694,Diagnosis,2026-12-13 07:49:27+00:00
P00694,Treatment,2026-12-13 09:39:27+00:00
P00694,Pharmacy,2026-12-13 10:09:27+00:00
P00694,Billing,2026-12-13 10:30:27+00:00
P00694,Discharge,2026-12-13 11:19:27+00:00
P00695,Patient Arrival,2026-09-03 19:22:49+00:00
P00695,Registration,2026-09-03 20:11:49+00:00
P00695,Waiting,2026-09-03 21:16:49+00:00
P00695,Doctor Consultation,2026-09-03 21:36:49+00:00
P00695,Blood Test,2026-09-03 22:01:49+00:00
P00695,Doctor Consultation,2026-09-03 22:40:49+00:00
P00695,Urine Test,2026-09-03 23:28:49+00:00
P00695,Doctor Consultation,2026-09-04 00:15:49+00:00
P00695,Diagnosis,2026-09-04 01:02:49+00:00
P00695,Treatment,2026-09-04 02:14:49+00:00
P00695,Pharmacy,2026-09-04 02:54:49+00:00
P00695,Billing,2026-09-04 03:33:49+00:00
P00695,Discharge,2026-09-04 03:52:49+00:00
P00699,Patient Arrival,2026-08-19 04:37:40+00:00
P00699,Registration,2026-08-19 05:22:40+00:00
P00699,Waiting,2026-08-19 06:03:40+00:00
P00699,Doctor Consultation,2026-08-19 06:32:40+00:00
P00699,Urine Test,2026-08-19 06:46:40+00:00
P00699,Doctor Consultation,2026-08-19 07:05:40+00:00
P00699,Diagnosis,2026-08-19 07:28:40+00:00
P00699,Treatment,2026-08-19 09:33:40+00:00
P00699,Pharmacy,2026-08-19 10:02:40+00:00
P00699,Billing,2026-08-19 10:47:40+00:00
P00699,Discharge,2026-08-19 11:17:40+00:00
P00701,Patient Arrival,2026-10-20 19:55:07+00:00
P00701,Registration,2026-10-20 20:22:07+00:00
P00701,Waiting,2026-10-20 20:50:07+00:00
P00701,Doctor Consultation,2026-10-20 21:26:07+00:00
P00701,Diagnosis,2026-10-20 22:09:07+00:00
P00701,Treatment,2026-10-20 23:52:07+00:00
P00701,Treatment,2026-10-20 23:52:07+00:00
P00701,Pharmacy,2026-10-21 00:29:07+00:00
P00701,Billing,2026-10-21 00:59:07+00:00
P00701,Discharge,2026-10-21 01:39:07+00:00
P00702,Patient Arrival,2026-09-18 04:27:49+00:00
P00702,Registration,2026-09-18 04:55:49+00:00
P00702,Waiting,2026-09-18 06:40:49+00:00
P00702,Doctor Consultation,2026-09-18 07:02:49+00:00
P00702,Blood Test,2026-09-18 07:26:49+00:00
P00702,Doctor Consultation,2026-09-18 07:54:49+00:00
P00702,Diagnosis,2026-09-18 08:09:49+00:00
P00702,Treatment,2026-09-18 09:41:49+00:00
P00702,Pharmacy,2026-09-18 10:12:49+00:00
P00702,Billing,2026-09-18 10:53:49+00:00
P00702,Discharge,2026-09-18 11:18:49+00:00
P00705,Patient Arrival,2026-11-03 06:33:12+00:00
P00705,Registration,2026-11-03 07:17:12+00:00
P00705,Waiting,2026-11-03 08:18:12+00:00
P00705,Doctor Consultation,2026-11-03 08:54:12+00:00
P00705,Diagnosis,2026-11-03 09:11:12+00:00
P00705,Ward Transfer,2026-11-03 09:54:12+00:00
P00705,Treatment,2026-11-03 10:53:12+00:00
P00705,Pharmacy,2026-11-03 11:35:12+00:00
P00705,Billing,2026-11-03 12:10:12+00:00
P00705,Discharge,2026-11-03 12:48:12+00:00
P00706,Patient Arrival,2026-02-13 10:55:59+00:00
P00706,Registration,2026-02-13 11:17:59+00:00
P00706,Waiting,2026-02-13 12:38:59+00:00
P00706,Doctor Consultation,2026-02-13 13:28:59+00:00
P00706,Urine Test,2026-02-13 13:48:59+00:00
P00706,Doctor Consultation,2026-02-13 14:07:59+00:00
P00706,Diagnosis,2026-02-13 14:24:59+00:00
P00706,Ward Transfer,2026-02-13 14:50:59+00:00
P00706,Treatment,2026-02-13 15:29:59+00:00
P00706,Pharmacy,2026-02-13 16:01:59+00:00
P00706,Billing,2026-02-13 16:43:59+00:00
P00706,Discharge,2026-02-13 17:18:59+00:00
P00707,Patient Arrival,2026-10-28 18:36:46+00:00
P00707,Registration,2026-10-28 19:06:46+00:00
P00707,Waiting,2026-10-28 20:37:46+00:00
P00707,Doctor Consultation,2026-10-28 21:09:46+00:00
P00707,Diagnosis,2026-10-28 21:55:46+00:00
P00707,Ward Transfer,2026-10-28 22:23:46+00:00
P00707,Treatment,2026-10-29 00:20:46+00:00
P00707,Pharmacy,2026-10-29 00:46:46+00:00
P00707,Billing,2026-10-29 01:18:46+00:00
P00707,Discharge,2026-10-29 01:36:46+00:00
P00708,Patient Arrival,2026-10-01 07:29:38+00:00
P00708,Registration,2026-10-01 07:58:38+00:00
P00708,Waiting,2026-10-01 09:10:38+00:00
P00708,Doctor Consultation,2026-10-01 09:34:38+00:00
P00708,Diagnosis,2026-10-01 10:04:38+00:00
P00708,Ward Transfer,2026-10-01 10:22:38+00:00
P00708,Treatment,2026-10-01 11:40:38+00:00
P00708,Pharmacy,2026-10-01 11:52:38+00:00
P00708,Billing,2026-10-01 12:18:38+00:00
P00708,Discharge,2026-10-01 12:47:38+00:00
P00711,Patient Arrival,2026-12-16 01:35:43+00:00
P00711,Registration,2026-12-16 02:20:43+00:00
P00711,Waiting,2026-12-16 03:54:43+00:00
P00711,Doctor Consultation,2026-12-16 04:35:43+00:00
P00711,Diagnosis,2026-12-16 04:56:43+00:00
P00711,Ward Transfer,2026-12-16 05:28:43+00:00
P00711,Treatment,2026-12-16 07:40:43+00:00
P00711,Pharmacy,2026-12-16 07:59:43+00:00
P00711,Billing,2026-12-16 08:29:43+00:00
P00711,Discharge,2026-12-16 08:59:43+00:00
P00712,Patient Arrival,2026-07-22 13:44:37+00:00
P00712,Registration,2026-07-22 14:02:37+00:00
P00712,Waiting,2026-07-22 15:12:37+00:00
P00712,Doctor Consultation,2026-07-22 15:34:37+00:00
P00712,ECG,2026-07-22 16:16:37+00:00
P00712,Doctor Consultation,2026-07-22 16:46:37+00:00
P00712,Urine Test,2026-07-22 17:18:37+00:00
P00712,Doctor Consultation,2026-07-22 17:41:37+00:00
P00712,Diagnosis,2026-07-22 18:04:37+00:00
P00712,Treatment,2026-07-22 18:47:37+00:00
P00712,Pharmacy,2026-07-22 19:28:37+00:00
P00712,Billing,2026-07-22 20:02:37+00:00
P00712,Discharge,2026-07-22 20:26:37+00:00
P00713,Patient Arrival,2026-10-14 20:09:54+00:00
P00713,Registration,2026-10-14 20:58:54+00:00
P00713,Registration,2026-10-14 20:58:54+00:00
P00713,Waiting,2026-10-14 22:43:54+00:00
P00713,Doctor Consultation,2026-10-14 23:08:54+00:00
P00713,Urine Test,2026-10-14 23:36:54+00:00
P00713,Doctor Consultation,2026-10-15 00:05:54+00:00
P00713,Diagnosis,2026-10-15 00:35:54+00:00
P00713,Treatment,2026-10-15 02:28:54+00:00
P00713,Pharmacy,2026-10-15 02:49:54+00:00
P00713,Billing,2026-10-15 03:33:54+00:00
P00713,Discharge,2026-10-15 03:58:54+00:00
P00715,Patient Arrival,2026-06-23 06:26:22+00:00
P00715,Registration,2026-06-23 07:07:22+00:00
P00715,Waiting,2026-06-23 07:39:22+00:00
P00715,Doctor Consultation,2026-06-23 07:46:22+00:00
P00715,Urine Test,2026-06-23 07:58:22+00:00
P00715,Urine Test,2026-06-23 07:58:22+00:00
P00715,Doctor Consultation,2026-06-23 08:32:22+00:00
P00715,Diagnosis,2026-06-23 09:05:22+00:00
P00715,Ward Transfer,2026-06-23 09:36:22+00:00
P00715,Treatment,2026-06-23 10:59:22+00:00
P00715,Pharmacy,2026-06-23 11:41:22+00:00
P00715,Billing,2026-06-23 12:12:22+00:00
P00715,Billing,2026-06-23 12:12:22+00:00
P00715,Discharge,2026-06-23 12:26:22+00:00
P00719,Patient Arrival,2026-02-27 19:28:24+00:00
P00719,Registration,2026-02-27 20:13:24+00:00
P00719,Waiting,2026-02-27 21:11:24+00:00
P00719,Doctor Consultation,2026-02-27 21:32:24+00:00
P00719,ECG,2026-02-27 22:18:24+00:00
P00719,Doctor Consultation,2026-02-27 22:35:24+00:00
P00719,Diagnosis,2026-02-27 23:08:24+00:00
P00719,Ward Transfer,2026-02-27 23:35:24+00:00
P00719,Treatment,2026-02-28 00:23:24+00:00
P00719,Treatment,2026-02-28 00:23:24+00:00
P00719,Pharmacy,2026-02-28 01:08:24+00:00
P00719,Billing,2026-02-28 01:41:24+00:00
P00719,Discharge,2026-02-28 02:01:24+00:00
P00719,Discharge,2026-02-28 02:01:24+00:00
P00721,Patient Arrival,2026-07-04 09:40:03+00:00
P00721,Registration,2026-07-04 10:16:03+00:00
P00721,Waiting,2026-07-04 11:17:03+00:00
P00721,Doctor Consultation,2026-07-04 11:43:03+00:00
P00721,X-Ray,2026-07-04 12:08:03+00:00
P00721,X-Ray,2026-07-04 12:08:03+00:00
P00721,Doctor Consultation,2026-07-04 12:39:03+00:00
P00721,Diagnosis,2026-07-04 12:56:03+00:00
P00721,Treatment,2026-07-04 14:49:03+00:00
P00721,Pharmacy,2026-07-04 15:43:03+00:00
P00721,Billing,2026-07-04 15:59:03+00:00
P00721,Discharge,2026-07-04 16:53:03+00:00
P00732,Patient Arrival,2026-07-03 20:50:10+00:00
P00732,Registration,2026-07-03 21:12:10+00:00
P00732,Waiting,2026-07-03 21:54:10+00:00
P00732,Doctor Consultation,2026-07-03 22:31:10+00:00
P00732,Blood Test,2026-07-03 22:58:10+00:00
P00732,Blood Test,2026-07-03 22:58:10+00:00
P00732,Doctor Consultation,2026-07-03 23:40:10+00:00
P00732,Diagnosis,2026-07-04 00:04:10+00:00
P00732,Treatment,2026-07-04 01:50:10+00:00
P00732,Pharmacy,2026-07-04 02:28:10+00:00
P00732,Billing,2026-07-04 03:03:10+00:00
P00732,Discharge,2026-07-04 03:17:10+00:00
P00733,Patient Arrival,2026-02-16 16:40:57+00:00
P00733,Registration,2026-02-16 17:14:57+00:00
P00733,Waiting,2026-02-16 18:01:57+00:00
P00733,Doctor Consultation,2026-02-16 18:22:57+00:00
P00733,Doctor Consultation,2026-02-16 18:22:57+00:00
P00733,Urine Test,2026-02-16 19:03:57+00:00
P00733,Doctor Consultation,2026-02-16 19:19:57+00:00
P00733,Diagnosis,2026-02-16 19:55:57+00:00
P00733,Ward Transfer,2026-02-16 20:15:57+00:00
P00733,Treatment,2026-02-16 21:14:57+00:00
P00733,Pharmacy,2026-02-16 21:41:57+00:00
P00733,Billing,2026-02-16 22:27:57+00:00
P00733,Discharge,2026-02-16 23:10:57+00:00
P00736,Patient Arrival,2026-05-19 14:51:51+00:00
P00736,Registration,2026-05-19 15:20:51+00:00
P00736,Registration,2026-05-19 15:20:51+00:00
P00736,Waiting,2026-05-19 16:41:51+00:00
P00736,Doctor Consultation,2026-05-19 17:06:51+00:00
P00736,X-Ray,2026-05-19 17:19:51+00:00
P00736,Doctor Consultation,2026-05-19 17:39:51+00:00
P00736,Diagnosis,2026-05-19 18:12:51+00:00
P00736,Treatment,2026-05-19 20:20:51+00:00
P00736,Pharmacy,2026-05-19 20:54:51+00:00
P00736,Billing,2026-05-19 21:23:51+00:00
P00736,Discharge,2026-05-19 21:51:51+00:00
P00742,Patient Arrival,2026-07-23 12:22:31+00:00
P00742,Registration,2026-07-23 12:43:31+00:00
P00742,Waiting,2026-07-23 14:08:31+00:00
P00742,Doctor Consultation,2026-07-23 14:38:31+00:00
P00742,Diagnosis,2026-07-23 15:13:31+00:00
P00742,Treatment,2026-07-23 16:00:31+00:00
P00742,Pharmacy,2026-07-23 16:33:31+00:00
P00742,Billing,2026-07-23 16:48:31+00:00
P00742,Discharge,2026-07-23 16:57:31+00:00
P00748,Patient Arrival,2026-10-06 08:18:52+00:00
P00748,Registration,2026-10-06 08:55:52+00:00
P00748,Waiting,2026-10-06 09:54:52+00:00
P00748,Doctor Consultation,2026-10-06 10:12:52+00:00
P00748,Diagnosis,2026-10-06 10:38:52+00:00
P00748,Ward Transfer,2026-10-06 11:20:52+00:00
P00748,Treatment,2026-10-06 12:22:52+00:00
P00748,Pharmacy,2026-10-06 12:54:52+00:00
P00748,Billing,2026-10-06 13:25:52+00:00
P00748,Discharge,2026-10-06 13:54:52+00:00
P00749,Patient Arrival,2026-11-27 23:09:40+00:00
P00749,Registration,2026-11-27 23:31:40+00:00
P00749,Waiting,2026-11-28 00:25:40+00:00
P00749,Doctor Consultation,2026-11-28 00:53:40+00:00
P00749,Urine Test,2026-11-28 01:24:40+00:00
P00749,Doctor Consultation,2026-11-28 01:59:40+00:00
P00749,Diagnosis,2026-11-28 02:29:40+00:00
P00749,Ward Transfer,2026-11-28 02:44:40+00:00
P00749,Treatment,2026-11-28 03:46:40+00:00
P00749,Pharmacy,2026-11-28 04:29:40+00:00
P00749,Billing,2026-11-28 04:44:40+00:00
P00749,Discharge,2026-11-28 05:27:40+00:00
P00750,Patient Arrival,2026-03-25 13:51:42+00:00
P00750,Registration,2026-03-25 14:22:42+00:00
P00750,Waiting,2026-03-25 15:28:42+00:00
P00750,Doctor Consultation,2026-03-25 15:57:42+00:00
P00750,Doctor Consultation,2026-03-25 15:57:42+00:00
P00750,Diagnosis,2026-03-25 16:19:42+00:00
P00750,Treatment,2026-03-25 18:22:42+00:00
P00750,Pharmacy,2026-03-25 19:07:42+00:00
P00750,Billing,2026-03-25 19:41:42+00:00
P00750,Discharge,2026-03-25 20:25:42+00:00
P00751,Patient Arrival,2026-05-21 15:39:53+00:00
P00751,Registration,2026-05-21 16:17:53+00:00
P00751,Waiting,2026-05-21 17:57:53+00:00
P00751,Doctor Consultation,2026-05-21 18:25:53+00:00
P00751,Urine Test,2026-05-21 19:06:53+00:00
P00751,Doctor Consultation,2026-05-21 19:43:53+00:00
P00751,Urine Test,2026-05-21 19:59:53+00:00
P00751,Doctor Consultation,2026-05-21 20:40:53+00:00
P00751,Diagnosis,2026-05-21 21:18:53+00:00
P00751,Treatment,2026-05-21 23:04:53+00:00
P00751,Pharmacy,2026-05-21 23:46:53+00:00
P00751,Billing,2026-05-22 00:27:53+00:00
P00751,Discharge,2026-05-22 00:44:53+00:00
P00754,Patient Arrival,2026-09-21 01:59:39+00:00
P00754,Registration,2026-09-21 02:23:39+00:00
P00754,Waiting,2026-09-21 03:46:39+00:00
P00754,Doctor Consultation,2026-09-21 04:03:39+00:00
P00754,ECG,2026-09-21 04:29:39+00:00
P00754,Doctor Consultation,2026-09-21 04:59:39+00:00
P00754,Diagnosis,2026-09-21 05:16:39+00:00
P00754,Treatment,2026-09-21 07:08:39+00:00
P00754,Pharmacy,2026-09-21 07:32:39+00:00
P00754,Billing,2026-09-21 08:00:39+00:00
P00754,Discharge,2026-09-21 08:23:39+00:00
P00755,Patient Arrival,2026-03-19 16:06:10+00:00
P00755,Registration,2026-03-19 16:27:10+00:00
P00755,Waiting,2026-03-19 17:41:10+00:00
P00755,Doctor Consultation,2026-03-19 18:24:10+00:00
P00755,Diagnosis,2026-03-19 19:16:10+00:00
P00755,Treatment,2026-03-19 20:39:10+00:00
P00755,Pharmacy,2026-03-19 21:05:10+00:00
P00755,Billing,2026-03-19 21:33:10+00:00
P00755,Discharge,2026-03-19 21:49:10+00:00
P00756,Patient Arrival,2026-10-25 09:08:40+00:00
P00756,Registration,2026-10-25 09:47:40+00:00
P00756,Waiting,2026-10-25 11:08:40+00:00
P00756,Doctor Consultation,2026-10-25 11:45:40+00:00
P00756,ECG,2026-10-25 12:20:40+00:00
P00756,Doctor Consultation,2026-10-25 12:45:40+00:00
P00756,Diagnosis,2026-10-25 13:36:40+00:00
P00756,Ward Transfer,2026-10-25 13:57:40+00:00
P00756,Treatment,2026-10-25 15:01:40+00:00
P00756,Treatment,2026-10-25 15:01:40+00:00
P00756,Pharmacy,2026-10-25 15:44:40+00:00
P00756,Billing,2026-10-25 16:21:40+00:00
P00756,Discharge,2026-10-25 16:54:40+00:00
P00762,Patient Arrival,2026-01-15 07:45:06+00:00
P00762,Registration,2026-01-15 08:23:06+00:00
P00762,Waiting,2026-01-15 09:16:06+00:00
P00762,Doctor Consultation,2026-01-15 09:29:06+00:00
P00762,X-Ray,2026-01-15 10:00:06+00:00
P00762,Doctor Consultation,2026-01-15 10:19:06+00:00
P00762,Diagnosis,2026-01-15 10:28:06+00:00
P00762,Treatment,2026-01-15 12:38:06+00:00
P00762,Pharmacy,2026-01-15 13:01:06+00:00
P00762,Billing,2026-01-15 13:44:06+00:00
P00762,Discharge,2026-01-15 14:06:06+00:00
P00767,Patient Arrival,2026-04-06 05:03:41+00:00
P00767,Registration,2026-04-06 05:55:41+00:00
P00767,Waiting,2026-04-06 07:27:41+00:00
P00767,Waiting,2026-04-06 07:27:41+00:00
P00767,Doctor Consultation,2026-04-06 08:04:41+00:00
P00767,Urine Test,2026-04-06 08:31:41+00:00
P00767,Doctor Consultation,2026-04-06 09:21:41+00:00
P00767,Diagnosis,2026-04-06 10:00:41+00:00
P00767,Treatment,2026-04-06 12:05:41+00:00
P00767,Pharmacy,2026-04-06 12:23:41+00:00
P00767,Billing,2026-04-06 12:53:41+00:00
P00767,Discharge,2026-04-06 13:30:41+00:00
P00770,Patient Arrival,2026-09-20 13:15:36+00:00
P00770,Registration,2026-09-20 13:38:36+00:00
P00770,Waiting,2026-09-20 15:23:36+00:00
P00770,Doctor Consultation,2026-09-20 15:42:36+00:00
P00770,Diagnosis,2026-09-20 16:05:36+00:00
P00770,Treatment,2026-09-20 17:48:36+00:00
P00770,Pharmacy,2026-09-20 18:23:36+00:00
P00770,Billing,2026-09-20 19:01:36+00:00
P00770,Discharge,2026-09-20 19:34:36+00:00
P00775,Patient Arrival,2026-06-26 09:04:48+00:00
P00775,Registration,2026-06-26 09:46:48+00:00
P00775,Waiting,2026-06-26 10:36:48+00:00
P00775,Doctor Consultation,2026-06-26 11:10:48+00:00
P00775,Diagnosis,2026-06-26 11:44:48+00:00
P00775,Treatment,2026-06-26 13:55:48+00:00
P00775,Pharmacy,2026-06-26 14:25:48+00:00
P00775,Billing,2026-06-26 14:33:48+00:00
P00775,Discharge,2026-06-26 15:06:48+00:00
P00778,Patient Arrival,2026-06-09 16:28:10+00:00
P00778,Registration,2026-06-09 16:59:10+00:00
P00778,Waiting,2026-06-09 18:10:10+00:00
P00778,Waiting,2026-06-09 18:10:10+00:00
P00778,Doctor Consultation,2026-06-09 18:45:10+00:00
P00778,Blood Test,2026-06-09 19:20:10+00:00
P00778,Doctor Consultation,2026-06-09 19:47:10+00:00
P00778,Diagnosis,2026-06-09 20:20:10+00:00
P00778,Ward Transfer,2026-06-09 21:01:10+00:00
P00778,Treatment,2026-06-09 21:57:10+00:00
P00778,Pharmacy,2026-06-09 22:09:10+00:00
P00778,Billing,2026-06-09 22:34:10+00:00
P00778,Discharge,2026-06-09 23:04:10+00:00
P00780,Patient Arrival,2026-08-06 18:32:50+00:00
P00780,Registration,2026-08-06 19:03:50+00:00
P00780,Waiting,2026-08-06 20:31:50+00:00
P00780,Doctor Consultation,2026-08-06 20:49:50+00:00
P00780,Diagnosis,2026-08-06 21:36:50+00:00
P00780,Ward Transfer,2026-08-06 22:22:50+00:00
P00780,Treatment,2026-08-06 23:53:50+00:00
P00780,Pharmacy,2026-08-07 00:33:50+00:00
P00780,Billing,2026-08-07 00:57:50+00:00
P00780,Discharge,2026-08-07 01:17:50+00:00
P00783,Patient Arrival,2026-04-03 00:40:46+00:00
P00783,Patient Arrival,2026-04-03 00:40:46+00:00
P00783,Registration,2026-04-03 01:11:46+00:00
P00783,Registration,2026-04-03 01:11:46+00:00
P00783,Waiting,2026-04-03 02:42:46+00:00
P00783,Doctor Consultation,2026-04-03 03:18:46+00:00
P00783,Diagnosis,2026-04-03 03:42:46+00:00
P00783,Treatment,2026-04-03 05:20:46+00:00
P00783,Pharmacy,2026-04-03 05:43:46+00:00
P00783,Billing,2026-04-03 05:56:46+00:00
P00783,Discharge,2026-04-03 06:08:46+00:00
P00786,Patient Arrival,2026-08-18 06:40:38+00:00
P00786,Registration,2026-08-18 07:03:38+00:00
P00786,Waiting,2026-08-18 08:51:38+00:00
P00786,Doctor Consultation,2026-08-18 09:34:38+00:00
P00786,Blood Test,2026-08-18 10:13:38+00:00
P00786,Doctor Consultation,2026-08-18 10:39:38+00:00
P00786,Urine Test,2026-08-18 11:04:38+00:00
P00786,Doctor Consultation,2026-08-18 11:35:38+00:00
P00786,Diagnosis,2026-08-18 12:06:38+00:00
P00786,Treatment,2026-08-18 13:54:38+00:00
P00786,Pharmacy,2026-08-18 14:17:38+00:00
P00786,Billing,2026-08-18 14:35:38+00:00
P00786,Discharge,2026-08-18 14:57:38+00:00
P00787,Patient Arrival,2026-04-19 05:16:58+00:00
P00787,Registration,2026-04-19 06:01:58+00:00
P00787,Waiting,2026-04-19 07:23:58+00:00
P00787,Doctor Consultation,2026-04-19 07:50:58+00:00
P00787,Diagnosis,2026-04-19 08:42:58+00:00
P00787,Treatment,2026-04-19 10:23:58+00:00
P00787,Pharmacy,2026-04-19 10:51:58+00:00
P00787,Billing,2026-04-19 11:17:58+00:00
P00787,Discharge,2026-04-19 11:27:58+00:00
P00788,Patient Arrival,2026-01-14 21:09:50+00:00
P00788,Registration,2026-01-14 21:36:50+00:00
P00788,Waiting,2026-01-14 23:27:50+00:00
P00788,Doctor Consultation,2026-01-14 23:50:50+00:00
P00788,X-Ray,2026-01-15 00:23:50+00:00
P00788,Doctor Consultation,2026-01-15 00:51:50+00:00
P00788,Diagnosis,2026-01-15 01:26:50+00:00
P00788,Treatment,2026-01-15 03:01:50+00:00
P00788,Pharmacy,2026-01-15 03:23:50+00:00
P00788,Billing,2026-01-15 03:57:50+00:00
P00788,Discharge,2026-01-15 04:29:50+00:00
P00788,Discharge,2026-01-15 04:29:50+00:00
P00790,Patient Arrival,2026-12-20 16:09:56+00:00
P00790,Registration,2026-12-20 16:55:56+00:00
P00790,Waiting,2026-12-20 18:38:56+00:00
P00790,Doctor Consultation,2026-12-20 18:53:56+00:00
P00790,X-Ray,2026-12-20 19:30:56+00:00
P00790,Doctor Consultation,2026-12-20 20:11:56+00:00
P00790,Diagnosis,2026-12-20 20:26:56+00:00
P00790,Ward Transfer,2026-12-20 20:43:56+00:00
P00790,Treatment,2026-12-20 21:37:56+00:00
P00790,Pharmacy,2026-12-20 22:04:56+00:00
P00790,Billing,2026-12-20 22:45:56+00:00
P00790,Discharge,2026-12-20 23:23:56+00:00
P00791,Patient Arrival,2026-09-03 13:12:01+00:00
P00791,Registration,2026-09-03 13:59:01+00:00
P00791,Waiting,2026-09-03 15:46:01+00:00
P00791,Doctor Consultation,2026-09-03 16:28:01+00:00
P00791,Blood Test,2026-09-03 17:14:01+00:00
P00791,Doctor Consultation,2026-09-03 17:55:01+00:00
P00791,Diagnosis,2026-09-03 18:37:01+00:00
P00791,Treatment,2026-09-03 20:39:01+00:00
P00791,Pharmacy,2026-09-03 21:18:01+00:00
P00791,Billing,2026-09-03 21:43:01+00:00
P00791,Discharge,2026-09-03 22:15:01+00:00
P00792,Patient Arrival,2026-06-10 17:31:42+00:00
P00792,Registration,2026-06-10 18:11:42+00:00
P00792,Waiting,2026-06-10 20:03:42+00:00
P00792,Doctor Consultation,2026-06-10 20:25:42+00:00
P00792,Diagnosis,2026-06-10 21:13:42+00:00
P00792,Treatment,2026-06-10 23:21:42+00:00
P00792,Pharmacy,2026-06-10 23:30:42+00:00
P00792,Billing,2026-06-10 23:55:42+00:00
P00792,Discharge,2026-06-11 00:10:42+00:00
P00792,Discharge,2026-06-11 00:10:42+00:00
P00795,Patient Arrival,2026-04-08 06:50:25+00:00
P00795,Registration,2026-04-08 07:32:25+00:00
P00795,Waiting,2026-04-08 09:26:25+00:00
P00795,Doctor Consultation,2026-04-08 09:55:25+00:00
P00795,Urine Test,2026-04-08 10:11:25+00:00
P00795,Doctor Consultation,2026-04-08 10:39:25+00:00
P00795,Diagnosis,2026-04-08 11:28:25+00:00
P00795,Treatment,2026-04-08 12:47:25+00:00
P00795,Pharmacy,2026-04-08 12:55:25+00:00
P00795,Billing,2026-04-08 13:11:25+00:00
P00795,Discharge,2026-04-08 13:39:25+00:00
P00799,Patient Arrival,2026-05-24 06:00:51+00:00
P00799,Registration,2026-05-24 06:36:51+00:00
P00799,Waiting,2026-05-24 07:45:51+00:00
P00799,Doctor Consultation,2026-05-24 08:31:51+00:00
P00799,ECG,2026-05-24 09:03:51+00:00
P00799,Doctor Consultation,2026-05-24 09:42:51+00:00
P00799,Diagnosis,2026-05-24 10:08:51+00:00
P00799,Treatment,2026-05-24 10:49:51+00:00
P00799,Pharmacy,2026-05-24 11:35:51+00:00
P00799,Billing,2026-05-24 11:48:51+00:00
P00799,Discharge,2026-05-24 12:24:51+00:00
P00801,Patient Arrival,2026-03-22 14:13:25+00:00
P00801,Registration,2026-03-22 14:53:25+00:00
P00801,Waiting,2026-03-22 16:26:25+00:00
P00801,Doctor Consultation,2026-03-22 16:39:25+00:00
P00801,ECG,2026-03-22 17:14:25+00:00
P00801,Doctor Consultation,2026-03-22 17:43:25+00:00
P00801,Diagnosis,2026-03-22 18:01:25+00:00
P00801,Treatment,2026-03-22 19:03:25+00:00
P00801,Pharmacy,2026-03-22 19:23:25+00:00
P00801,Billing,2026-03-22 19:44:25+00:00
P00801,Discharge,2026-03-22 20:23:25+00:00
P00803,Patient Arrival,2026-02-22 01:59:35+00:00
P00803,Registration,2026-02-22 02:48:35+00:00
P00803,Waiting,2026-02-22 04:26:35+00:00
P00803,Waiting,2026-02-22 04:26:35+00:00
P00803,Doctor Consultation,2026-02-22 04:49:35+00:00
P00803,Diagnosis,2026-02-22 05:32:35+00:00
P00803,Ward Transfer,2026-02-22 06:14:35+00:00
P00803,Ward Transfer,2026-02-22 06:14:35+00:00
P00803,Treatment,2026-02-22 07:19:35+00:00
P00803,Pharmacy,2026-02-22 07:43:35+00:00
P00803,Billing,2026-02-22 08:03:35+00:00
P00803,Discharge,2026-02-22 08:25:35+00:00
P00804,Patient Arrival,2026-01-29 17:08:39+00:00
P00804,Registration,2026-01-29 17:32:39+00:00
P00804,Waiting,2026-01-29 19:17:39+00:00
P00804,Doctor Consultation,2026-01-29 19:33:39+00:00
P00804,Urine Test,2026-01-29 20:07:39+00:00
P00804,Doctor Consultation,2026-01-29 20:31:39+00:00
P00804,Diagnosis,2026-01-29 20:43:39+00:00
P00804,Ward Transfer,2026-01-29 21:10:39+00:00
P00804,Treatment,2026-01-29 21:59:39+00:00
P00804,Pharmacy,2026-01-29 22:22:39+00:00
P00804,Billing,2026-01-29 23:11:39+00:00
P00804,Discharge,2026-01-29 23:52:39+00:00
P00806,Patient Arrival,2026-02-21 17:06:59+00:00
P00806,Registration,2026-02-21 17:40:59+00:00
P00806,Waiting,2026-02-21 18:26:59+00:00
P00806,Doctor Consultation,2026-02-21 18:44:59+00:00
P00806,Diagnosis,2026-02-21 19:19:59+00:00
P00806,Treatment,2026-02-21 20:42:59+00:00
P00806,Pharmacy,2026-02-21 21:21:59+00:00
P00806,Billing,2026-02-21 21:36:59+00:00
P00806,Discharge,2026-02-21 22:13:59+00:00
P00807,Patient Arrival,2026-02-21 14:18:45+00:00
P00807,Registration,2026-02-21 14:56:45+00:00
P00807,Waiting,2026-02-21 16:22:45+00:00
P00807,Doctor Consultation,2026-02-21 16:50:45+00:00
P00807,X-Ray,2026-02-21 16:59:45+00:00
P00807,Doctor Consultation,2026-02-21 17:39:45+00:00
P00807,Doctor Consultation,2026-02-21 17:39:45+00:00
P00807,Diagnosis,2026-02-21 18:02:45+00:00
P00807,Treatment,2026-02-21 18:52:45+00:00
P00807,Pharmacy,2026-02-21 19:33:45+00:00
P00807,Billing,2026-02-21 20:01:45+00:00
P00807,Discharge,2026-02-21 20:13:45+00:00
P00808,Patient Arrival,2026-11-21 13:26:15+00:00
P00808,Registration,2026-11-21 14:06:15+00:00
P00808,Waiting,2026-11-21 14:32:15+00:00
P00808,Doctor Consultation,2026-11-21 15:09:15+00:00
P00808,Diagnosis,2026-11-21 15:32:15+00:00
P00808,Treatment,2026-11-21 16:15:15+00:00
P00808,Pharmacy,2026-11-21 16:31:15+00:00
P00808,Billing,2026-11-21 17:09:15+00:00
P00808,Discharge,2026-11-21 17:48:15+00:00
P00816,Patient Arrival,2026-06-26 16:31:14+00:00
P00816,Registration,2026-06-26 17:05:14+00:00
P00816,Waiting,2026-06-26 18:25:14+00:00
P00816,Doctor Consultation,2026-06-26 18:41:14+00:00
P00816,ECG,2026-06-26 19:04:14+00:00
P00816,Doctor Consultation,2026-06-26 19:21:14+00:00
P00816,Blood Test,2026-06-26 19:51:14+00:00
P00816,Doctor Consultation,2026-06-26 20:37:14+00:00
P00816,Diagnosis,2026-06-26 21:21:14+00:00
P00816,Treatment,2026-06-26 22:47:14+00:00
P00816,Pharmacy,2026-06-26 23:00:14+00:00
P00816,Billing,2026-06-26 23:32:14+00:00
P00816,Discharge,2026-06-26 23:47:14+00:00
P00817,Patient Arrival,2026-10-12 11:05:44+00:00
P00817,Registration,2026-10-12 11:45:44+00:00
P00817,Waiting,2026-10-12 13:04:44+00:00
P00817,Doctor Consultation,2026-10-12 13:51:44+00:00
P00817,Urine Test,2026-10-12 14:17:44+00:00
P00817,Doctor Consultation,2026-10-12 15:01:44+00:00
P00817,Diagnosis,2026-10-12 15:34:44+00:00
P00817,Treatment,2026-10-12 17:24:44+00:00
P00817,Pharmacy,2026-10-12 17:45:44+00:00
P00817,Billing,2026-10-12 18:22:44+00:00
P00817,Discharge,2026-10-12 19:04:44+00:00
P00819,Patient Arrival,2026-11-28 08:46:20+00:00
P00819,Registration,2026-11-28 09:22:20+00:00
P00819,Waiting,2026-11-28 10:15:20+00:00
P00819,Doctor Consultation,2026-11-28 10:33:20+00:00
P00819,Diagnosis,2026-11-28 10:57:20+00:00
P00819,Ward Transfer,2026-11-28 11:19:20+00:00
P00819,Treatment,2026-11-28 12:45:20+00:00
P00819,Pharmacy,2026-11-28 13:18:20+00:00
P00819,Billing,2026-11-28 13:35:20+00:00
P00819,Discharge,2026-11-28 14:05:20+00:00
P00821,Patient Arrival,2026-07-10 12:03:02+00:00
P00821,Registration,2026-07-10 12:23:02+00:00
P00821,Waiting,2026-07-10 12:58:02+00:00
P00821,Doctor Consultation,2026-07-10 13:28:02+00:00
P00821,ECG,2026-07-10 14:01:02+00:00
P00821,Doctor Consultation,2026-07-10 14:19:02+00:00
P00821,Diagnosis,2026-07-10 14:53:02+00:00
P00821,Ward Transfer,2026-07-10 15:25:02+00:00
P00821,Treatment,2026-07-10 17:07:02+00:00
P00821,Pharmacy,2026-07-10 17:34:02+00:00
P00821,Billing,2026-07-10 17:47:02+00:00
P00821,Discharge,2026-07-10 18:06:02+00:00
P00823,Patient Arrival,2026-07-12 17:26:16+00:00
P00823,Registration,2026-07-12 17:58:16+00:00
P00823,Waiting,2026-07-12 18:49:16+00:00
P00823,Doctor Consultation,2026-07-12 19:11:16+00:00
P00823,Diagnosis,2026-07-12 19:48:16+00:00
P00823,Ward Transfer,2026-07-12 20:17:16+00:00
P00823,Treatment,2026-07-12 21:26:16+00:00
P00823,Pharmacy,2026-07-12 21:43:16+00:00
P00823,Billing,2026-07-12 22:06:16+00:00
P00823,Discharge,2026-07-12 22:22:16+00:00
P00824,Patient Arrival,2026-02-19 23:31:12+00:00
P00824,Registration,2026-02-19 23:56:12+00:00
P00824,Waiting,2026-02-20 01:45:12+00:00
P00824,Doctor Consultation,2026-02-20 02:00:12+00:00
P00824,Diagnosis,2026-02-20 02:22:12+00:00
P00824,Ward Transfer,2026-02-20 02:41:12+00:00
P00824,Treatment,2026-02-20 04:32:12+00:00
P00824,Pharmacy,2026-02-20 05:17:12+00:00
P00824,Billing,2026-02-20 06:03:12+00:00
P00824,Discharge,2026-02-20 06:17:12+00:00
P00826,Patient Arrival,2026-10-26 20:54:25+00:00
P00826,Registration,2026-10-26 21:32:25+00:00
P00826,Waiting,2026-10-26 22:21:25+00:00
P00826,Doctor Consultation,2026-10-26 22:48:25+00:00
P00826,ECG,2026-10-26 23:17:25+00:00
P00826,Doctor Consultation,2026-10-26 23:58:25+00:00
P00826,Diagnosis,2026-10-27 00:14:25+00:00
P00826,Treatment,2026-10-27 02:23:25+00:00
P00826,Pharmacy,2026-10-27 02:48:25+00:00
P00826,Billing,2026-10-27 03:41:25+00:00
P00826,Discharge,2026-10-27 04:07:25+00:00
P00827,Patient Arrival,2026-06-12 00:17:44+00:00
P00827,Registration,2026-06-12 00:41:44+00:00
P00827,Waiting,2026-06-12 01:49:44+00:00
P00827,Doctor Consultation,2026-06-12 02:19:44+00:00
P00827,X-Ray,2026-06-12 02:35:44+00:00
P00827,Doctor Consultation,2026-06-12 02:54:44+00:00
P00827,Diagnosis,2026-06-12 03:28:44+00:00
P00827,Treatment,2026-06-12 05:28:44+00:00
P00827,Pharmacy,2026-06-12 05:49:44+00:00
P00827,Billing,2026-06-12 06:06:44+00:00
P00827,Discharge,2026-06-12 06:51:44+00:00
P00830,Patient Arrival,2026-10-17 09:12:59+00:00
P00830,Registration,2026-10-17 09:35:59+00:00
P00830,Waiting,2026-10-17 10:35:59+00:00
P00830,Doctor Consultation,2026-10-17 10:51:59+00:00
P00830,Blood Test,2026-10-17 11:44:59+00:00
P00830,Doctor Consultation,2026-10-17 12:18:59+00:00
P00830,Diagnosis,2026-10-17 12:50:59+00:00
P00830,Treatment,2026-10-17 14:10:59+00:00
P00830,Pharmacy,2026-10-17 14:59:59+00:00
P00830,Billing,2026-10-17 15:22:59+00:00
P00830,Discharge,2026-10-17 15:34:59+00:00
P00831,Patient Arrival,2026-11-09 20:11:42+00:00
P00831,Registration,2026-11-09 20:43:42+00:00
P00831,Waiting,2026-11-09 21:49:42+00:00
P00831,Doctor Consultation,2026-11-09 22:12:42+00:00
P00831,Diagnosis,2026-11-09 22:49:42+00:00
P00831,Ward Transfer,2026-11-09 23:01:42+00:00
P00831,Treatment,2026-11-09 23:59:42+00:00
P00831,Pharmacy,2026-11-10 00:30:42+00:00
P00831,Billing,2026-11-10 01:09:42+00:00
P00831,Discharge,2026-11-10 01:59:42+00:00
P00836,Patient Arrival,2026-07-09 16:27:48+00:00
P00836,Registration,2026-07-09 16:52:48+00:00
P00836,Waiting,2026-07-09 18:47:48+00:00
P00836,Doctor Consultation,2026-07-09 19:28:48+00:00
P00836,Diagnosis,2026-07-09 20:00:48+00:00
P00836,Ward Transfer,2026-07-09 20:23:48+00:00
P00836,Treatment,2026-07-09 22:32:48+00:00
P00836,Pharmacy,2026-07-09 23:22:48+00:00
P00836,Billing,2026-07-09 23:57:48+00:00
P00836,Discharge,2026-07-10 00:46:48+00:00
P00839,Patient Arrival,2026-06-20 11:59:15+00:00
P00839,Registration,2026-06-20 12:12:15+00:00
P00839,Registration,2026-06-20 12:12:15+00:00
P00839,Waiting,2026-06-20 13:02:15+00:00
P00839,Doctor Consultation,2026-06-20 13:44:15+00:00
P00839,ECG,2026-06-20 14:15:15+00:00
P00839,Doctor Consultation,2026-06-20 14:52:15+00:00
P00839,Diagnosis,2026-06-20 15:18:15+00:00
P00839,Treatment,2026-06-20 16:22:15+00:00
P00839,Pharmacy,2026-06-20 16:40:15+00:00
P00839,Billing,2026-06-20 17:15:15+00:00
P00839,Discharge,2026-06-20 17:48:15+00:00
P00840,Patient Arrival,2026-02-21 06:41:11+00:00
P00840,Registration,2026-02-21 06:57:11+00:00
P00840,Waiting,2026-02-21 08:45:11+00:00
P00840,Doctor Consultation,2026-02-21 09:21:11+00:00
P00840,Urine Test,2026-02-21 10:02:11+00:00
P00840,Doctor Consultation,2026-02-21 10:35:11+00:00
P00840,Diagnosis,2026-02-21 11:20:11+00:00
P00840,Ward Transfer,2026-02-21 11:59:11+00:00
P00840,Treatment,2026-02-21 13:05:11+00:00
P00840,Pharmacy,2026-02-21 13:52:11+00:00
P00840,Billing,2026-02-21 14:34:11+00:00
P00840,Discharge,2026-02-21 15:07:11+00:00
P00843,Patient Arrival,2026-12-09 11:15:24+00:00
P00843,Registration,2026-12-09 11:33:24+00:00
P00843,Waiting,2026-12-09 12:41:24+00:00
P00843,Doctor Consultation,2026-12-09 12:50:24+00:00
P00843,Blood Test,2026-12-09 13:12:24+00:00
P00843,Doctor Consultation,2026-12-09 13:46:24+00:00
P00843,Urine Test,2026-12-09 14:25:24+00:00
P00843,Doctor Consultation,2026-12-09 14:55:24+00:00
P00843,Diagnosis,2026-12-09 15:18:24+00:00
P00843,Treatment,2026-12-09 16:31:24+00:00
P00843,Pharmacy,2026-12-09 17:19:24+00:00
P00843,Billing,2026-12-09 18:00:24+00:00
P00843,Discharge,2026-12-09 18:15:24+00:00
P00848,Patient Arrival,2026-02-08 22:00:21+00:00
P00848,Registration,2026-02-08 22:54:21+00:00
P00848,Waiting,2026-02-08 23:24:21+00:00
P00848,Doctor Consultation,2026-02-09 00:10:21+00:00
P00848,Diagnosis,2026-02-09 00:35:21+00:00
P00848,Ward Transfer,2026-02-09 00:56:21+00:00
P00848,Treatment,2026-02-09 01:54:21+00:00
P00848,Pharmacy,2026-02-09 02:31:21+00:00
P00848,Billing,2026-02-09 03:02:21+00:00
P00848,Discharge,2026-02-09 03:28:21+00:00
P00850,Patient Arrival,2026-05-21 10:20:24+00:00
P00850,Registration,2026-05-21 10:51:24+00:00
P00850,Waiting,2026-05-21 11:29:24+00:00
P00850,Doctor Consultation,2026-05-21 12:15:24+00:00
P00850,Doctor Consultation,2026-05-21 12:15:24+00:00
P00850,X-Ray,2026-05-21 12:37:24+00:00
P00850,Doctor Consultation,2026-05-21 13:08:24+00:00
P00850,Diagnosis,2026-05-21 13:17:24+00:00
P00850,Treatment,2026-05-21 14:17:24+00:00
P00850,Pharmacy,2026-05-21 15:07:24+00:00
P00850,Billing,2026-05-21 15:40:24+00:00
P00850,Discharge,2026-05-21 16:18:24+00:00
P00854,Patient Arrival,2026-12-07 11:33:18+00:00
P00854,Registration,2026-12-07 12:14:18+00:00
P00854,Waiting,2026-12-07 12:52:18+00:00
P00854,Doctor Consultation,2026-12-07 13:07:18+00:00
P00854,Diagnosis,2026-12-07 13:42:18+00:00
P00854,Ward Transfer,2026-12-07 14:13:18+00:00
P00854,Treatment,2026-12-07 15:53:18+00:00
P00854,Pharmacy,2026-12-07 16:33:18+00:00
P00854,Billing,2026-12-07 17:03:18+00:00
P00854,Discharge,2026-12-07 17:47:18+00:00
P00857,Patient Arrival,2026-03-18 23:38:46+00:00
P00857,Registration,2026-03-19 00:08:46+00:00
P00857,Waiting,2026-03-19 00:58:46+00:00
P00857,Doctor Consultation,2026-03-19 01:34:46+00:00
P00857,Doctor Consultation,2026-03-19 01:34:46+00:00
P00857,Diagnosis,2026-03-19 02:08:46+00:00
P00857,Ward Transfer,2026-03-19 02:35:46+00:00
P00857,Treatment,2026-03-19 03:43:46+00:00
P00857,Pharmacy,2026-03-19 04:08:46+00:00
P00857,Billing,2026-03-19 04:36:46+00:00
P00857,Discharge,2026-03-19 05:16:46+00:00
P00858,Patient Arrival,2026-03-25 08:45:00+00:00
P00858,Registration,2026-03-25 09:08:00+00:00
P00858,Waiting,2026-03-25 10:09:00+00:00
P00858,Doctor Consultation,2026-03-25 10:49:00+00:00
P00858,Diagnosis,2026-03-25 11:33:00+00:00
P00858,Ward Transfer,2026-03-25 12:15:00+00:00
P00858,Treatment,2026-03-25 14:04:00+00:00
P00858,Pharmacy,2026-03-25 14:22:00+00:00
P00858,Billing,2026-03-25 15:14:00+00:00
P00858,Discharge,2026-03-25 15:50:00+00:00
P00860,Patient Arrival,2026-07-17 10:33:13+00:00
P00860,Registration,2026-07-17 10:58:13+00:00
P00860,Waiting,2026-07-17 11:26:13+00:00
P00860,Doctor Consultation,2026-07-17 12:06:13+00:00
P00860,X-Ray,2026-07-17 12:33:13+00:00
P00860,Doctor Consultation,2026-07-17 12:45:13+00:00
P00860,Diagnosis,2026-07-17 12:57:13+00:00
P00860,Treatment,2026-07-17 14:12:13+00:00
P00860,Pharmacy,2026-07-17 14:36:13+00:00
P00860,Billing,2026-07-17 15:25:13+00:00
P00860,Billing,2026-07-17 15:25:13+00:00
P00860,Discharge,2026-07-17 16:08:13+00:00
P00861,Patient Arrival,2026-04-03 01:17:11+00:00
P00861,Registration,2026-04-03 01:53:11+00:00
P00861,Waiting,2026-04-03 03:19:11+00:00
P00861,Doctor Consultation,2026-04-03 03:39:11+00:00
P00861,Diagnosis,2026-04-03 04:07:11+00:00
P00861,Ward Transfer,2026-04-03 04:44:11+00:00
P00861,Treatment,2026-04-03 07:06:11+00:00
P00861,Pharmacy,2026-04-03 07:53:11+00:00
P00861,Billing,2026-04-03 08:27:11+00:00
P00861,Discharge,2026-04-03 08:48:11+00:00
P00862,Patient Arrival,2026-04-21 20:29:46+00:00
P00862,Registration,2026-04-21 20:58:46+00:00
P00862,Waiting,2026-04-21 22:02:46+00:00
P00862,Doctor Consultation,2026-04-21 22:30:46+00:00
P00862,Diagnosis,2026-04-21 23:05:46+00:00
P00862,Ward Transfer,2026-04-21 23:38:46+00:00
P00862,Treatment,2026-04-22 01:17:46+00:00
P00862,Pharmacy,2026-04-22 01:42:46+00:00
P00862,Billing,2026-04-22 02:30:46+00:00
P00862,Discharge,2026-04-22 03:03:46+00:00
P00869,Patient Arrival,2026-07-09 01:17:15+00:00
P00869,Registration,2026-07-09 02:03:15+00:00
P00869,Waiting,2026-07-09 03:25:15+00:00
P00869,Doctor Consultation,2026-07-09 04:17:15+00:00
P00869,Urine Test,2026-07-09 04:42:15+00:00
P00869,Doctor Consultation,2026-07-09 05:04:15+00:00
P00869,Diagnosis,2026-07-09 05:25:15+00:00
P00869,Treatment,2026-07-09 06:19:15+00:00
P00869,Pharmacy,2026-07-09 06:48:15+00:00
P00869,Billing,2026-07-09 07:21:15+00:00
P00869,Discharge,2026-07-09 08:03:15+00:00
P00871,Patient Arrival,2026-05-01 14:59:50+00:00
P00871,Registration,2026-05-01 15:25:50+00:00
P00871,Waiting,2026-05-01 16:38:50+00:00
P00871,Doctor Consultation,2026-05-01 17:01:50+00:00
P00871,ECG,2026-05-01 17:24:50+00:00
P00871,Doctor Consultation,2026-05-01 17:52:50+00:00
P00871,Diagnosis,2026-05-01 18:25:50+00:00
P00871,Ward Transfer,2026-05-01 18:51:50+00:00
P00871,Treatment,2026-05-01 20:22:50+00:00
P00871,Pharmacy,2026-05-01 20:39:50+00:00
P00871,Billing,2026-05-01 20:48:50+00:00
P00871,Discharge,2026-05-01 21:06:50+00:00
P00877,Patient Arrival,2026-08-14 10:17:23+00:00
P00877,Registration,2026-08-14 10:40:23+00:00
P00877,Waiting,2026-08-14 11:47:23+00:00
P00877,Doctor Consultation,2026-08-14 12:17:23+00:00
P00877,Diagnosis,2026-08-14 12:55:23+00:00
P00877,Treatment,2026-08-14 14:30:23+00:00
P00877,Pharmacy,2026-08-14 15:02:23+00:00
P00877,Billing,2026-08-14 15:50:23+00:00
P00877,Discharge,2026-08-14 16:02:23+00:00
P00878,Patient Arrival,2026-03-12 10:58:23+00:00
P00878,Registration,2026-03-12 11:31:23+00:00
P00878,Waiting,2026-03-12 13:06:23+00:00
P00878,Doctor Consultation,2026-03-12 13:52:23+00:00
P00878,Urine Test,2026-03-12 14:25:23+00:00
P00878,Doctor Consultation,2026-03-12 14:47:23+00:00
P00878,Diagnosis,2026-03-12 15:32:23+00:00
P00878,Treatment,2026-03-12 17:13:23+00:00
P00878,Pharmacy,2026-03-12 18:02:23+00:00
P00878,Billing,2026-03-12 18:33:23+00:00
P00878,Discharge,2026-03-12 19:00:23+00:00
P00879,Patient Arrival,2026-02-26 06:40:47+00:00
P00879,Registration,2026-02-26 07:10:47+00:00
P00879,Waiting,2026-02-26 08:32:47+00:00
P00879,Doctor Consultation,2026-02-26 09:01:47+00:00
P00879,X-Ray,2026-02-26 09:33:47+00:00
P00879,Doctor Consultation,2026-02-26 10:05:47+00:00
P00879,Diagnosis,2026-02-26 10:54:47+00:00
P00879,Ward Transfer,2026-02-26 11:26:47+00:00
P00879,Treatment,2026-02-26 13:31:47+00:00
P00879,Pharmacy,2026-02-26 14:01:47+00:00
P00879,Billing,2026-02-26 14:38:47+00:00
P00879,Discharge,2026-02-26 14:57:47+00:00
P00880,Patient Arrival,2026-10-05 09:14:37+00:00
P00880,Registration,2026-10-05 09:42:37+00:00
P00880,Waiting,2026-10-05 11:07:37+00:00
P00880,Doctor Consultation,2026-10-05 11:59:37+00:00
P00880,Urine Test,2026-10-05 12:18:37+00:00
P00880,Doctor Consultation,2026-10-05 13:00:37+00:00
P00880,Diagnosis,2026-10-05 13:53:37+00:00
P00880,Treatment,2026-10-05 15:25:37+00:00
P00880,Pharmacy,2026-10-05 15:55:37+00:00
P00880,Billing,2026-10-05 16:39:37+00:00
P00880,Discharge,2026-10-05 17:20:37+00:00
P00882,Patient Arrival,2026-02-15 01:05:10+00:00
P00882,Registration,2026-02-15 01:28:10+00:00
P00882,Waiting,2026-02-15 02:03:10+00:00
P00882,Doctor Consultation,2026-02-15 02:44:10+00:00
P00882,Diagnosis,2026-02-15 03:27:10+00:00
P00882,Treatment,2026-02-15 05:13:10+00:00
P00882,Pharmacy,2026-02-15 05:47:10+00:00
P00882,Billing,2026-02-15 05:58:10+00:00
P00882,Discharge,2026-02-15 06:40:10+00:00
P00883,Patient Arrival,2026-12-11 12:23:17+00:00
P00883,Registration,2026-12-11 12:55:17+00:00
P00883,Waiting,2026-12-11 13:32:17+00:00
P00883,Waiting,2026-12-11 13:32:17+00:00
P00883,Doctor Consultation,2026-12-11 14:03:17+00:00
P00883,Diagnosis,2026-12-11 14:42:17+00:00
P00883,Treatment,2026-12-11 16:54:17+00:00
P00883,Pharmacy,2026-12-11 17:35:17+00:00
P00883,Billing,2026-12-11 17:46:17+00:00
P00883,Discharge,2026-12-11 18:12:17+00:00
P00884,Patient Arrival,2026-04-29 15:26:50+00:00
P00884,Registration,2026-04-29 15:55:50+00:00
P00884,Waiting,2026-04-29 16:55:50+00:00
P00884,Doctor Consultation,2026-04-29 17:25:50+00:00
P00884,ECG,2026-04-29 17:57:50+00:00
P00884,ECG,2026-04-29 17:57:50+00:00
P00884,Doctor Consultation,2026-04-29 18:19:50+00:00
P00884,Diagnosis,2026-04-29 18:36:50+00:00
P00884,Ward Transfer,2026-04-29 19:11:50+00:00
P00884,Treatment,2026-04-29 19:59:50+00:00
P00884,Pharmacy,2026-04-29 20:23:50+00:00
P00884,Billing,2026-04-29 20:54:50+00:00
P00884,Billing,2026-04-29 20:54:50+00:00
P00884,Discharge,2026-04-29 21:40:50+00:00
P00885,Patient Arrival,2026-11-01 01:25:19+00:00
P00885,Registration,2026-11-01 01:46:19+00:00
P00885,Waiting,2026-11-01 03:31:19+00:00
P00885,Doctor Consultation,2026-11-01 04:12:19+00:00
P00885,X-Ray,2026-11-01 04:34:19+00:00
P00885,Doctor Consultation,2026-11-01 04:50:19+00:00
P00885,Diagnosis,2026-11-01 05:28:19+00:00
P00885,Ward Transfer,2026-11-01 06:00:19+00:00
P00885,Treatment,2026-11-01 07:10:19+00:00
P00885,Pharmacy,2026-11-01 07:32:19+00:00
P00885,Billing,2026-11-01 08:10:19+00:00
P00885,Discharge,2026-11-01 08:51:19+00:00
P00886,Patient Arrival,2026-04-23 16:40:01+00:00
P00886,Registration,2026-04-23 17:14:01+00:00
P00886,Waiting,2026-04-23 18:29:01+00:00
P00886,Doctor Consultation,2026-04-23 19:02:01+00:00
P00886,X-Ray,2026-04-23 19:23:01+00:00
P00886,Doctor Consultation,2026-04-23 19:55:01+00:00
P00886,Diagnosis,2026-04-23 20:35:01+00:00
P00886,Treatment,2026-04-23 21:58:01+00:00
P00886,Pharmacy,2026-04-23 22:16:01+00:00
P00886,Billing,2026-04-23 22:33:01+00:00
P00886,Discharge,2026-04-23 23:03:01+00:00
P00887,Patient Arrival,2026-11-24 12:39:51+00:00
P00887,Registration,2026-11-24 13:01:51+00:00
P00887,Waiting,2026-11-24 13:56:51+00:00
P00887,Doctor Consultation,2026-11-24 14:26:51+00:00
P00887,Diagnosis,2026-11-24 14:41:51+00:00
P00887,Treatment,2026-11-24 15:52:51+00:00
P00887,Pharmacy,2026-11-24 16:32:51+00:00
P00887,Billing,2026-11-24 17:07:51+00:00
P00887,Discharge,2026-11-24 17:21:51+00:00
P00890,Patient Arrival,2026-03-24 04:00:25+00:00
P00890,Registration,2026-03-24 04:29:25+00:00
P00890,Waiting,2026-03-24 05:32:25+00:00
P00890,Doctor Consultation,2026-03-24 05:49:25+00:00
P00890,Urine Test,2026-03-24 06:14:25+00:00
P00890,Doctor Consultation,2026-03-24 06:36:25+00:00
P00890,Diagnosis,2026-03-24 07:18:25+00:00
P00890,Treatment,2026-03-24 09:00:25+00:00
P00890,Pharmacy,2026-03-24 09:36:25+00:00
P00890,Billing,2026-03-24 09:50:25+00:00
P00890,Discharge,2026-03-24 10:02:25+00:00
P00891,Patient Arrival,2026-12-17 10:18:34+00:00
P00891,Registration,2026-12-17 10:54:34+00:00
P00891,Waiting,2026-12-17 11:44:34+00:00
P00891,Doctor Consultation,2026-12-17 11:57:34+00:00
P00891,Blood Test,2026-12-17 12:21:34+00:00
P00891,Doctor Consultation,2026-12-17 13:01:34+00:00
P00891,Diagnosis,2026-12-17 13:45:34+00:00
P00891,Ward Transfer,2026-12-17 14:02:34+00:00
P00891,Treatment,2026-12-17 15:07:34+00:00
P00891,Pharmacy,2026-12-17 15:34:34+00:00
P00891,Billing,2026-12-17 15:49:34+00:00
P00891,Discharge,2026-12-17 16:16:34+00:00
P00895,Patient Arrival,2026-10-07 02:59:11+00:00
P00895,Registration,2026-10-07 03:28:11+00:00
P00895,Waiting,2026-10-07 04:57:11+00:00
P00895,Doctor Consultation,2026-10-07 05:21:11+00:00
P00895,X-Ray,2026-10-07 05:48:11+00:00
P00895,Doctor Consultation,2026-10-07 06:02:11+00:00
P00895,Diagnosis,2026-10-07 06:17:11+00:00
P00895,Ward Transfer,2026-10-07 06:48:11+00:00
P00895,Treatment,2026-10-07 08:15:11+00:00
P00895,Pharmacy,2026-10-07 08:32:11+00:00
P00895,Billing,2026-10-07 08:52:11+00:00
P00895,Discharge,2026-10-07 09:18:11+00:00
P00896,Patient Arrival,2026-01-04 02:50:24+00:00
P00896,Registration,2026-01-04 03:17:24+00:00
P00896,Waiting,2026-01-04 04:54:24+00:00
P00896,Doctor Consultation,2026-01-04 05:22:24+00:00
P00896,Blood Test,2026-01-04 05:50:24+00:00
P00896,Doctor Consultation,2026-01-04 06:12:24+00:00
P00896,Diagnosis,2026-01-04 06:49:24+00:00
P00896,Ward Transfer,2026-01-04 07:18:24+00:00
P00896,Treatment,2026-01-04 08:42:24+00:00
P00896,Pharmacy,2026-01-04 09:09:24+00:00
P00896,Pharmacy,2026-01-04 09:09:24+00:00
P00896,Billing,2026-01-04 09:42:24+00:00
P00896,Discharge,2026-01-04 10:23:24+00:00
P00898,Patient Arrival,2026-12-29 22:07:29+00:00
P00898,Registration,2026-12-29 22:34:29+00:00
P00898,Waiting,2026-12-30 00:12:29+00:00
P00898,Doctor Consultation,2026-12-30 00:41:29+00:00
P00898,Diagnosis,2026-12-30 01:01:29+00:00
P00898,Diagnosis,2026-12-30 01:01:29+00:00
P00898,Treatment,2026-12-30 02:19:29+00:00
P00898,Pharmacy,2026-12-30 02:55:29+00:00
P00898,Billing,2026-12-30 03:15:29+00:00
P00898,Discharge,2026-12-30 03:42:29+00:00
P00901,Patient Arrival,2026-07-21 05:47:01+00:00
P00901,Registration,2026-07-21 06:01:01+00:00
P00901,Waiting,2026-07-21 07:13:01+00:00
P00901,Doctor Consultation,2026-07-21 07:29:01+00:00
P00901,ECG,2026-07-21 08:01:01+00:00
P00901,Doctor Consultation,2026-07-21 08:19:01+00:00
P00901,Diagnosis,2026-07-21 08:35:01+00:00
P00901,Ward Transfer,2026-07-21 09:06:01+00:00
P00901,Treatment,2026-07-21 11:24:01+00:00
P00901,Pharmacy,2026-07-21 11:54:01+00:00
P00901,Billing,2026-07-21 12:43:01+00:00
P00901,Discharge,2026-07-21 13:32:01+00:00
P00901,Discharge,2026-07-21 13:32:01+00:00
P00902,Patient Arrival,2026-02-02 03:04:51+00:00
P00902,Registration,2026-02-02 03:16:51+00:00
P00902,Waiting,2026-02-02 03:55:51+00:00
P00902,Doctor Consultation,2026-02-02 04:30:51+00:00
P00902,ECG,2026-02-02 04:53:51+00:00
P00902,Doctor Consultation,2026-02-02 05:21:51+00:00
P00902,Diagnosis,2026-02-02 05:50:51+00:00
P00902,Treatment,2026-02-02 08:06:51+00:00
P00902,Pharmacy,2026-02-02 08:36:51+00:00
P00902,Billing,2026-02-02 09:15:51+00:00
P00902,Discharge,2026-02-02 09:24:51+00:00
P00908,Patient Arrival,2026-08-29 02:16:17+00:00
P00908,Registration,2026-08-29 02:46:17+00:00
P00908,Waiting,2026-08-29 03:45:17+00:00
P00908,Doctor Consultation,2026-08-29 04:06:17+00:00
P00908,Diagnosis,2026-08-29 04:37:17+00:00
P00908,Treatment,2026-08-29 05:38:17+00:00
P00908,Pharmacy,2026-08-29 06:14:17+00:00
P00908,Billing,2026-08-29 07:00:17+00:00
P00908,Discharge,2026-08-29 07:41:17+00:00
P00909,Patient Arrival,2026-12-09 02:21:05+00:00
P00909,Registration,2026-12-09 02:45:05+00:00
P00909,Waiting,2026-12-09 04:17:05+00:00
P00909,Doctor Consultation,2026-12-09 04:56:05+00:00
P00909,Diagnosis,2026-12-09 05:32:05+00:00
P00909,Treatment,2026-12-09 06:28:05+00:00
P00909,Pharmacy,2026-12-09 06:54:05+00:00
P00909,Billing,2026-12-09 07:33:05+00:00
P00909,Discharge,2026-12-09 07:57:05+00:00
P00912,Patient Arrival,2026-05-02 09:34:44+00:00
P00912,Registration,2026-05-02 09:53:44+00:00
P00912,Waiting,2026-05-02 10:41:44+00:00
P00912,Doctor Consultation,2026-05-02 11:27:44+00:00
P00912,Urine Test,2026-05-02 11:59:44+00:00
P00912,Doctor Consultation,2026-05-02 12:47:44+00:00
P00912,Diagnosis,2026-05-02 13:27:44+00:00
P00912,Treatment,2026-05-02 15:02:44+00:00
P00912,Pharmacy,2026-05-02 15:13:44+00:00
P00912,Billing,2026-05-02 15:48:44+00:00
P00912,Discharge,2026-05-02 16:07:44+00:00
P00914,Patient Arrival,2026-07-17 06:48:16+00:00
P00914,Registration,2026-07-17 07:13:16+00:00
P00914,Registration,2026-07-17 07:13:16+00:00
P00914,Waiting,2026-07-17 08:57:16+00:00
P00914,Doctor Consultation,2026-07-17 09:42:16+00:00
P00914,Diagnosis,2026-07-17 10:08:16+00:00
P00914,Ward Transfer,2026-07-17 10:37:16+00:00
P00914,Treatment,2026-07-17 12:26:16+00:00
P00914,Pharmacy,2026-07-17 12:54:16+00:00
P00914,Billing,2026-07-17 13:23:16+00:00
P00914,Discharge,2026-07-17 14:05:16+00:00
P00922,Patient Arrival,2026-04-04 14:56:34+00:00
P00922,Registration,2026-04-04 15:28:34+00:00
P00922,Waiting,2026-04-04 17:22:34+00:00
P00922,Doctor Consultation,2026-04-04 17:54:34+00:00
P00922,Diagnosis,2026-04-04 18:31:34+00:00
P00922,Treatment,2026-04-04 19:35:34+00:00
P00922,Pharmacy,2026-04-04 19:54:34+00:00
P00922,Billing,2026-04-04 20:25:34+00:00
P00922,Discharge,2026-04-04 21:09:34+00:00
P00928,Patient Arrival,2026-09-06 03:59:30+00:00
P00928,Registration,2026-09-06 04:23:30+00:00
P00928,Waiting,2026-09-06 06:18:30+00:00
P00928,Doctor Consultation,2026-09-06 06:42:30+00:00
P00928,Blood Test,2026-09-06 07:19:30+00:00
P00928,Doctor Consultation,2026-09-06 07:40:30+00:00
P00928,Diagnosis,2026-09-06 08:11:30+00:00
P00928,Treatment,2026-09-06 09:12:30+00:00
P00928,Pharmacy,2026-09-06 09:43:30+00:00
P00928,Billing,2026-09-06 10:28:30+00:00
P00928,Discharge,2026-09-06 10:52:30+00:00
P00932,Patient Arrival,2026-12-17 10:47:50+00:00
P00932,Registration,2026-12-17 11:08:50+00:00
P00932,Waiting,2026-12-17 12:30:50+00:00
P00932,Doctor Consultation,2026-12-17 13:02:50+00:00
P00932,Blood Test,2026-12-17 13:57:50+00:00
P00932,Doctor Consultation,2026-12-17 14:37:50+00:00
P00932,Diagnosis,2026-12-17 14:58:50+00:00
P00932,Treatment,2026-12-17 15:34:50+00:00
P00932,Pharmacy,2026-12-17 15:47:50+00:00
P00932,Billing,2026-12-17 16:34:50+00:00
P00932,Discharge,2026-12-17 17:06:50+00:00
P00933,Patient Arrival,2026-01-29 01:43:04+00:00
P00933,Registration,2026-01-29 01:52:04+00:00
P00933,Waiting,2026-01-29 03:34:04+00:00
P00933,Doctor Consultation,2026-01-29 04:05:04+00:00
P00933,Blood Test,2026-01-29 04:34:04+00:00
P00933,Doctor Consultation,2026-01-29 05:03:04+00:00
P00933,Diagnosis,2026-01-29 05:38:04+00:00
P00933,Treatment,2026-01-29 07:22:04+00:00
P00933,Pharmacy,2026-01-29 08:04:04+00:00
P00933,Billing,2026-01-29 08:43:04+00:00
P00933,Discharge,2026-01-29 09:20:04+00:00
P00934,Patient Arrival,2026-09-23 19:53:53+00:00
P00934,Registration,2026-09-23 20:13:53+00:00
P00934,Waiting,2026-09-23 21:48:53+00:00
P00934,Doctor Consultation,2026-09-23 22:33:53+00:00
P00934,ECG,2026-09-23 22:52:53+00:00
P00934,Doctor Consultation,2026-09-23 23:09:53+00:00
P00934,Diagnosis,2026-09-23 23:52:53+00:00
P00934,Treatment,2026-09-24 02:15:53+00:00
P00934,Pharmacy,2026-09-24 02:26:53+00:00
P00934,Billing,2026-09-24 02:51:53+00:00
P00934,Discharge,2026-09-24 03:37:53+00:00
P00937,Patient Arrival,2026-08-17 07:38:13+00:00
P00937,Registration,2026-08-17 07:56:13+00:00
P00937,Waiting,2026-08-17 09:30:13+00:00
P00937,Doctor Consultation,2026-08-17 09:48:13+00:00
P00937,Diagnosis,2026-08-17 10:24:13+00:00
P00937,Ward Transfer,2026-08-17 10:45:13+00:00
P00937,Treatment,2026-08-17 12:43:13+00:00
P00937,Pharmacy,2026-08-17 13:09:13+00:00
P00937,Billing,2026-08-17 13:41:13+00:00
P00937,Discharge,2026-08-17 13:52:13+00:00
P00938,Patient Arrival,2026-09-29 09:52:02+00:00
P00938,Registration,2026-09-29 10:36:02+00:00
P00938,Waiting,2026-09-29 11:46:02+00:00
P00938,Doctor Consultation,2026-09-29 12:07:02+00:00
P00938,X-Ray,2026-09-29 13:01:02+00:00
P00938,Doctor Consultation,2026-09-29 13:33:02+00:00
P00938,Diagnosis,2026-09-29 14:22:02+00:00
P00938,Treatment,2026-09-29 15:07:02+00:00
P00938,Pharmacy,2026-09-29 15:30:02+00:00
P00938,Billing,2026-09-29 16:15:02+00:00
P00938,Discharge,2026-09-29 16:32:02+00:00
P00939,Patient Arrival,2026-10-14 21:32:29+00:00
P00939,Registration,2026-10-14 22:12:29+00:00
P00939,Waiting,2026-10-14 23:37:29+00:00
P00939,Doctor Consultation,2026-10-14 23:56:29+00:00
P00939,Diagnosis,2026-10-15 00:24:29+00:00
P00939,Treatment,2026-10-15 01:55:29+00:00
P00939,Pharmacy,2026-10-15 02:21:29+00:00
P00939,Billing,2026-10-15 03:06:29+00:00
P00939,Discharge,2026-10-15 03:33:29+00:00
P00942,Patient Arrival,2026-07-04 17:46:54+00:00
P00942,Registration,2026-07-04 18:31:54+00:00
P00942,Waiting,2026-07-04 19:02:54+00:00
P00942,Doctor Consultation,2026-07-04 19:38:54+00:00
P00942,X-Ray,2026-07-04 20:07:54+00:00
P00942,Doctor Consultation,2026-07-04 20:40:54+00:00
P00942,Diagnosis,2026-07-04 21:22:54+00:00
P00942,Treatment,2026-07-04 22:27:54+00:00
P00942,Pharmacy,2026-07-04 22:48:54+00:00
P00942,Billing,2026-07-04 23:36:54+00:00
P00942,Discharge,2026-07-04 23:51:54+00:00
P00943,Patient Arrival,2026-03-11 08:21:18+00:00
P00943,Registration,2026-03-11 09:05:18+00:00
P00943,Waiting,2026-03-11 09:58:18+00:00
P00943,Doctor Consultation,2026-03-11 10:34:18+00:00
P00943,Diagnosis,2026-03-11 11:10:18+00:00
P00943,Treatment,2026-03-11 13:08:18+00:00
P00943,Pharmacy,2026-03-11 13:31:18+00:00
P00943,Billing,2026-03-11 14:03:18+00:00
P00943,Discharge,2026-03-11 14:24:18+00:00
P00944,Patient Arrival,2026-04-01 20:28:05+00:00
P00944,Registration,2026-04-01 20:55:05+00:00
P00944,Waiting,2026-04-01 22:17:05+00:00
P00944,Doctor Consultation,2026-04-01 22:50:05+00:00
P00944,Diagnosis,2026-04-01 23:18:05+00:00
P00944,Treatment,2026-04-02 01:17:05+00:00
P00944,Pharmacy,2026-04-02 01:32:05+00:00
P00944,Billing,2026-04-02 02:08:05+00:00
P00944,Discharge,2026-04-02 02:31:05+00:00
P00946,Patient Arrival,2026-03-22 05:18:55+00:00
P00946,Registration,2026-03-22 06:00:55+00:00
P00946,Waiting,2026-03-22 07:32:55+00:00
P00946,Doctor Consultation,2026-03-22 07:54:55+00:00
P00946,ECG,2026-03-22 08:37:55+00:00
P00946,Doctor Consultation,2026-03-22 09:21:55+00:00
P00946,Diagnosis,2026-03-22 09:39:55+00:00
P00946,Treatment,2026-03-22 10:24:55+00:00
P00946,Pharmacy,2026-03-22 11:03:55+00:00
P00946,Billing,2026-03-22 11:12:55+00:00
P00946,Discharge,2026-03-22 11:44:55+00:00
P00950,Patient Arrival,2026-06-28 03:56:03+00:00
P00950,Registration,2026-06-28 04:06:03+00:00
P00950,Waiting,2026-06-28 05:29:03+00:00
P00950,Doctor Consultation,2026-06-28 05:47:03+00:00
P00950,Diagnosis,2026-06-28 06:21:03+00:00
P00950,Treatment,2026-06-28 08:03:03+00:00
P00950,Pharmacy,2026-06-28 08:24:03+00:00
P00950,Billing,2026-06-28 08:54:03+00:00
P00950,Discharge,2026-06-28 09:20:03+00:00
P00953,Patient Arrival,2026-03-06 08:58:42+00:00
P00953,Registration,2026-03-06 09:32:42+00:00
P00953,Waiting,2026-03-06 10:45:42+00:00
P00953,Doctor Consultation,2026-03-06 11:17:42+00:00
P00953,Diagnosis,2026-03-06 11:56:42+00:00
P00953,Treatment,2026-03-06 12:57:42+00:00
P00953,Pharmacy,2026-03-06 13:45:42+00:00
P00953,Billing,2026-03-06 14:29:42+00:00
P00953,Discharge,2026-03-06 14:49:42+00:00
P00956,Patient Arrival,2026-04-19 18:24:27+00:00
P00956,Registration,2026-04-19 18:55:27+00:00
P00956,Waiting,2026-04-19 19:55:27+00:00
P00956,Doctor Consultation,2026-04-19 20:15:27+00:00
P00956,Urine Test,2026-04-19 20:46:27+00:00
P00956,Doctor Consultation,2026-04-19 21:16:27+00:00
P00956,Diagnosis,2026-04-19 21:29:27+00:00
P00956,Ward Transfer,2026-04-19 22:01:27+00:00
P00956,Treatment,2026-04-19 23:45:27+00:00
P00956,Pharmacy,2026-04-20 00:10:27+00:00
P00956,Billing,2026-04-20 00:42:27+00:00
P00956,Discharge,2026-04-20 01:06:27+00:00
P00957,Patient Arrival,2026-09-19 02:03:42+00:00
P00957,Registration,2026-09-19 02:37:42+00:00
P00957,Waiting,2026-09-19 04:19:42+00:00
P00957,Doctor Consultation,2026-09-19 05:08:42+00:00
P00957,Diagnosis,2026-09-19 05:50:42+00:00
P00957,Treatment,2026-09-19 07:27:42+00:00
P00957,Pharmacy,2026-09-19 08:08:42+00:00
P00957,Billing,2026-09-19 08:57:42+00:00
P00957,Discharge,2026-09-19 09:31:42+00:00
P00960,Patient Arrival,2026-05-26 20:27:30+00:00
P00960,Registration,2026-05-26 20:53:30+00:00
P00960,Waiting,2026-05-26 22:27:30+00:00
P00960,Doctor Consultation,2026-05-26 23:13:30+00:00
P00960,X-Ray,2026-05-26 23:44:30+00:00
P00960,Doctor Consultation,2026-05-27 00:07:30+00:00
P00960,Diagnosis,2026-05-27 00:29:30+00:00
P00960,Treatment,2026-05-27 02:02:30+00:00
P00960,Pharmacy,2026-05-27 02:23:30+00:00
P00960,Billing,2026-05-27 02:59:30+00:00
P00960,Billing,2026-05-27 02:59:30+00:00
P00960,Discharge,2026-05-27 03:40:30+00:00
P00961,Patient Arrival,2026-01-25 21:20:03+00:00
P00961,Registration,2026-01-25 21:57:03+00:00
P00961,Waiting,2026-01-25 23:32:03+00:00
P00961,Doctor Consultation,2026-01-26 00:15:03+00:00
P00961,Diagnosis,2026-01-26 00:39:03+00:00
P00961,Treatment,2026-01-26 02:00:03+00:00
P00961,Treatment,2026-01-26 02:00:03+00:00
P00961,Pharmacy,2026-01-26 02:24:03+00:00
P00961,Billing,2026-01-26 03:02:03+00:00
P00961,Discharge,2026-01-26 03:42:03+00:00
P00962,Patient Arrival,2026-11-14 02:32:11+00:00
P00962,Registration,2026-11-14 03:16:11+00:00
P00962,Waiting,2026-11-14 04:05:11+00:00
P00962,Doctor Consultation,2026-11-14 04:21:11+00:00
P00962,Blood Test,2026-11-14 04:43:11+00:00
P00962,Doctor Consultation,2026-11-14 05:23:11+00:00
P00962,Diagnosis,2026-11-14 06:03:11+00:00
P00962,Treatment,2026-11-14 06:50:11+00:00
P00962,Pharmacy,2026-11-14 07:04:11+00:00
P00962,Billing,2026-11-14 07:26:11+00:00
P00962,Discharge,2026-11-14 08:16:11+00:00
P00963,Patient Arrival,2026-03-25 09:22:26+00:00
P00963,Registration,2026-03-25 09:56:26+00:00
P00963,Waiting,2026-03-25 11:36:26+00:00
P00963,Doctor Consultation,2026-03-25 12:13:26+00:00
P00963,Blood Test,2026-03-25 12:47:26+00:00
P00963,Doctor Consultation,2026-03-25 13:10:26+00:00
P00963,Urine Test,2026-03-25 13:59:26+00:00
P00963,Doctor Consultation,2026-03-25 14:37:26+00:00
P00963,Diagnosis,2026-03-25 15:06:26+00:00
P00963,Treatment,2026-03-25 15:59:26+00:00
P00963,Pharmacy,2026-03-25 16:29:26+00:00
P00963,Billing,2026-03-25 16:53:26+00:00
P00963,Discharge,2026-03-25 17:13:26+00:00
P00972,Patient Arrival,2026-12-23 18:02:49+00:00
P00972,Registration,2026-12-23 18:36:49+00:00
P00972,Waiting,2026-12-23 20:27:49+00:00
P00972,Doctor Consultation,2026-12-23 21:15:49+00:00
P00972,ECG,2026-12-23 21:47:49+00:00
P00972,Doctor Consultation,2026-12-23 22:23:49+00:00
P00972,Diagnosis,2026-12-23 22:51:49+00:00
P00972,Treatment,2026-12-24 00:22:49+00:00
P00972,Pharmacy,2026-12-24 00:48:49+00:00
P00972,Billing,2026-12-24 01:09:49+00:00
P00972,Discharge,2026-12-24 01:39:49+00:00
P00973,Patient Arrival,2026-03-13 15:06:04+00:00
P00973,Registration,2026-03-13 15:34:04+00:00
P00973,Waiting,2026-03-13 17:27:04+00:00
P00973,Doctor Consultation,2026-03-13 17:57:04+00:00
P00973,Diagnosis,2026-03-13 18:32:04+00:00
P00973,Ward Transfer,2026-03-13 18:51:04+00:00
P00973,Treatment,2026-03-13 20:39:04+00:00
P00973,Treatment,2026-03-13 20:39:04+00:00
P00973,Pharmacy,2026-03-13 21:11:04+00:00
P00973,Billing,2026-03-13 21:50:04+00:00
P00973,Discharge,2026-03-13 22:01:04+00:00
P00975,Patient Arrival,2026-03-06 02:30:15+00:00
P00975,Registration,2026-03-06 02:52:15+00:00
P00975,Waiting,2026-03-06 03:58:15+00:00
P00975,Doctor Consultation,2026-03-06 04:33:15+00:00
P00975,ECG,2026-03-06 05:00:15+00:00
P00975,Doctor Consultation,2026-03-06 05:22:15+00:00
P00975,Diagnosis,2026-03-06 06:08:15+00:00
P00975,Treatment,2026-03-06 07:32:15+00:00
P00975,Pharmacy,2026-03-06 08:08:15+00:00
P00975,Billing,2026-03-06 08:52:15+00:00
P00975,Discharge,2026-03-06 09:11:15+00:00
P00976,Patient Arrival,2026-04-16 22:26:34+00:00
P00976,Registration,2026-04-16 22:56:34+00:00
P00976,Waiting,2026-04-16 23:49:34+00:00
P00976,Doctor Consultation,2026-04-17 00:22:34+00:00
P00976,Urine Test,2026-04-17 01:11:34+00:00
P00976,Doctor Consultation,2026-04-17 01:33:34+00:00
P00976,Diagnosis,2026-04-17 01:53:34+00:00
P00976,Treatment,2026-04-17 04:08:34+00:00
P00976,Pharmacy,2026-04-17 04:51:34+00:00
P00976,Billing,2026-04-17 05:21:34+00:00
P00976,Discharge,2026-04-17 05:45:34+00:00
P00977,Patient Arrival,2026-08-26 00:40:56+00:00
P00977,Registration,2026-08-26 01:18:56+00:00
P00977,Waiting,2026-08-26 02:21:56+00:00
P00977,Doctor Consultation,2026-08-26 02:37:56+00:00
P00977,Urine Test,2026-08-26 03:21:56+00:00
P00977,Doctor Consultation,2026-08-26 03:45:56+00:00
P00977,Diagnosis,2026-08-26 04:21:56+00:00
P00977,Treatment,2026-08-26 05:21:56+00:00
P00977,Pharmacy,2026-08-26 05:36:56+00:00
P00977,Billing,2026-08-26 06:06:56+00:00
P00977,Discharge,2026-08-26 06:41:56+00:00
P00980,Patient Arrival,2026-12-01 23:55:28+00:00
P00980,Registration,2026-12-02 00:26:28+00:00
P00980,Waiting,2026-12-02 02:08:28+00:00
P00980,Doctor Consultation,2026-12-02 02:54:28+00:00
P00980,X-Ray,2026-12-02 03:25:28+00:00
P00980,Doctor Consultation,2026-12-02 03:57:28+00:00
P00980,Diagnosis,2026-12-02 04:32:28+00:00
P00980,Treatment,2026-12-02 05:55:28+00:00
P00980,Pharmacy,2026-12-02 06:06:28+00:00
P00980,Billing,2026-12-02 06:40:28+00:00
P00980,Discharge,2026-12-02 07:15:28+00:00
P00986,Patient Arrival,2026-12-17 06:21:17+00:00
P00986,Registration,2026-12-17 06:51:17+00:00
P00986,Waiting,2026-12-17 07:56:17+00:00
P00986,Doctor Consultation,2026-12-17 08:40:17+00:00
P00986,Diagnosis,2026-12-17 09:15:17+00:00
P00986,Ward Transfer,2026-12-17 09:47:17+00:00
P00986,Treatment,2026-12-17 11:31:17+00:00
P00986,Pharmacy,2026-12-17 11:58:17+00:00
P00986,Billing,2026-12-17 12:22:17+00:00
P00986,Discharge,2026-12-17 12:49:17+00:00
P00988,Patient Arrival,2026-02-12 19:10:29+00:00
P00988,Registration,2026-02-12 19:42:29+00:00
P00988,Waiting,2026-02-12 21:02:29+00:00
P00988,Doctor Consultation,2026-02-12 21:41:29+00:00
P00988,Diagnosis,2026-02-12 22:10:29+00:00
P00988,Ward Transfer,2026-02-12 22:38:29+00:00
P00988,Treatment,2026-02-12 23:21:29+00:00
P00988,Pharmacy,2026-02-12 23:47:29+00:00
P00988,Billing,2026-02-13 00:33:29+00:00
P00988,Discharge,2026-02-13 01:11:29+00:00
P00989,Patient Arrival,2026-01-03 20:21:29+00:00
P00989,Registration,2026-01-03 20:46:29+00:00
P00989,Waiting,2026-01-03 22:21:29+00:00
P00989,Doctor Consultation,2026-01-03 22:53:29+00:00
P00989,Diagnosis,2026-01-03 23:34:29+00:00
P00989,Ward Transfer,2026-01-04 00:01:29+00:00
P00989,Treatment,2026-01-04 01:41:29+00:00
P00989,Pharmacy,2026-01-04 01:58:29+00:00
P00989,Billing,2026-01-04 02:39:29+00:00
P00989,Discharge,2026-01-04 03:15:29+00:00
P00990,Patient Arrival,2026-06-17 17:16:28+00:00
P00990,Registration,2026-06-17 17:49:28+00:00
P00990,Waiting,2026-06-17 19:44:28+00:00
P00990,Doctor Consultation,2026-06-17 20:31:28+00:00
P00990,Diagnosis,2026-06-17 21:20:28+00:00
P00990,Treatment,2026-06-17 23:03:28+00:00
P00990,Pharmacy,2026-06-17 23:36:28+00:00
P00990,Billing,2026-06-18 00:01:28+00:00
P00990,Discharge,2026-06-18 00:46:28+00:00
P00996,Patient Arrival,2026-05-21 15:28:37+00:00
P00996,Registration,2026-05-21 15:58:37+00:00
P00996,Waiting,2026-05-21 16:47:37+00:00
P00996,Doctor Consultation,2026-05-21 17:26:37+00:00
P00996,Urine Test,2026-05-21 18:18:37+00:00
P00996,Doctor Consultation,2026-05-21 18:47:37+00:00
P00996,Diagnosis,2026-05-21 18:54:37+00:00
P00996,Treatment,2026-05-21 19:35:37+00:00
P00996,Pharmacy,2026-05-21 19:48:37+00:00
P00996,Billing,2026-05-21 20:16:37+00:00
P00996,Discharge,2026-05-21 20:59:37+00:00
P01000,Patient Arrival,2026-10-15 10:24:11+00:00
P01000,Registration,2026-10-15 11:06:11+00:00
P01000,Waiting,2026-10-15 12:21:11+00:00
P01000,Doctor Consultation,2026-10-15 12:41:11+00:00
P01000,Diagnosis,2026-10-15 13:14:11+00:00
P01000,Treatment,2026-10-15 14:49:11+00:00
P01000,Pharmacy,2026-10-15 15:25:11+00:00
P01000,Billing,2026-10-15 16:09:11+00:00
P01000,Discharge,2026-10-15 16:35:11+00:00
P01003,Patient Arrival,2026-07-30 07:53:24+00:00
P01003,Registration,2026-07-30 08:39:24+00:00
P01003,Waiting,2026-07-30 09:58:24+00:00
P01003,Doctor Consultation,2026-07-30 10:44:24+00:00
P01003,Blood Test,2026-07-30 11:11:24+00:00
P01003,Doctor Consultation,2026-07-30 11:53:24+00:00
P01003,Diagnosis,2026-07-30 12:32:24+00:00
P01003,Treatment,2026-07-30 13:34:24+00:00
P01003,Pharmacy,2026-07-30 14:10:24+00:00
P01003,Billing,2026-07-30 14:46:24+00:00
P01003,Discharge,2026-07-30 15:24:24+00:00
P01006,Patient Arrival,2026-08-22 15:03:16+00:00
P01006,Registration,2026-08-22 15:33:16+00:00
P01006,Waiting,2026-08-22 16:40:16+00:00
P01006,Doctor Consultation,2026-08-22 17:16:16+00:00
P01006,Urine Test,2026-08-22 17:55:16+00:00
P01006,Doctor Consultation,2026-08-22 18:26:16+00:00
P01006,Diagnosis,2026-08-22 18:48:16+00:00
P01006,Treatment,2026-08-22 21:03:16+00:00
P01006,Pharmacy,2026-08-22 21:42:16+00:00
P01006,Billing,2026-08-22 22:14:16+00:00
P01006,Discharge,2026-08-22 22:47:16+00:00
P01007,Patient Arrival,2026-08-07 13:45:13+00:00
P01007,Registration,2026-08-07 14:37:13+00:00
P01007,Waiting,2026-08-07 15:11:13+00:00
P01007,Doctor Consultation,2026-08-07 15:39:13+00:00
P01007,Doctor Consultation,2026-08-07 15:39:13+00:00
P01007,Urine Test,2026-08-07 16:12:13+00:00
P01007,Doctor Consultation,2026-08-07 16:31:13+00:00
P01007,Diagnosis,2026-08-07 16:52:13+00:00
P01007,Ward Transfer,2026-08-07 17:26:13+00:00
P01007,Treatment,2026-08-07 19:32:13+00:00
P01007,Pharmacy,2026-08-07 20:13:13+00:00
P01007,Billing,2026-08-07 20:39:13+00:00
P01007,Discharge,2026-08-07 21:04:13+00:00
P01010,Patient Arrival,2026-02-19 09:41:11+00:00
P01010,Registration,2026-02-19 10:01:11+00:00
P01010,Waiting,2026-02-19 10:39:11+00:00
P01010,Doctor Consultation,2026-02-19 11:02:11+00:00
P01010,Doctor Consultation,2026-02-19 11:02:11+00:00
P01010,Diagnosis,2026-02-19 11:27:11+00:00
P01010,Treatment,2026-02-19 12:54:11+00:00
P01010,Pharmacy,2026-02-19 13:24:11+00:00
P01010,Billing,2026-02-19 14:14:11+00:00
P01010,Discharge,2026-02-19 14:38:11+00:00
P01011,Patient Arrival,2026-11-14 07:25:01+00:00
P01011,Registration,2026-11-14 07:40:01+00:00
P01011,Waiting,2026-11-14 08:30:01+00:00
P01011,Doctor Consultation,2026-11-14 08:37:01+00:00
P01011,Blood Test,2026-11-14 09:24:01+00:00
P01011,Doctor Consultation,2026-11-14 09:32:01+00:00
P01011,Diagnosis,2026-11-14 10:19:01+00:00
P01011,Treatment,2026-11-14 11:37:01+00:00
P01011,Pharmacy,2026-11-14 12:02:01+00:00
P01011,Billing,2026-11-14 12:34:01+00:00
P01011,Discharge,2026-11-14 12:52:01+00:00
P01012,Patient Arrival,2026-11-08 12:59:49+00:00
P01012,Registration,2026-11-08 13:44:49+00:00
P01012,Waiting,2026-11-08 15:20:49+00:00
P01012,Doctor Consultation,2026-11-08 15:50:49+00:00
P01012,Diagnosis,2026-11-08 16:24:49+00:00
P01012,Treatment,2026-11-08 18:29:49+00:00
P01012,Pharmacy,2026-11-08 19:10:49+00:00
P01012,Billing,2026-11-08 19:40:49+00:00
P01012,Discharge,2026-11-08 20:13:49+00:00
P01013,Patient Arrival,2026-08-12 06:21:22+00:00
P01013,Registration,2026-08-12 06:53:22+00:00
P01013,Registration,2026-08-12 06:53:22+00:00
P01013,Waiting,2026-08-12 08:44:22+00:00
P01013,Doctor Consultation,2026-08-12 09:20:22+00:00
P01013,Diagnosis,2026-08-12 10:00:22+00:00
P01013,Ward Transfer,2026-08-12 10:35:22+00:00
P01013,Treatment,2026-08-12 11:38:22+00:00
P01013,Pharmacy,2026-08-12 12:14:22+00:00
P01013,Billing,2026-08-12 12:41:22+00:00
P01013,Discharge,2026-08-12 13:04:22+00:00
P01016,Patient Arrival,2026-06-02 08:01:53+00:00
P01016,Registration,2026-06-02 08:36:53+00:00
P01016,Waiting,2026-06-02 09:21:53+00:00
P01016,Doctor Consultation,2026-06-02 09:43:53+00:00
P01016,Blood Test,2026-06-02 10:13:53+00:00
P01016,Doctor Consultation,2026-06-02 11:01:53+00:00
P01016,Doctor Consultation,2026-06-02 11:01:53+00:00
P01016,Diagnosis,2026-06-02 11:19:53+00:00
P01016,Treatment,2026-06-02 13:19:53+00:00
P01016,Pharmacy,2026-06-02 14:03:53+00:00
P01016,Billing,2026-06-02 14:20:53+00:00
P01016,Discharge,2026-06-02 14:41:53+00:00
P01017,Patient Arrival,2026-02-21 04:28:58+00:00
P01017,Registration,2026-02-21 05:03:58+00:00
P01017,Waiting,2026-02-21 06:15:58+00:00
P01017,Doctor Consultation,2026-02-21 06:54:58+00:00
P01017,Blood Test,2026-02-21 07:22:58+00:00
P01017,Doctor Consultation,2026-02-21 07:39:58+00:00
P01017,Diagnosis,2026-02-21 07:57:58+00:00
P01017,Treatment,2026-02-21 09:28:58+00:00
P01017,Pharmacy,2026-02-21 09:49:58+00:00
P01017,Billing,2026-02-21 10:16:58+00:00
P01017,Discharge,2026-02-21 11:03:58+00:00
P01021,Patient Arrival,2026-02-28 01:31:25+00:00
P01021,Registration,2026-02-28 02:01:25+00:00
P01021,Waiting,2026-02-28 03:10:25+00:00
P01021,Doctor Consultation,2026-02-28 03:58:25+00:00
P01021,ECG,2026-02-28 04:14:25+00:00
P01021,Doctor Consultation,2026-02-28 04:49:25+00:00
P01021,Diagnosis,2026-02-28 05:14:25+00:00
P01021,Treatment,2026-02-28 06:38:25+00:00
P01021,Pharmacy,2026-02-28 06:55:25+00:00
P01021,Billing,2026-02-28 07:20:25+00:00
P01021,Discharge,2026-02-28 07:53:25+00:00
P01023,Patient Arrival,2026-09-03 22:04:31+00:00
P01023,Registration,2026-09-03 22:34:31+00:00
P01023,Waiting,2026-09-04 00:16:31+00:00
P01023,Doctor Consultation,2026-09-04 00:45:31+00:00
P01023,Diagnosis,2026-09-04 01:12:31+00:00
P01023,Ward Transfer,2026-09-04 01:50:31+00:00
P01023,Treatment,2026-09-04 03:06:31+00:00
P01023,Pharmacy,2026-09-04 03:40:31+00:00
P01023,Billing,2026-09-04 04:07:31+00:00
P01023,Discharge,2026-09-04 04:46:31+00:00
P01024,Patient Arrival,2026-08-17 06:13:34+00:00
P01024,Registration,2026-08-17 06:48:34+00:00
P01024,Waiting,2026-08-17 08:28:34+00:00
P01024,Doctor Consultation,2026-08-17 08:55:34+00:00
P01024,Diagnosis,2026-08-17 09:43:34+00:00
P01024,Ward Transfer,2026-08-17 10:21:34+00:00
P01024,Ward Transfer,2026-08-17 10:21:34+00:00
P01024,Treatment,2026-08-17 11:42:34+00:00
P01024,Pharmacy,2026-08-17 12:28:34+00:00
P01024,Billing,2026-08-17 13:08:34+00:00
P01024,Discharge,2026-08-17 13:30:34+00:00
P01025,Patient Arrival,2026-10-01 06:27:00+00:00
P01025,Registration,2026-10-01 07:03:00+00:00
P01025,Waiting,2026-10-01 08:50:00+00:00
P01025,Doctor Consultation,2026-10-01 09:43:00+00:00
P01025,Blood Test,2026-10-01 10:26:00+00:00
P01025,Doctor Consultation,2026-10-01 11:17:00+00:00
P01025,Diagnosis,2026-10-01 11:56:00+00:00
P01025,Ward Transfer,2026-10-01 12:23:00+00:00
P01025,Treatment,2026-10-01 13:53:00+00:00
P01025,Pharmacy,2026-10-01 14:10:00+00:00
P01025,Billing,2026-10-01 14:39:00+00:00
P01025,Discharge,2026-10-01 15:19:00+00:00
P01026,Patient Arrival,2026-11-13 01:06:41+00:00
P01026,Registration,2026-11-13 01:35:41+00:00
P01026,Waiting,2026-11-13 03:06:41+00:00
P01026,Doctor Consultation,2026-11-13 03:38:41+00:00
P01026,Diagnosis,2026-11-13 04:09:41+00:00
P01026,Ward Transfer,2026-11-13 04:25:41+00:00
P01026,Treatment,2026-11-13 06:37:41+00:00
P01026,Pharmacy,2026-11-13 07:06:41+00:00
P01026,Billing,2026-11-13 07:36:41+00:00
P01026,Discharge,2026-11-13 08:20:41+00:00
P01029,Patient Arrival,2026-08-07 19:40:40+00:00
P01029,Registration,2026-08-07 20:02:40+00:00
P01029,Waiting,2026-08-07 20:51:40+00:00
P01029,Doctor Consultation,2026-08-07 21:28:40+00:00
P01029,X-Ray,2026-08-07 21:59:40+00:00
P01029,Doctor Consultation,2026-08-07 22:44:40+00:00
P01029,Diagnosis,2026-08-07 23:19:40+00:00
P01029,Ward Transfer,2026-08-07 23:28:40+00:00
P01029,Treatment,2026-08-08 00:49:40+00:00
P01029,Pharmacy,2026-08-08 01:02:40+00:00
P01029,Billing,2026-08-08 01:29:40+00:00
P01029,Discharge,2026-08-08 02:01:40+00:00
P01032,Patient Arrival,2026-11-15 17:18:51+00:00
P01032,Registration,2026-11-15 17:45:51+00:00
P01032,Waiting,2026-11-15 19:40:51+00:00
P01032,Doctor Consultation,2026-11-15 19:55:51+00:00
P01032,X-Ray,2026-11-15 20:22:51+00:00
P01032,Doctor Consultation,2026-11-15 21:00:51+00:00
P01032,Diagnosis,2026-11-15 21:29:51+00:00
P01032,Diagnosis,2026-11-15 21:29:51+00:00
P01032,Treatment,2026-11-15 23:50:51+00:00
P01032,Pharmacy,2026-11-16 00:25:51+00:00
P01032,Billing,2026-11-16 00:49:51+00:00
P01032,Discharge,2026-11-16 01:31:51+00:00
P01034,Patient Arrival,2026-12-18 07:00:15+00:00
P01034,Registration,2026-12-18 07:24:15+00:00
P01034,Waiting,2026-12-18 08:33:15+00:00
P01034,Doctor Consultation,2026-12-18 09:12:15+00:00
P01034,Diagnosis,2026-12-18 09:48:15+00:00
P01034,Treatment,2026-12-18 11:25:15+00:00
P01034,Pharmacy,2026-12-18 12:03:15+00:00
P01034,Billing,2026-12-18 12:46:15+00:00
P01034,Discharge,2026-12-18 13:12:15+00:00
P01040,Patient Arrival,2026-08-03 13:32:46+00:00
P01040,Registration,2026-08-03 14:17:46+00:00
P01040,Waiting,2026-08-03 15:58:46+00:00
P01040,Doctor Consultation,2026-08-03 16:28:46+00:00
P01040,Urine Test,2026-08-03 16:54:46+00:00
P01040,Doctor Consultation,2026-08-03 17:04:46+00:00
P01040,Diagnosis,2026-08-03 17:23:46+00:00
P01040,Treatment,2026-08-03 18:54:46+00:00
P01040,Pharmacy,2026-08-03 19:35:46+00:00
P01040,Billing,2026-08-03 19:55:46+00:00
P01040,Discharge,2026-08-03 20:26:46+00:00
P01043,Patient Arrival,2026-05-25 02:30:16+00:00
P01043,Registration,2026-05-25 03:15:16+00:00
P01043,Waiting,2026-05-25 03:59:16+00:00
P01043,Doctor Consultation,2026-05-25 04:17:16+00:00
P01043,X-Ray,2026-05-25 05:09:16+00:00
P01043,Doctor Consultation,2026-05-25 06:02:16+00:00
P01043,Diagnosis,2026-05-25 06:18:16+00:00
P01043,Treatment,2026-05-25 06:55:16+00:00
P01043,Pharmacy,2026-05-25 07:33:16+00:00
P01043,Billing,2026-05-25 08:03:16+00:00
P01043,Discharge,2026-05-25 08:33:16+00:00
P01046,Patient Arrival,2026-01-23 15:40:51+00:00
P01046,Registration,2026-01-23 15:58:51+00:00
P01046,Waiting,2026-01-23 16:38:51+00:00
P01046,Doctor Consultation,2026-01-23 17:16:51+00:00
P01046,Urine Test,2026-01-23 17:49:51+00:00
P01046,Doctor Consultation,2026-01-23 18:09:51+00:00
P01046,Diagnosis,2026-01-23 18:34:51+00:00
P01046,Ward Transfer,2026-01-23 18:52:51+00:00
P01046,Treatment,2026-01-23 20:33:51+00:00
P01046,Pharmacy,2026-01-23 20:48:51+00:00
P01046,Billing,2026-01-23 21:38:51+00:00
P01046,Discharge,2026-01-23 22:13:51+00:00
P01049,Patient Arrival,2026-12-09 05:58:16+00:00
P01049,Registration,2026-12-09 06:43:16+00:00
P01049,Waiting,2026-12-09 07:59:16+00:00
P01049,Doctor Consultation,2026-12-09 08:35:16+00:00
P01049,X-Ray,2026-12-09 09:20:16+00:00
P01049,Doctor Consultation,2026-12-09 09:46:16+00:00
P01049,Diagnosis,2026-12-09 10:02:16+00:00
P01049,Ward Transfer,2026-12-09 10:47:16+00:00
P01049,Treatment,2026-12-09 11:50:16+00:00
P01049,Pharmacy,2026-12-09 12:11:16+00:00
P01049,Billing,2026-12-09 12:46:16+00:00
P01049,Discharge,2026-12-09 13:11:16+00:00
P01051,Patient Arrival,2026-12-22 07:59:06+00:00
P01051,Patient Arrival,2026-12-22 07:59:06+00:00
P01051,Registration,2026-12-22 08:34:06+00:00
P01051,Waiting,2026-12-22 09:47:06+00:00
P01051,Doctor Consultation,2026-12-22 10:17:06+00:00
P01051,Blood Test,2026-12-22 10:42:06+00:00
P01051,Doctor Consultation,2026-12-22 11:20:06+00:00
P01051,Diagnosis,2026-12-22 11:32:06+00:00
P01051,Treatment,2026-12-22 13:03:06+00:00
P01051,Pharmacy,2026-12-22 13:32:06+00:00
P01051,Billing,2026-12-22 14:02:06+00:00
P01051,Discharge,2026-12-22 14:27:06+00:00
P01052,Patient Arrival,2026-10-14 23:15:53+00:00
P01052,Registration,2026-10-14 23:40:53+00:00
P01052,Waiting,2026-10-15 00:36:53+00:00
P01052,Doctor Consultation,2026-10-15 01:13:53+00:00
P01052,ECG,2026-10-15 01:48:53+00:00
P01052,Doctor Consultation,2026-10-15 02:19:53+00:00
P01052,Blood Test,2026-10-15 02:53:53+00:00
P01052,Doctor Consultation,2026-10-15 03:25:53+00:00
P01052,Diagnosis,2026-10-15 04:07:53+00:00
P01052,Treatment,2026-10-15 05:42:53+00:00
P01052,Pharmacy,2026-10-15 06:14:53+00:00
P01052,Billing,2026-10-15 06:46:53+00:00
P01052,Discharge,2026-10-15 06:57:53+00:00
P01055,Patient Arrival,2026-12-16 07:21:11+00:00
P01055,Registration,2026-12-16 07:42:11+00:00
P01055,Waiting,2026-12-16 08:46:11+00:00
P01055,Doctor Consultation,2026-12-16 09:20:11+00:00
P01055,Blood Test,2026-12-16 09:43:11+00:00
P01055,Doctor Consultation,2026-12-16 10:20:11+00:00
P01055,Blood Test,2026-12-16 10:45:11+00:00
P01055,Doctor Consultation,2026-12-16 11:08:11+00:00
P01055,Diagnosis,2026-12-16 11:51:11+00:00
P01055,Treatment,2026-12-16 13:13:11+00:00
P01055,Pharmacy,2026-12-16 13:37:11+00:00
P01055,Billing,2026-12-16 14:14:11+00:00
P01055,Discharge,2026-12-16 14:54:11+00:00
P01056,Patient Arrival,2026-05-26 17:12:01+00:00
P01056,Registration,2026-05-26 17:40:01+00:00
P01056,Waiting,2026-05-26 18:57:01+00:00
P01056,Doctor Consultation,2026-05-26 19:29:01+00:00
P01056,X-Ray,2026-05-26 20:14:01+00:00
P01056,Doctor Consultation,2026-05-26 20:57:01+00:00
P01056,Diagnosis,2026-05-26 21:13:01+00:00
P01056,Ward Transfer,2026-05-26 21:43:01+00:00
P01056,Treatment,2026-05-26 22:34:01+00:00
P01056,Pharmacy,2026-05-26 23:15:01+00:00
P01056,Billing,2026-05-26 23:59:01+00:00
P01056,Discharge,2026-05-27 00:09:01+00:00
P01057,Patient Arrival,2026-05-18 17:39:30+00:00
P01057,Registration,2026-05-18 18:18:30+00:00
P01057,Waiting,2026-05-18 19:51:30+00:00
P01057,Doctor Consultation,2026-05-18 20:34:30+00:00
P01057,Blood Test,2026-05-18 21:06:30+00:00
P01057,Doctor Consultation,2026-05-18 21:25:30+00:00
P01057,Diagnosis,2026-05-18 22:09:30+00:00
P01057,Treatment,2026-05-19 00:20:30+00:00
P01057,Pharmacy,2026-05-19 00:45:30+00:00
P01057,Billing,2026-05-19 00:59:30+00:00
P01057,Discharge,2026-05-19 01:33:30+00:00
P01058,Patient Arrival,2026-06-13 20:59:27+00:00
P01058,Registration,2026-06-13 21:28:27+00:00
P01058,Waiting,2026-06-13 22:23:27+00:00
P01058,Doctor Consultation,2026-06-13 23:17:27+00:00
P01058,Blood Test,2026-06-13 23:50:27+00:00
P01058,Doctor Consultation,2026-06-14 00:23:27+00:00
P01058,Diagnosis,2026-06-14 00:40:27+00:00
P01058,Treatment,2026-06-14 02:47:27+00:00
P01058,Pharmacy,2026-06-14 03:17:27+00:00
P01058,Billing,2026-06-14 03:59:27+00:00
P01058,Discharge,2026-06-14 04:36:27+00:00
P01061,Patient Arrival,2026-10-26 09:12:46+00:00
P01061,Registration,2026-10-26 09:30:46+00:00
P01061,Waiting,2026-10-26 10:39:46+00:00
P01061,Doctor Consultation,2026-10-26 10:58:46+00:00
P01061,Diagnosis,2026-10-26 11:40:46+00:00
P01061,Treatment,2026-10-26 13:46:46+00:00
P01061,Pharmacy,2026-10-26 14:05:46+00:00
P01061,Billing,2026-10-26 14:26:46+00:00
P01061,Discharge,2026-10-26 14:46:46+00:00
P01062,Patient Arrival,2026-04-23 18:53:28+00:00
P01062,Registration,2026-04-23 19:23:28+00:00
P01062,Waiting,2026-04-23 20:28:28+00:00
P01062,Doctor Consultation,2026-04-23 20:50:28+00:00
P01062,Diagnosis,2026-04-23 21:10:28+00:00
P01062,Ward Transfer,2026-04-23 22:00:28+00:00
P01062,Treatment,2026-04-23 23:56:28+00:00
P01062,Pharmacy,2026-04-24 00:24:28+00:00
P01062,Billing,2026-04-24 01:02:28+00:00
P01062,Discharge,2026-04-24 01:30:28+00:00
P01063,Patient Arrival,2026-12-02 22:56:06+00:00
P01063,Registration,2026-12-02 23:37:06+00:00
P01063,Waiting,2026-12-03 00:45:06+00:00
P01063,Doctor Consultation,2026-12-03 01:15:06+00:00
P01063,Diagnosis,2026-12-03 01:24:06+00:00
P01063,Treatment,2026-12-03 02:45:06+00:00
P01063,Pharmacy,2026-12-03 03:04:06+00:00
P01063,Billing,2026-12-03 03:19:06+00:00
P01063,Discharge,2026-12-03 03:44:06+00:00
P01064,Patient Arrival,2026-07-15 10:17:30+00:00
P01064,Registration,2026-07-15 10:45:30+00:00
P01064,Waiting,2026-07-15 11:50:30+00:00
P01064,Doctor Consultation,2026-07-15 12:13:30+00:00
P01064,ECG,2026-07-15 13:03:30+00:00
P01064,Doctor Consultation,2026-07-15 13:28:30+00:00
P01064,Diagnosis,2026-07-15 14:04:30+00:00
P01064,Ward Transfer,2026-07-15 14:42:30+00:00
P01064,Treatment,2026-07-15 15:47:30+00:00
P01064,Pharmacy,2026-07-15 16:14:30+00:00
P01064,Billing,2026-07-15 16:41:30+00:00
P01064,Discharge,2026-07-15 17:20:30+00:00
P01065,Patient Arrival,2026-12-28 04:26:26+00:00
P01065,Registration,2026-12-28 05:09:26+00:00
P01065,Waiting,2026-12-28 06:10:26+00:00
P01065,Doctor Consultation,2026-12-28 06:53:26+00:00
P01065,X-Ray,2026-12-28 07:38:26+00:00
P01065,Doctor Consultation,2026-12-28 08:09:26+00:00
P01065,Diagnosis,2026-12-28 08:34:26+00:00
P01065,Treatment,2026-12-28 09:30:26+00:00
P01065,Pharmacy,2026-12-28 10:01:26+00:00
P01065,Billing,2026-12-28 10:43:26+00:00
P01065,Discharge,2026-12-28 11:05:26+00:00
P01067,Patient Arrival,2026-04-15 22:05:19+00:00
P01067,Registration,2026-04-15 22:58:19+00:00
P01067,Waiting,2026-04-16 00:32:19+00:00
P01067,Doctor Consultation,2026-04-16 01:01:19+00:00
P01067,X-Ray,2026-04-16 01:20:19+00:00
P01067,Doctor Consultation,2026-04-16 01:43:19+00:00
P01067,Diagnosis,2026-04-16 02:10:19+00:00
P01067,Treatment,2026-04-16 03:22:19+00:00
P01067,Pharmacy,2026-04-16 03:52:19+00:00
P01067,Billing,2026-04-16 04:32:19+00:00
P01067,Discharge,2026-04-16 04:52:19+00:00
P01068,Patient Arrival,2026-09-14 20:17:38+00:00
P01068,Registration,2026-09-14 20:45:38+00:00
P01068,Waiting,2026-09-14 21:56:38+00:00
P01068,Doctor Consultation,2026-09-14 22:35:38+00:00
P01068,X-Ray,2026-09-14 23:01:38+00:00
P01068,Doctor Consultation,2026-09-14 23:32:38+00:00
P01068,Diagnosis,2026-09-15 00:15:38+00:00
P01068,Treatment,2026-09-15 02:21:38+00:00
P01068,Pharmacy,2026-09-15 02:47:38+00:00
P01068,Billing,2026-09-15 03:17:38+00:00
P01068,Discharge,2026-09-15 03:25:38+00:00
P01071,Patient Arrival,2026-12-11 21:51:44+00:00
P01071,Registration,2026-12-11 22:17:44+00:00
P01071,Waiting,2026-12-12 00:04:44+00:00
P01071,Doctor Consultation,2026-12-12 00:43:44+00:00
P01071,ECG,2026-12-12 01:19:44+00:00
P01071,Doctor Consultation,2026-12-12 02:13:44+00:00
P01071,Urine Test,2026-12-12 03:02:44+00:00
P01071,Doctor Consultation,2026-12-12 03:18:44+00:00
P01071,Diagnosis,2026-12-12 04:01:44+00:00
P01071,Treatment,2026-12-12 05:15:44+00:00
P01071,Pharmacy,2026-12-12 05:26:44+00:00
P01071,Billing,2026-12-12 06:07:44+00:00
P01071,Discharge,2026-12-12 06:37:44+00:00
P01073,Patient Arrival,2026-03-02 00:43:48+00:00
P01073,Registration,2026-03-02 01:21:48+00:00
P01073,Waiting,2026-03-02 02:48:48+00:00
P01073,Doctor Consultation,2026-03-02 03:17:48+00:00
P01073,X-Ray,2026-03-02 03:49:48+00:00
P01073,Doctor Consultation,2026-03-02 04:21:48+00:00
P01073,Diagnosis,2026-03-02 04:54:48+00:00
P01073,Ward Transfer,2026-03-02 05:40:48+00:00
P01073,Treatment,2026-03-02 07:02:48+00:00
P01073,Pharmacy,2026-03-02 07:43:48+00:00
P01073,Billing,2026-03-02 08:24:48+00:00
P01073,Discharge,2026-03-02 09:14:48+00:00
P01075,Patient Arrival,2026-03-07 04:31:53+00:00
P01075,Registration,2026-03-07 05:07:53+00:00
P01075,Waiting,2026-03-07 06:41:53+00:00
P01075,Doctor Consultation,2026-03-07 07:02:53+00:00
P01075,Urine Test,2026-03-07 07:38:53+00:00
P01075,Doctor Consultation,2026-03-07 07:52:53+00:00
P01075,Diagnosis,2026-03-07 08:22:53+00:00
P01075,Treatment,2026-03-07 10:20:53+00:00
P01075,Pharmacy,2026-03-07 10:38:53+00:00
P01075,Billing,2026-03-07 11:16:53+00:00
P01075,Discharge,2026-03-07 11:37:53+00:00
P01076,Patient Arrival,2026-11-13 16:27:09+00:00
P01076,Registration,2026-11-13 17:05:09+00:00
P01076,Registration,2026-11-13 17:05:09+00:00
P01076,Waiting,2026-11-13 18:03:09+00:00
P01076,Doctor Consultation,2026-11-13 18:42:09+00:00
P01076,Blood Test,2026-11-13 19:13:09+00:00
P01076,Doctor Consultation,2026-11-13 19:46:09+00:00
P01076,Diagnosis,2026-11-13 20:18:09+00:00
P01076,Ward Transfer,2026-11-13 20:42:09+00:00
P01076,Treatment,2026-11-13 21:32:09+00:00
P01076,Pharmacy,2026-11-13 21:56:09+00:00
P01076,Billing,2026-11-13 22:39:09+00:00
P01076,Discharge,2026-11-13 23:08:09+00:00
P01077,Patient Arrival,2026-06-01 21:44:53+00:00
P01077,Registration,2026-06-01 22:21:53+00:00
P01077,Waiting,2026-06-01 23:57:53+00:00
P01077,Doctor Consultation,2026-06-02 00:23:53+00:00
P01077,Urine Test,2026-06-02 00:46:53+00:00
P01077,Doctor Consultation,2026-06-02 01:30:53+00:00
P01077,Diagnosis,2026-06-02 02:12:53+00:00
P01077,Ward Transfer,2026-06-02 02:40:53+00:00
P01077,Treatment,2026-06-02 03:25:53+00:00
P01077,Pharmacy,2026-06-02 03:57:53+00:00
P01077,Billing,2026-06-02 04:25:53+00:00
P01077,Discharge,2026-06-02 05:11:53+00:00
P01079,Patient Arrival,2026-01-19 01:40:20+00:00
P01079,Registration,2026-01-19 02:08:20+00:00
P01079,Waiting,2026-01-19 03:48:20+00:00
P01079,Doctor Consultation,2026-01-19 04:17:20+00:00
P01079,ECG,2026-01-19 04:38:20+00:00
P01079,Doctor Consultation,2026-01-19 05:15:20+00:00
P01079,Diagnosis,2026-01-19 05:43:20+00:00
P01079,Treatment,2026-01-19 07:30:20+00:00
P01079,Pharmacy,2026-01-19 07:39:20+00:00
P01079,Billing,2026-01-19 08:31:20+00:00
P01079,Discharge,2026-01-19 09:10:20+00:00
P01081,Patient Arrival,2026-05-24 16:50:21+00:00
P01081,Registration,2026-05-24 17:20:21+00:00
P01081,Waiting,2026-05-24 18:00:21+00:00
P01081,Doctor Consultation,2026-05-24 18:41:21+00:00
P01081,Urine Test,2026-05-24 19:10:21+00:00
P01081,Doctor Consultation,2026-05-24 19:41:21+00:00
P01081,Diagnosis,2026-05-24 20:12:21+00:00
P01081,Treatment,2026-05-24 21:19:21+00:00
P01081,Pharmacy,2026-05-24 21:54:21+00:00
P01081,Pharmacy,2026-05-24 21:54:21+00:00
P01081,Billing,2026-05-24 22:10:21+00:00
P01081,Discharge,2026-05-24 22:35:21+00:00
P01083,Patient Arrival,2026-10-30 14:07:08+00:00
P01083,Registration,2026-10-30 14:40:08+00:00
P01083,Waiting,2026-10-30 15:56:08+00:00
P01083,Doctor Consultation,2026-10-30 16:15:08+00:00
P01083,X-Ray,2026-10-30 16:47:08+00:00
P01083,Doctor Consultation,2026-10-30 17:37:08+00:00
P01083,Diagnosis,2026-10-30 17:48:08+00:00
P01083,Ward Transfer,2026-10-30 18:32:08+00:00
P01083,Treatment,2026-10-30 19:09:08+00:00
P01083,Pharmacy,2026-10-30 19:41:08+00:00
P01083,Billing,2026-10-30 20:10:08+00:00
P01083,Discharge,2026-10-30 20:43:08+00:00
P01087,Patient Arrival,2026-03-15 07:27:13+00:00
P01087,Registration,2026-03-15 08:04:13+00:00
P01087,Waiting,2026-03-15 09:55:13+00:00
P01087,Doctor Consultation,2026-03-15 10:34:13+00:00
P01087,Diagnosis,2026-03-15 10:53:13+00:00
P01087,Ward Transfer,2026-03-15 11:38:13+00:00
P01087,Treatment,2026-03-15 13:10:13+00:00
P01087,Treatment,2026-03-15 13:10:13+00:00
P01087,Pharmacy,2026-03-15 13:25:13+00:00
P01087,Billing,2026-03-15 14:02:13+00:00
P01087,Discharge,2026-03-15 14:40:13+00:00
P01092,Patient Arrival,2026-04-26 14:17:11+00:00
P01092,Registration,2026-04-26 14:53:11+00:00
P01092,Waiting,2026-04-26 15:52:11+00:00
P01092,Doctor Consultation,2026-04-26 16:08:11+00:00
P01092,Diagnosis,2026-04-26 16:40:11+00:00
P01092,Treatment,2026-04-26 18:41:11+00:00
P01092,Pharmacy,2026-04-26 18:56:11+00:00
P01092,Billing,2026-04-26 19:24:11+00:00
P01092,Discharge,2026-04-26 19:46:11+00:00
P01093,Patient Arrival,2026-04-22 18:04:01+00:00
P01093,Registration,2026-04-22 18:19:01+00:00
P01093,Waiting,2026-04-22 18:58:01+00:00
P01093,Doctor Consultation,2026-04-22 19:23:01+00:00
P01093,ECG,2026-04-22 19:58:01+00:00
P01093,Doctor Consultation,2026-04-22 20:24:01+00:00
P01093,Diagnosis,2026-04-22 20:47:01+00:00
P01093,Treatment,2026-04-22 22:22:01+00:00
P01093,Treatment,2026-04-22 22:22:01+00:00
P01093,Pharmacy,2026-04-22 22:50:01+00:00
P01093,Billing,2026-04-22 23:02:01+00:00
P01093,Discharge,2026-04-22 23:49:01+00:00
P01100,Patient Arrival,2026-09-05 14:02:51+00:00
P01100,Registration,2026-09-05 14:44:51+00:00
P01100,Waiting,2026-09-05 15:21:51+00:00
P01100,Doctor Consultation,2026-09-05 15:55:51+00:00
P01100,Urine Test,2026-09-05 16:22:51+00:00
P01100,Doctor Consultation,2026-09-05 16:44:51+00:00
P01100,Diagnosis,2026-09-05 17:06:51+00:00
P01100,Ward Transfer,2026-09-05 17:18:51+00:00
P01100,Treatment,2026-09-05 19:20:51+00:00
P01100,Pharmacy,2026-09-05 20:06:51+00:00
P01100,Billing,2026-09-05 20:30:51+00:00
P01100,Discharge,2026-09-05 21:22:51+00:00
P01103,Patient Arrival,2026-01-24 11:41:05+00:00
P01103,Registration,2026-01-24 12:30:05+00:00
P01103,Waiting,2026-01-24 13:35:05+00:00
P01103,Doctor Consultation,2026-01-24 14:08:05+00:00
P01103,Diagnosis,2026-01-24 14:23:05+00:00
P01103,Treatment,2026-01-24 16:00:05+00:00
P01103,Pharmacy,2026-01-24 16:26:05+00:00
P01103,Billing,2026-01-24 16:51:05+00:00
P01103,Discharge,2026-01-24 17:21:05+00:00
P01105,Patient Arrival,2026-05-27 22:46:22+00:00
P01105,Registration,2026-05-27 23:23:22+00:00
P01105,Waiting,2026-05-28 00:18:22+00:00
P01105,Doctor Consultation,2026-05-28 00:58:22+00:00
P01105,ECG,2026-05-28 01:39:22+00:00
P01105,Doctor Consultation,2026-05-28 01:59:22+00:00
P01105,Diagnosis,2026-05-28 02:44:22+00:00
P01105,Treatment,2026-05-28 04:45:22+00:00
P01105,Pharmacy,2026-05-28 05:19:22+00:00
P01105,Billing,2026-05-28 05:30:22+00:00
P01105,Discharge,2026-05-28 05:49:22+00:00
P01106,Patient Arrival,2026-11-22 13:55:49+00:00
P01106,Registration,2026-11-22 14:24:49+00:00
P01106,Waiting,2026-11-22 15:44:49+00:00
P01106,Doctor Consultation,2026-11-22 16:33:49+00:00
P01106,X-Ray,2026-11-22 17:15:49+00:00
P01106,Doctor Consultation,2026-11-22 17:32:49+00:00
P01106,Diagnosis,2026-11-22 17:58:49+00:00
P01106,Diagnosis,2026-11-22 17:58:49+00:00
P01106,Treatment,2026-11-22 19:47:49+00:00
P01106,Pharmacy,2026-11-22 20:34:49+00:00
P01106,Billing,2026-11-22 21:12:49+00:00
P01106,Discharge,2026-11-22 21:39:49+00:00
P01108,Patient Arrival,2026-10-08 23:25:23+00:00
P01108,Registration,2026-10-08 23:57:23+00:00
P01108,Waiting,2026-10-09 01:46:23+00:00
P01108,Doctor Consultation,2026-10-09 02:12:23+00:00
P01108,Diagnosis,2026-10-09 02:20:23+00:00
P01108,Ward Transfer,2026-10-09 02:48:23+00:00
P01108,Treatment,2026-10-09 04:08:23+00:00
P01108,Pharmacy,2026-10-09 04:23:23+00:00
P01108,Billing,2026-10-09 05:06:23+00:00
P01108,Discharge,2026-10-09 05:42:23+00:00
P01109,Patient Arrival,2026-10-20 01:22:58+00:00
P01109,Registration,2026-10-20 01:45:58+00:00
P01109,Waiting,2026-10-20 02:29:58+00:00
P01109,Doctor Consultation,2026-10-20 02:52:58+00:00
P01109,ECG,2026-10-20 03:26:58+00:00
P01109,Doctor Consultation,2026-10-20 03:40:58+00:00
P01109,Diagnosis,2026-10-20 04:04:58+00:00
P01109,Treatment,2026-10-20 05:54:58+00:00
P01109,Pharmacy,2026-10-20 06:19:58+00:00
P01109,Billing,2026-10-20 06:40:58+00:00
P01109,Discharge,2026-10-20 06:56:58+00:00
P01111,Patient Arrival,2026-03-24 15:22:04+00:00
P01111,Registration,2026-03-24 16:06:04+00:00
P01111,Waiting,2026-03-24 17:22:04+00:00
P01111,Doctor Consultation,2026-03-24 17:45:04+00:00
P01111,Urine Test,2026-03-24 18:04:04+00:00
P01111,Doctor Consultation,2026-03-24 18:40:04+00:00
P01111,Diagnosis,2026-03-24 19:09:04+00:00
P01111,Treatment,2026-03-24 20:39:04+00:00
P01111,Pharmacy,2026-03-24 21:02:04+00:00
P01111,Billing,2026-03-24 21:32:04+00:00
P01111,Discharge,2026-03-24 22:10:04+00:00
P01113,Patient Arrival,2026-04-16 04:32:57+00:00
P01113,Registration,2026-04-16 04:47:57+00:00
P01113,Waiting,2026-04-16 06:10:57+00:00
P01113,Doctor Consultation,2026-04-16 06:46:57+00:00
P01113,Diagnosis,2026-04-16 07:25:57+00:00
P01113,Ward Transfer,2026-04-16 07:44:57+00:00
P01113,Treatment,2026-04-16 09:11:57+00:00
P01113,Pharmacy,2026-04-16 09:35:57+00:00
P01113,Billing,2026-04-16 10:13:57+00:00
P01113,Discharge,2026-04-16 11:05:57+00:00
P01114,Patient Arrival,2026-03-24 15:26:37+00:00
P01114,Registration,2026-03-24 15:57:37+00:00
P01114,Waiting,2026-03-24 17:01:37+00:00
P01114,Doctor Consultation,2026-03-24 17:33:37+00:00
P01114,X-Ray,2026-03-24 17:53:37+00:00
P01114,Doctor Consultation,2026-03-24 18:41:37+00:00
P01114,Diagnosis,2026-03-24 19:22:37+00:00
P01114,Treatment,2026-03-24 20:48:37+00:00
P01114,Pharmacy,2026-03-24 21:26:37+00:00
P01114,Billing,2026-03-24 21:52:37+00:00
P01114,Discharge,2026-03-24 22:21:37+00:00
P01117,Patient Arrival,2026-06-08 12:42:09+00:00
P01117,Registration,2026-06-08 13:15:09+00:00
P01117,Waiting,2026-06-08 14:35:09+00:00
P01117,Doctor Consultation,2026-06-08 15:15:09+00:00
P01117,Blood Test,2026-06-08 15:42:09+00:00
P01117,Doctor Consultation,2026-06-08 16:23:09+00:00
P01117,Diagnosis,2026-06-08 16:59:09+00:00
P01117,Treatment,2026-06-08 18:50:09+00:00
P01117,Pharmacy,2026-06-08 19:05:09+00:00
P01117,Billing,2026-06-08 19:24:09+00:00
P01117,Discharge,2026-06-08 19:49:09+00:00
P01118,Patient Arrival,2026-12-04 18:38:04+00:00
P01118,Registration,2026-12-04 19:08:04+00:00
P01118,Waiting,2026-12-04 19:54:04+00:00
P01118,Doctor Consultation,2026-12-04 20:39:04+00:00
P01118,ECG,2026-12-04 21:08:04+00:00
P01118,Doctor Consultation,2026-12-04 21:19:04+00:00
P01118,Diagnosis,2026-12-04 21:41:04+00:00
P01118,Ward Transfer,2026-12-04 22:00:04+00:00
P01118,Treatment,2026-12-04 23:08:04+00:00
P01118,Pharmacy,2026-12-04 23:38:04+00:00
P01118,Billing,2026-12-05 00:21:04+00:00
P01118,Discharge,2026-12-05 00:39:04+00:00
P01122,Patient Arrival,2026-02-08 04:31:24+00:00
P01122,Registration,2026-02-08 05:03:24+00:00
P01122,Waiting,2026-02-08 06:27:24+00:00
P01122,Doctor Consultation,2026-02-08 07:08:24+00:00
P01122,Urine Test,2026-02-08 07:31:24+00:00
P01122,Doctor Consultation,2026-02-08 08:03:24+00:00
P01122,Diagnosis,2026-02-08 08:47:24+00:00
P01122,Ward Transfer,2026-02-08 09:11:24+00:00
P01122,Treatment,2026-02-08 11:12:24+00:00
P01122,Pharmacy,2026-02-08 11:27:24+00:00
P01122,Billing,2026-02-08 11:36:24+00:00
P01122,Discharge,2026-02-08 12:06:24+00:00
P01123,Patient Arrival,2026-03-05 01:42:57+00:00
P01123,Registration,2026-03-05 02:25:57+00:00
P01123,Waiting,2026-03-05 03:47:57+00:00
P01123,Doctor Consultation,2026-03-05 04:19:57+00:00
P01123,Diagnosis,2026-03-05 04:41:57+00:00
P01123,Treatment,2026-03-05 06:40:57+00:00
P01123,Pharmacy,2026-03-05 07:14:57+00:00
P01123,Billing,2026-03-05 07:54:57+00:00
P01123,Discharge,2026-03-05 08:33:57+00:00
P01124,Patient Arrival,2026-04-10 18:44:17+00:00
P01124,Registration,2026-04-10 19:20:17+00:00
P01124,Waiting,2026-04-10 20:33:17+00:00
P01124,Waiting,2026-04-10 20:33:17+00:00
P01124,Doctor Consultation,2026-04-10 21:08:17+00:00
P01124,X-Ray,2026-04-10 21:28:17+00:00
P01124,Doctor Consultation,2026-04-10 22:07:17+00:00
P01124,Diagnosis,2026-04-10 22:26:17+00:00
P01124,Ward Transfer,2026-04-10 22:52:17+00:00
P01124,Treatment,2026-04-10 23:34:17+00:00
P01124,Pharmacy,2026-04-10 23:59:17+00:00
P01124,Billing,2026-04-11 00:13:17+00:00
P01124,Discharge,2026-04-11 00:46:17+00:00
P01129,Patient Arrival,2026-12-25 14:36:13+00:00
P01129,Registration,2026-12-25 15:09:13+00:00
P01129,Waiting,2026-12-25 16:58:13+00:00
P01129,Doctor Consultation,2026-12-25 17:08:13+00:00
P01129,Urine Test,2026-12-25 17:18:13+00:00
P01129,Doctor Consultation,2026-12-25 17:49:13+00:00
P01129,Urine Test,2026-12-25 18:03:13+00:00
P01129,Doctor Consultation,2026-12-25 18:37:13+00:00
P01129,Diagnosis,2026-12-25 19:17:13+00:00
P01129,Treatment,2026-12-25 21:23:13+00:00
P01129,Pharmacy,2026-12-25 21:48:13+00:00
P01129,Billing,2026-12-25 22:30:13+00:00
P01129,Discharge,2026-12-25 22:50:13+00:00
P01130,Patient Arrival,2026-10-01 02:04:30+00:00
P01130,Registration,2026-10-01 02:30:30+00:00
P01130,Waiting,2026-10-01 03:24:30+00:00
P01130,Doctor Consultation,2026-10-01 03:48:30+00:00
P01130,ECG,2026-10-01 04:21:30+00:00
P01130,Doctor Consultation,2026-10-01 04:40:30+00:00
P01130,Diagnosis,2026-10-01 05:12:30+00:00
P01130,Treatment,2026-10-01 07:26:30+00:00
P01130,Pharmacy,2026-10-01 08:10:30+00:00
P01130,Billing,2026-10-01 08:43:30+00:00
P01130,Discharge,2026-10-01 09:14:30+00:00
P01134,Patient Arrival,2026-04-12 03:02:24+00:00
P01134,Registration,2026-04-12 03:46:24+00:00
P01134,Waiting,2026-04-12 05:12:24+00:00
P01134,Doctor Consultation,2026-04-12 05:27:24+00:00
P01134,Diagnosis,2026-04-12 06:15:24+00:00
P01134,Treatment,2026-04-12 07:53:24+00:00
P01134,Pharmacy,2026-04-12 08:22:24+00:00
P01134,Billing,2026-04-12 08:44:24+00:00
P01134,Discharge,2026-04-12 08:55:24+00:00
P01135,Patient Arrival,2026-06-13 02:46:18+00:00
P01135,Registration,2026-06-13 03:08:18+00:00
P01135,Waiting,2026-06-13 04:00:18+00:00
P01135,Doctor Consultation,2026-06-13 04:49:18+00:00
P01135,Blood Test,2026-06-13 05:05:18+00:00
P01135,Doctor Consultation,2026-06-13 05:42:18+00:00
P01135,Diagnosis,2026-06-13 06:11:18+00:00
P01135,Ward Transfer,2026-06-13 06:26:18+00:00
P01135,Treatment,2026-06-13 07:32:18+00:00
P01135,Pharmacy,2026-06-13 07:44:18+00:00
P01135,Billing,2026-06-13 08:29:18+00:00
P01135,Discharge,2026-06-13 09:00:18+00:00
P01141,Patient Arrival,2026-02-18 19:27:39+00:00
P01141,Registration,2026-02-18 20:16:39+00:00
P01141,Waiting,2026-02-18 21:32:39+00:00
P01141,Doctor Consultation,2026-02-18 22:14:39+00:00
P01141,Diagnosis,2026-02-18 22:39:39+00:00
P01141,Ward Transfer,2026-02-18 22:59:39+00:00
P01141,Treatment,2026-02-19 01:01:39+00:00
P01141,Pharmacy,2026-02-19 01:27:39+00:00
P01141,Billing,2026-02-19 01:46:39+00:00
P01141,Discharge,2026-02-19 02:30:39+00:00
P01142,Patient Arrival,2026-02-14 09:03:41+00:00
P01142,Registration,2026-02-14 09:32:41+00:00
P01142,Waiting,2026-02-14 10:31:41+00:00
P01142,Doctor Consultation,2026-02-14 10:49:41+00:00
P01142,Diagnosis,2026-02-14 11:28:41+00:00
P01142,Treatment,2026-02-14 13:30:41+00:00
P01142,Pharmacy,2026-02-14 13:59:41+00:00
P01142,Billing,2026-02-14 14:44:41+00:00
P01142,Discharge,2026-02-14 15:12:41+00:00
P01143,Patient Arrival,2026-11-25 13:25:28+00:00
P01143,Registration,2026-11-25 13:46:28+00:00
P01143,Waiting,2026-11-25 14:41:28+00:00
P01143,Doctor Consultation,2026-11-25 15:18:28+00:00
P01143,ECG,2026-11-25 15:49:28+00:00
P01143,Doctor Consultation,2026-11-25 16:10:28+00:00
P01143,Diagnosis,2026-11-25 16:38:28+00:00
P01143,Treatment,2026-11-25 18:28:28+00:00
P01143,Pharmacy,2026-11-25 19:04:28+00:00
P01143,Billing,2026-11-25 19:16:28+00:00
P01143,Discharge,2026-11-25 19:47:28+00:00
P01145,Patient Arrival,2026-02-09 01:55:26+00:00
P01145,Registration,2026-02-09 02:25:26+00:00
P01145,Waiting,2026-02-09 04:13:26+00:00
P01145,Doctor Consultation,2026-02-09 04:47:26+00:00
P01145,Urine Test,2026-02-09 05:29:26+00:00
P01145,Doctor Consultation,2026-02-09 06:03:26+00:00
P01145,Diagnosis,2026-02-09 06:29:26+00:00
P01145,Ward Transfer,2026-02-09 06:45:26+00:00
P01145,Treatment,2026-02-09 08:33:26+00:00
P01145,Pharmacy,2026-02-09 08:44:26+00:00
P01145,Billing,2026-02-09 09:13:26+00:00
P01145,Discharge,2026-02-09 09:43:26+00:00
P01146,Patient Arrival,2026-08-03 13:46:19+00:00
P01146,Registration,2026-08-03 14:25:19+00:00
P01146,Waiting,2026-08-03 15:41:19+00:00
P01146,Doctor Consultation,2026-08-03 15:58:19+00:00
P01146,Diagnosis,2026-08-03 16:24:19+00:00
P01146,Treatment,2026-08-03 18:37:19+00:00
P01146,Pharmacy,2026-08-03 19:11:19+00:00
P01146,Billing,2026-08-03 19:48:19+00:00
P01146,Discharge,2026-08-03 20:22:19+00:00
P01152,Patient Arrival,2026-02-19 09:54:00+00:00
P01152,Registration,2026-02-19 10:33:00+00:00
P01152,Waiting,2026-02-19 11:30:00+00:00
P01152,Doctor Consultation,2026-02-19 11:59:00+00:00
P01152,Blood Test,2026-02-19 12:38:00+00:00
P01152,Doctor Consultation,2026-02-19 13:05:00+00:00
P01152,Diagnosis,2026-02-19 13:38:00+00:00
P01152,Treatment,2026-02-19 15:26:00+00:00
P01152,Pharmacy,2026-02-19 16:13:00+00:00
P01152,Billing,2026-02-19 16:39:00+00:00
P01152,Discharge,2026-02-19 17:23:00+00:00
P01159,Patient Arrival,2026-06-25 10:57:32+00:00
P01159,Registration,2026-06-25 11:29:32+00:00
P01159,Waiting,2026-06-25 13:06:32+00:00
P01159,Doctor Consultation,2026-06-25 13:44:32+00:00
P01159,Blood Test,2026-06-25 14:15:32+00:00
P01159,Doctor Consultation,2026-06-25 14:45:32+00:00
P01159,Diagnosis,2026-06-25 15:21:32+00:00
P01159,Diagnosis,2026-06-25 15:21:32+00:00
P01159,Treatment,2026-06-25 16:55:32+00:00
P01159,Pharmacy,2026-06-25 17:37:32+00:00
P01159,Billing,2026-06-25 18:24:32+00:00
P01159,Discharge,2026-06-25 19:01:32+00:00
P01163,Patient Arrival,2026-08-03 12:39:32+00:00
P01163,Registration,2026-08-03 13:25:32+00:00
P01163,Waiting,2026-08-03 14:07:32+00:00
P01163,Doctor Consultation,2026-08-03 14:49:32+00:00
P01163,Diagnosis,2026-08-03 15:32:32+00:00
P01163,Treatment,2026-08-03 17:07:32+00:00
P01163,Pharmacy,2026-08-03 17:32:32+00:00
P01163,Billing,2026-08-03 18:05:32+00:00
P01163,Discharge,2026-08-03 18:50:32+00:00
P01165,Patient Arrival,2026-06-18 16:32:55+00:00
P01165,Registration,2026-06-18 17:07:55+00:00
P01165,Waiting,2026-06-18 18:15:55+00:00
P01165,Doctor Consultation,2026-06-18 18:52:55+00:00
P01165,X-Ray,2026-06-18 19:28:55+00:00
P01165,Doctor Consultation,2026-06-18 19:41:55+00:00
P01165,Diagnosis,2026-06-18 20:24:55+00:00
P01165,Treatment,2026-06-18 21:38:55+00:00
P01165,Pharmacy,2026-06-18 22:02:55+00:00
P01165,Billing,2026-06-18 22:52:55+00:00
P01165,Discharge,2026-06-18 23:30:55+00:00
P01168,Patient Arrival,2026-06-17 02:37:30+00:00
P01168,Registration,2026-06-17 03:10:30+00:00
P01168,Waiting,2026-06-17 03:58:30+00:00
P01168,Doctor Consultation,2026-06-17 04:28:30+00:00
P01168,X-Ray,2026-06-17 04:46:30+00:00
P01168,Doctor Consultation,2026-06-17 05:17:30+00:00
P01168,Diagnosis,2026-06-17 05:52:30+00:00
P01168,Treatment,2026-06-17 06:46:30+00:00
P01168,Pharmacy,2026-06-17 07:05:30+00:00
P01168,Billing,2026-06-17 07:38:30+00:00
P01168,Discharge,2026-06-17 08:10:30+00:00
P01169,Patient Arrival,2026-05-05 02:05:57+00:00
P01169,Registration,2026-05-05 02:20:57+00:00
P01169,Waiting,2026-05-05 03:08:57+00:00
P01169,Doctor Consultation,2026-05-05 03:28:57+00:00
P01169,Urine Test,2026-05-05 04:09:57+00:00
P01169,Doctor Consultation,2026-05-05 04:38:57+00:00
P01169,Diagnosis,2026-05-05 05:13:57+00:00
P01169,Treatment,2026-05-05 06:49:57+00:00
P01169,Pharmacy,2026-05-05 07:40:57+00:00
P01169,Billing,2026-05-05 08:04:57+00:00
P01169,Discharge,2026-05-05 08:36:57+00:00
P01173,Patient Arrival,2026-01-08 06:39:46+00:00
P01173,Registration,2026-01-08 07:06:46+00:00
P01173,Waiting,2026-01-08 07:41:46+00:00
P01173,Doctor Consultation,2026-01-08 08:22:46+00:00
P01173,Diagnosis,2026-01-08 09:10:46+00:00
P01173,Treatment,2026-01-08 10:56:46+00:00
P01173,Pharmacy,2026-01-08 11:12:46+00:00
P01173,Billing,2026-01-08 11:22:46+00:00
P01173,Discharge,2026-01-08 11:47:46+00:00
P01174,Patient Arrival,2026-07-27 12:59:22+00:00
P01174,Registration,2026-07-27 13:29:22+00:00
P01174,Waiting,2026-07-27 13:57:22+00:00
P01174,Doctor Consultation,2026-07-27 14:13:22+00:00
P01174,Urine Test,2026-07-27 14:47:22+00:00
P01174,Doctor Consultation,2026-07-27 15:16:22+00:00
P01174,Diagnosis,2026-07-27 15:35:22+00:00
P01174,Ward Transfer,2026-07-27 16:18:22+00:00
P01174,Treatment,2026-07-27 17:00:22+00:00
P01174,Pharmacy,2026-07-27 17:32:22+00:00
P01174,Billing,2026-07-27 17:45:22+00:00
P01174,Discharge,2026-07-27 18:12:22+00:00
P01176,Patient Arrival,2026-07-11 22:41:50+00:00
P01176,Registration,2026-07-11 23:00:50+00:00
P01176,Waiting,2026-07-12 00:40:50+00:00
P01176,Doctor Consultation,2026-07-12 01:15:50+00:00
P01176,Diagnosis,2026-07-12 01:35:50+00:00
P01176,Treatment,2026-07-12 03:27:50+00:00
P01176,Pharmacy,2026-07-12 03:49:50+00:00
P01176,Billing,2026-07-12 04:24:50+00:00
P01176,Discharge,2026-07-12 04:57:50+00:00
P01178,Patient Arrival,2026-07-29 03:06:25+00:00
P01178,Registration,2026-07-29 03:23:25+00:00
P01178,Waiting,2026-07-29 04:55:25+00:00
P01178,Doctor Consultation,2026-07-29 05:33:25+00:00
P01178,Blood Test,2026-07-29 06:16:25+00:00
P01178,Doctor Consultation,2026-07-29 06:48:25+00:00
P01178,Diagnosis,2026-07-29 07:23:25+00:00
P01178,Ward Transfer,2026-07-29 07:44:25+00:00
P01178,Treatment,2026-07-29 08:48:25+00:00
P01178,Pharmacy,2026-07-29 09:11:25+00:00
P01178,Billing,2026-07-29 09:55:25+00:00
P01178,Discharge,2026-07-29 10:39:25+00:00
P01179,Patient Arrival,2026-09-25 12:18:38+00:00
P01179,Registration,2026-09-25 12:59:38+00:00
P01179,Waiting,2026-09-25 13:49:38+00:00
P01179,Doctor Consultation,2026-09-25 14:18:38+00:00
P01179,Doctor Consultation,2026-09-25 14:18:38+00:00
P01179,ECG,2026-09-25 14:58:38+00:00
P01179,ECG,2026-09-25 14:58:38+00:00
P01179,Doctor Consultation,2026-09-25 15:33:38+00:00
P01179,Diagnosis,2026-09-25 16:05:38+00:00
P01179,Ward Transfer,2026-09-25 16:35:38+00:00
P01179,Treatment,2026-09-25 18:11:38+00:00
P01179,Pharmacy,2026-09-25 18:20:38+00:00
P01179,Billing,2026-09-25 18:46:38+00:00
P01179,Discharge,2026-09-25 19:14:38+00:00
P01181,Patient Arrival,2026-07-10 16:22:55+00:00
P01181,Registration,2026-07-10 16:49:55+00:00
P01181,Waiting,2026-07-10 17:34:55+00:00
P01181,Doctor Consultation,2026-07-10 18:09:55+00:00
P01181,Blood Test,2026-07-10 19:01:55+00:00
P01181,Doctor Consultation,2026-07-10 19:41:55+00:00
P01181,Diagnosis,2026-07-10 20:16:55+00:00
P01181,Treatment,2026-07-10 21:31:55+00:00
P01181,Pharmacy,2026-07-10 21:52:55+00:00
P01181,Billing,2026-07-10 22:20:55+00:00
P01181,Discharge,2026-07-10 22:28:55+00:00
P01182,Patient Arrival,2026-05-18 10:58:19+00:00
P01182,Registration,2026-05-18 11:11:19+00:00
P01182,Waiting,2026-05-18 12:02:19+00:00
P01182,Doctor Consultation,2026-05-18 12:43:19+00:00
P01182,ECG,2026-05-18 13:13:19+00:00
P01182,Doctor Consultation,2026-05-18 13:39:19+00:00
P01182,Blood Test,2026-05-18 14:00:19+00:00
P01182,Doctor Consultation,2026-05-18 14:43:19+00:00
P01182,Diagnosis,2026-05-18 15:10:19+00:00
P01182,Treatment,2026-05-18 16:44:19+00:00
P01182,Pharmacy,2026-05-18 17:12:19+00:00
P01182,Billing,2026-05-18 17:42:19+00:00
P01182,Discharge,2026-05-18 18:19:19+00:00
P01184,Patient Arrival,2026-07-19 22:38:59+00:00
P01184,Registration,2026-07-19 23:18:59+00:00
P01184,Waiting,2026-07-20 00:24:59+00:00
P01184,Doctor Consultation,2026-07-20 00:49:59+00:00
P01184,ECG,2026-07-20 01:25:59+00:00
P01184,Doctor Consultation,2026-07-20 02:13:59+00:00
P01184,Diagnosis,2026-07-20 02:46:59+00:00
P01184,Treatment,2026-07-20 04:07:59+00:00
P01184,Pharmacy,2026-07-20 04:16:59+00:00
P01184,Billing,2026-07-20 04:47:59+00:00
P01184,Discharge,2026-07-20 05:24:59+00:00
P01185,Patient Arrival,2026-05-22 13:55:20+00:00
P01185,Registration,2026-05-22 14:07:20+00:00
P01185,Registration,2026-05-22 14:07:20+00:00
P01185,Waiting,2026-05-22 15:59:20+00:00
P01185,Doctor Consultation,2026-05-22 16:15:20+00:00
P01185,Urine Test,2026-05-22 16:54:20+00:00
P01185,Doctor Consultation,2026-05-22 17:21:20+00:00
P01185,Diagnosis,2026-05-22 17:43:20+00:00
P01185,Treatment,2026-05-22 18:39:20+00:00
P01185,Pharmacy,2026-05-22 19:28:20+00:00
P01185,Billing,2026-05-22 20:04:20+00:00
P01185,Discharge,2026-05-22 20:27:20+00:00
P01186,Patient Arrival,2026-03-06 02:53:14+00:00
P01186,Registration,2026-03-06 03:13:14+00:00
P01186,Waiting,2026-03-06 04:38:14+00:00
P01186,Doctor Consultation,2026-03-06 05:21:14+00:00
P01186,Urine Test,2026-03-06 06:09:14+00:00
P01186,Doctor Consultation,2026-03-06 06:24:14+00:00
P01186,Diagnosis,2026-03-06 06:54:14+00:00
P01186,Treatment,2026-03-06 08:47:14+00:00
P01186,Pharmacy,2026-03-06 09:35:14+00:00
P01186,Billing,2026-03-06 10:05:14+00:00
P01186,Discharge,2026-03-06 10:46:14+00:00
P01187,Patient Arrival,2026-12-14 14:01:52+00:00
P01187,Registration,2026-12-14 14:31:52+00:00
P01187,Waiting,2026-12-14 16:12:52+00:00
P01187,Doctor Consultation,2026-12-14 16:32:52+00:00
P01187,Diagnosis,2026-12-14 17:02:52+00:00
P01187,Treatment,2026-12-14 19:09:52+00:00
P01187,Pharmacy,2026-12-14 19:43:52+00:00
P01187,Billing,2026-12-14 19:56:52+00:00
P01187,Discharge,2026-12-14 20:29:52+00:00
P01189,Patient Arrival,2026-02-08 08:28:49+00:00
P01189,Registration,2026-02-08 08:49:49+00:00
P01189,Waiting,2026-02-08 09:36:49+00:00
P01189,Doctor Consultation,2026-02-08 10:06:49+00:00
P01189,Diagnosis,2026-02-08 10:26:49+00:00
P01189,Treatment,2026-02-08 12:02:49+00:00
P01189,Pharmacy,2026-02-08 12:23:49+00:00
P01189,Billing,2026-02-08 12:50:49+00:00
P01189,Discharge,2026-02-08 13:24:49+00:00
P01190,Patient Arrival,2026-07-26 00:28:57+00:00
P01190,Registration,2026-07-26 00:54:57+00:00
P01190,Waiting,2026-07-26 02:03:57+00:00
P01190,Doctor Consultation,2026-07-26 02:49:57+00:00
P01190,Doctor Consultation,2026-07-26 02:49:57+00:00
P01190,ECG,2026-07-26 03:26:57+00:00
P01190,Doctor Consultation,2026-07-26 03:49:57+00:00
P01190,Diagnosis,2026-07-26 04:32:57+00:00
P01190,Treatment,2026-07-26 05:22:57+00:00
P01190,Pharmacy,2026-07-26 05:52:57+00:00
P01190,Billing,2026-07-26 06:38:57+00:00
P01190,Discharge,2026-07-26 07:12:57+00:00
P01191,Patient Arrival,2026-01-21 23:24:47+00:00
P01191,Registration,2026-01-21 23:56:47+00:00
P01191,Waiting,2026-01-22 01:31:47+00:00
P01191,Doctor Consultation,2026-01-22 02:12:47+00:00
P01191,Blood Test,2026-01-22 02:38:47+00:00
P01191,Doctor Consultation,2026-01-22 03:13:47+00:00
P01191,Diagnosis,2026-01-22 03:52:47+00:00
P01191,Treatment,2026-01-22 05:50:47+00:00
P01191,Pharmacy,2026-01-22 06:17:47+00:00
P01191,Billing,2026-01-22 06:47:47+00:00
P01191,Discharge,2026-01-22 07:17:47+00:00
P01192,Patient Arrival,2026-06-07 11:24:00+00:00
P01192,Registration,2026-06-07 12:01:00+00:00
P01192,Waiting,2026-06-07 13:27:00+00:00
P01192,Doctor Consultation,2026-06-07 13:51:00+00:00
P01192,Diagnosis,2026-06-07 14:26:00+00:00
P01192,Treatment,2026-06-07 15:16:00+00:00
P01192,Pharmacy,2026-06-07 15:44:00+00:00
P01192,Billing,2026-06-07 16:23:00+00:00
P01192,Discharge,2026-06-07 16:37:00+00:00
P01195,Patient Arrival,2026-06-16 13:08:38+00:00
P01195,Registration,2026-06-16 13:21:38+00:00
P01195,Waiting,2026-06-16 15:04:38+00:00
P01195,Doctor Consultation,2026-06-16 15:36:38+00:00
P01195,Diagnosis,2026-06-16 15:54:38+00:00
P01195,Treatment,2026-06-16 17:47:38+00:00
P01195,Pharmacy,2026-06-16 18:30:38+00:00
P01195,Billing,2026-06-16 19:06:38+00:00
P01195,Discharge,2026-06-16 19:26:38+00:00
P01198,Patient Arrival,2026-05-17 14:07:58+00:00
P01198,Registration,2026-05-17 14:42:58+00:00
P01198,Waiting,2026-05-17 15:17:58+00:00
P01198,Doctor Consultation,2026-05-17 15:50:58+00:00
P01198,X-Ray,2026-05-17 16:31:58+00:00
P01198,Doctor Consultation,2026-05-17 17:08:58+00:00
P01198,Diagnosis,2026-05-17 17:32:58+00:00
P01198,Ward Transfer,2026-05-17 17:54:58+00:00
P01198,Treatment,2026-05-17 18:49:58+00:00
P01198,Pharmacy,2026-05-17 19:13:58+00:00
P01198,Billing,2026-05-17 19:46:58+00:00
P01198,Discharge,2026-05-17 20:16:58+00:00
P01199,Patient Arrival,2026-07-21 11:12:06+00:00
P01199,Registration,2026-07-21 11:43:06+00:00
P01199,Waiting,2026-07-21 13:32:06+00:00
P01199,Doctor Consultation,2026-07-21 13:51:06+00:00
P01199,Diagnosis,2026-07-21 14:04:06+00:00
P01199,Treatment,2026-07-21 16:10:06+00:00
P01199,Pharmacy,2026-07-21 16:21:06+00:00
P01199,Billing,2026-07-21 17:01:06+00:00
P01199,Discharge,2026-07-21 17:15:06+00:00
P01203,Patient Arrival,2026-01-17 07:49:46+00:00
P01203,Registration,2026-01-17 08:26:46+00:00
P01203,Waiting,2026-01-17 09:18:46+00:00
P01203,Doctor Consultation,2026-01-17 09:35:46+00:00
P01203,Diagnosis,2026-01-17 10:09:46+00:00
P01203,Ward Transfer,2026-01-17 10:31:46+00:00
P01203,Treatment,2026-01-17 11:41:46+00:00
P01203,Pharmacy,2026-01-17 12:21:46+00:00
P01203,Billing,2026-01-17 12:49:46+00:00
P01203,Discharge,2026-01-17 13:17:46+00:00
P01204,Patient Arrival,2026-01-04 14:16:12+00:00
P01204,Registration,2026-01-04 14:39:12+00:00
P01204,Waiting,2026-01-04 16:31:12+00:00
P01204,Doctor Consultation,2026-01-04 17:01:12+00:00
P01204,Urine Test,2026-01-04 17:39:12+00:00
P01204,Doctor Consultation,2026-01-04 18:12:12+00:00
P01204,Diagnosis,2026-01-04 18:41:12+00:00
P01204,Treatment,2026-01-04 20:21:12+00:00
P01204,Pharmacy,2026-01-04 20:56:12+00:00
P01204,Billing,2026-01-04 21:33:12+00:00
P01204,Discharge,2026-01-04 22:17:12+00:00
P01205,Patient Arrival,2026-03-05 11:58:19+00:00
P01205,Registration,2026-03-05 12:16:19+00:00
P01205,Waiting,2026-03-05 13:55:19+00:00
P01205,Doctor Consultation,2026-03-05 14:18:19+00:00
P01205,Diagnosis,2026-03-05 14:57:19+00:00
P01205,Ward Transfer,2026-03-05 15:08:19+00:00
P01205,Treatment,2026-03-05 17:17:19+00:00
P01205,Pharmacy,2026-03-05 17:50:19+00:00
P01205,Billing,2026-03-05 18:38:19+00:00
P01205,Discharge,2026-03-05 19:17:19+00:00
P01208,Patient Arrival,2026-08-16 15:08:26+00:00
P01208,Registration,2026-08-16 15:41:26+00:00
P01208,Waiting,2026-08-16 16:30:26+00:00
P01208,Doctor Consultation,2026-08-16 16:58:26+00:00
P01208,Urine Test,2026-08-16 17:19:26+00:00
P01208,Doctor Consultation,2026-08-16 17:50:26+00:00
P01208,Diagnosis,2026-08-16 18:12:26+00:00
P01208,Treatment,2026-08-16 19:57:26+00:00
P01208,Pharmacy,2026-08-16 20:11:26+00:00
P01208,Billing,2026-08-16 20:44:26+00:00
P01208,Discharge,2026-08-16 21:18:26+00:00
P01210,Patient Arrival,2026-05-06 14:14:49+00:00
P01210,Registration,2026-05-06 15:01:49+00:00
P01210,Waiting,2026-05-06 16:14:49+00:00
P01210,Doctor Consultation,2026-05-06 16:58:49+00:00
P01210,ECG,2026-05-06 17:24:49+00:00
P01210,Doctor Consultation,2026-05-06 17:37:49+00:00
P01210,Diagnosis,2026-05-06 18:06:49+00:00
P01210,Treatment,2026-05-06 18:42:49+00:00
P01210,Pharmacy,2026-05-06 19:17:49+00:00
P01210,Billing,2026-05-06 19:50:49+00:00
P01210,Discharge,2026-05-06 20:06:49+00:00
P01217,Patient Arrival,2026-12-03 00:20:29+00:00
P01217,Registration,2026-12-03 00:48:29+00:00
P01217,Waiting,2026-12-03 02:32:29+00:00
P01217,Doctor Consultation,2026-12-03 02:54:29+00:00
P01217,Urine Test,2026-12-03 03:33:29+00:00
P01217,Urine Test,2026-12-03 03:33:29+00:00
P01217,Doctor Consultation,2026-12-03 04:02:29+00:00
P01217,Diagnosis,2026-12-03 04:32:29+00:00
P01217,Treatment,2026-12-03 06:39:29+00:00
P01217,Treatment,2026-12-03 06:39:29+00:00
P01217,Pharmacy,2026-12-03 07:10:29+00:00
P01217,Billing,2026-12-03 07:20:29+00:00
P01217,Discharge,2026-12-03 07:49:29+00:00
P01219,Patient Arrival,2026-08-31 13:38:08+00:00
P01219,Patient Arrival,2026-08-31 13:38:08+00:00
P01219,Registration,2026-08-31 14:05:08+00:00
P01219,Waiting,2026-08-31 15:21:08+00:00
P01219,Doctor Consultation,2026-08-31 15:45:08+00:00
P01219,Urine Test,2026-08-31 16:03:08+00:00
P01219,Doctor Consultation,2026-08-31 16:13:08+00:00
P01219,Diagnosis,2026-08-31 16:23:08+00:00
P01219,Treatment,2026-08-31 17:08:08+00:00
P01219,Pharmacy,2026-08-31 17:53:08+00:00
P01219,Billing,2026-08-31 18:20:08+00:00
P01219,Discharge,2026-08-31 18:52:08+00:00
P01220,Patient Arrival,2026-02-10 14:22:14+00:00
P01220,Registration,2026-02-10 14:49:14+00:00
P01220,Waiting,2026-02-10 15:46:14+00:00
P01220,Doctor Consultation,2026-02-10 15:54:14+00:00
P01220,Diagnosis,2026-02-10 16:12:14+00:00
P01220,Treatment,2026-02-10 17:14:14+00:00
P01220,Pharmacy,2026-02-10 17:29:14+00:00
P01220,Billing,2026-02-10 17:44:14+00:00
P01220,Discharge,2026-02-10 18:15:14+00:00
P01223,Patient Arrival,2026-04-23 18:17:37+00:00
P01223,Registration,2026-04-23 18:56:37+00:00
P01223,Waiting,2026-04-23 20:09:37+00:00
P01223,Doctor Consultation,2026-04-23 20:45:37+00:00
P01223,Diagnosis,2026-04-23 21:10:37+00:00
P01223,Treatment,2026-04-23 22:15:37+00:00
P01223,Pharmacy,2026-04-23 22:37:37+00:00
P01223,Billing,2026-04-23 23:00:37+00:00
P01223,Discharge,2026-04-23 23:52:37+00:00
P01225,Patient Arrival,2026-09-10 22:57:31+00:00
P01225,Registration,2026-09-10 23:33:31+00:00
P01225,Waiting,2026-09-11 00:03:31+00:00
P01225,Doctor Consultation,2026-09-11 00:19:31+00:00
P01225,Diagnosis,2026-09-11 00:53:31+00:00
P01225,Treatment,2026-09-11 02:50:31+00:00
P01225,Pharmacy,2026-09-11 03:28:31+00:00
P01225,Billing,2026-09-11 03:55:31+00:00
P01225,Discharge,2026-09-11 04:12:31+00:00
P01227,Patient Arrival,2026-01-25 17:18:09+00:00
P01227,Registration,2026-01-25 17:42:09+00:00
P01227,Waiting,2026-01-25 18:43:09+00:00
P01227,Doctor Consultation,2026-01-25 19:22:09+00:00
P01227,Urine Test,2026-01-25 19:52:09+00:00
P01227,Doctor Consultation,2026-01-25 20:32:09+00:00
P01227,Diagnosis,2026-01-25 20:51:09+00:00
P01227,Diagnosis,2026-01-25 20:51:09+00:00
P01227,Ward Transfer,2026-01-25 21:08:09+00:00
P01227,Treatment,2026-01-25 22:09:09+00:00
P01227,Pharmacy,2026-01-25 22:43:09+00:00
P01227,Billing,2026-01-25 23:28:09+00:00
P01227,Discharge,2026-01-25 23:59:09+00:00
P01227,Discharge,2026-01-25 23:59:09+00:00
P01230,Patient Arrival,2026-11-19 15:38:02+00:00
P01230,Registration,2026-11-19 16:10:02+00:00
P01230,Waiting,2026-11-19 17:48:02+00:00
P01230,Doctor Consultation,2026-11-19 18:18:02+00:00
P01230,Diagnosis,2026-11-19 18:41:02+00:00
P01230,Ward Transfer,2026-11-19 19:10:02+00:00
P01230,Treatment,2026-11-19 20:29:02+00:00
P01230,Treatment,2026-11-19 20:29:02+00:00
P01230,Pharmacy,2026-11-19 20:48:02+00:00
P01230,Billing,2026-11-19 21:25:02+00:00
P01230,Discharge,2026-11-19 21:48:02+00:00
P01231,Patient Arrival,2026-07-05 09:04:27+00:00
P01231,Registration,2026-07-05 09:33:27+00:00
P01231,Waiting,2026-07-05 10:45:27+00:00
P01231,Doctor Consultation,2026-07-05 11:15:27+00:00
P01231,Urine Test,2026-07-05 11:40:27+00:00
P01231,Doctor Consultation,2026-07-05 12:06:27+00:00
P01231,Diagnosis,2026-07-05 12:32:27+00:00
P01231,Ward Transfer,2026-07-05 12:39:27+00:00
P01231,Treatment,2026-07-05 13:40:27+00:00
P01231,Pharmacy,2026-07-05 14:03:27+00:00
P01231,Billing,2026-07-05 14:51:27+00:00
P01231,Discharge,2026-07-05 15:22:27+00:00
P01233,Patient Arrival,2026-01-12 18:58:55+00:00
P01233,Registration,2026-01-12 19:30:55+00:00
P01233,Waiting,2026-01-12 20:42:55+00:00
P01233,Doctor Consultation,2026-01-12 20:57:55+00:00
P01233,Diagnosis,2026-01-12 21:12:55+00:00
P01233,Diagnosis,2026-01-12 21:12:55+00:00
P01233,Ward Transfer,2026-01-12 21:25:55+00:00
P01233,Treatment,2026-01-12 22:55:55+00:00
P01233,Pharmacy,2026-01-12 23:14:55+00:00
P01233,Billing,2026-01-12 23:52:55+00:00
P01233,Discharge,2026-01-13 00:20:55+00:00
P01235,Patient Arrival,2026-01-10 18:41:41+00:00
P01235,Registration,2026-01-10 19:03:41+00:00
P01235,Waiting,2026-01-10 20:11:41+00:00
P01235,Doctor Consultation,2026-01-10 20:39:41+00:00
P01235,Urine Test,2026-01-10 21:07:41+00:00
P01235,Doctor Consultation,2026-01-10 21:31:41+00:00
P01235,Diagnosis,2026-01-10 21:44:41+00:00
P01235,Treatment,2026-01-10 23:03:41+00:00
P01235,Pharmacy,2026-01-10 23:13:41+00:00
P01235,Billing,2026-01-10 23:51:41+00:00
P01235,Discharge,2026-01-11 00:06:41+00:00
P01243,Patient Arrival,2026-10-22 11:32:53+00:00
P01243,Registration,2026-10-22 12:15:53+00:00
P01243,Waiting,2026-10-22 13:05:53+00:00
P01243,Doctor Consultation,2026-10-22 13:51:53+00:00
P01243,Blood Test,2026-10-22 14:26:53+00:00
P01243,Doctor Consultation,2026-10-22 14:51:53+00:00
P01243,Diagnosis,2026-10-22 15:36:53+00:00
P01243,Treatment,2026-10-22 16:16:53+00:00
P01243,Pharmacy,2026-10-22 16:39:53+00:00
P01243,Billing,2026-10-22 17:15:53+00:00
P01243,Discharge,2026-10-22 17:42:53+00:00
P01246,Patient Arrival,2026-11-27 09:30:20+00:00
P01246,Registration,2026-11-27 10:00:20+00:00
P01246,Waiting,2026-11-27 11:22:20+00:00
P01246,Doctor Consultation,2026-11-27 12:08:20+00:00
P01246,Urine Test,2026-11-27 12:31:20+00:00
P01246,Doctor Consultation,2026-11-27 12:58:20+00:00
P01246,Diagnosis,2026-11-27 13:15:20+00:00
P01246,Treatment,2026-11-27 14:24:20+00:00
P01246,Pharmacy,2026-11-27 14:52:20+00:00
P01246,Billing,2026-11-27 15:26:20+00:00
P01246,Discharge,2026-11-27 15:51:20+00:00
P01248,Patient Arrival,2026-06-16 03:04:38+00:00
P01248,Registration,2026-06-16 03:49:38+00:00
P01248,Waiting,2026-06-16 05:03:38+00:00
P01248,Doctor Consultation,2026-06-16 05:25:38+00:00
P01248,Diagnosis,2026-06-16 06:05:38+00:00
P01248,Treatment,2026-06-16 07:52:38+00:00
P01248,Pharmacy,2026-06-16 08:32:38+00:00
P01248,Billing,2026-06-16 09:19:38+00:00
P01248,Discharge,2026-06-16 09:49:38+00:00
P01253,Patient Arrival,2026-04-28 22:04:41+00:00
P01253,Registration,2026-04-28 22:53:41+00:00
P01253,Waiting,2026-04-28 23:51:41+00:00
P01253,Doctor Consultation,2026-04-29 00:22:41+00:00
P01253,Urine Test,2026-04-29 00:53:41+00:00
P01253,Doctor Consultation,2026-04-29 01:28:41+00:00
P01253,Diagnosis,2026-04-29 02:09:41+00:00
P01253,Treatment,2026-04-29 02:59:41+00:00
P01253,Pharmacy,2026-04-29 03:30:41+00:00
P01253,Billing,2026-04-29 03:54:41+00:00
P01253,Discharge,2026-04-29 04:28:41+00:00
P01254,Patient Arrival,2026-07-15 21:01:04+00:00
P01254,Registration,2026-07-15 21:28:04+00:00
P01254,Waiting,2026-07-15 22:27:04+00:00
P01254,Doctor Consultation,2026-07-15 22:53:04+00:00
P01254,Doctor Consultation,2026-07-15 22:53:04+00:00
P01254,ECG,2026-07-15 23:21:04+00:00
P01254,Doctor Consultation,2026-07-15 23:44:04+00:00
P01254,Diagnosis,2026-07-16 00:13:04+00:00
P01254,Ward Transfer,2026-07-16 00:53:04+00:00
P01254,Treatment,2026-07-16 02:51:04+00:00
P01254,Pharmacy,2026-07-16 03:28:04+00:00
P01254,Billing,2026-07-16 04:00:04+00:00
P01254,Discharge,2026-07-16 04:14:04+00:00
P01255,Patient Arrival,2026-07-22 16:23:29+00:00
P01255,Registration,2026-07-22 16:42:29+00:00
P01255,Waiting,2026-07-22 18:11:29+00:00
P01255,Doctor Consultation,2026-07-22 18:30:29+00:00
P01255,Diagnosis,2026-07-22 18:56:29+00:00
P01255,Treatment,2026-07-22 20:20:29+00:00
P01255,Pharmacy,2026-07-22 20:43:29+00:00
P01255,Billing,2026-07-22 21:26:29+00:00
P01255,Discharge,2026-07-22 21:47:29+00:00
P01257,Patient Arrival,2026-02-03 04:10:04+00:00
P01257,Registration,2026-02-03 04:39:04+00:00
P01257,Waiting,2026-02-03 05:55:04+00:00
P01257,Doctor Consultation,2026-02-03 06:31:04+00:00
P01257,Urine Test,2026-02-03 06:53:04+00:00
P01257,Doctor Consultation,2026-02-03 07:20:04+00:00
P01257,Diagnosis,2026-02-03 08:00:04+00:00
P01257,Ward Transfer,2026-02-03 08:29:04+00:00
P01257,Treatment,2026-02-03 09:48:04+00:00
P01257,Pharmacy,2026-02-03 10:33:04+00:00
P01257,Billing,2026-02-03 11:06:04+00:00
P01257,Discharge,2026-02-03 11:37:04+00:00
P01259,Patient Arrival,2026-12-20 18:46:05+00:00
P01259,Registration,2026-12-20 19:25:05+00:00
P01259,Waiting,2026-12-20 21:06:05+00:00
P01259,Doctor Consultation,2026-12-20 21:43:05+00:00
P01259,Diagnosis,2026-12-20 22:20:05+00:00
P01259,Treatment,2026-12-20 23:07:05+00:00
P01259,Pharmacy,2026-12-20 23:32:05+00:00
P01259,Billing,2026-12-21 00:19:05+00:00
P01259,Discharge,2026-12-21 00:49:05+00:00
P01264,Patient Arrival,2026-11-12 00:21:57+00:00
P01264,Registration,2026-11-12 00:39:57+00:00
P01264,Waiting,2026-11-12 01:43:57+00:00
P01264,Doctor Consultation,2026-11-12 01:58:57+00:00
P01264,ECG,2026-11-12 02:26:57+00:00
P01264,Doctor Consultation,2026-11-12 03:05:57+00:00
P01264,Diagnosis,2026-11-12 03:49:57+00:00
P01264,Treatment,2026-11-12 05:14:57+00:00
P01264,Pharmacy,2026-11-12 05:47:57+00:00
P01264,Billing,2026-11-12 06:08:57+00:00
P01264,Discharge,2026-11-12 06:36:57+00:00
P01265,Patient Arrival,2026-01-08 01:30:13+00:00
P01265,Registration,2026-01-08 02:19:13+00:00
P01265,Waiting,2026-01-08 04:10:13+00:00
P01265,Doctor Consultation,2026-01-08 04:47:13+00:00
P01265,Urine Test,2026-01-08 05:19:13+00:00
P01265,Doctor Consultation,2026-01-08 05:55:13+00:00
P01265,Diagnosis,2026-01-08 06:33:13+00:00
P01265,Ward Transfer,2026-01-08 07:02:13+00:00
P01265,Treatment,2026-01-08 07:49:13+00:00
P01265,Pharmacy,2026-01-08 08:13:13+00:00
P01265,Billing,2026-01-08 08:57:13+00:00
P01265,Discharge,2026-01-08 09:45:13+00:00
P01267,Patient Arrival,2026-07-12 13:30:19+00:00
P01267,Registration,2026-07-12 14:07:19+00:00
P01267,Waiting,2026-07-12 15:33:19+00:00
P01267,Doctor Consultation,2026-07-12 16:10:19+00:00
P01267,Diagnosis,2026-07-12 16:29:19+00:00
P01267,Treatment,2026-07-12 18:34:19+00:00
P01267,Pharmacy,2026-07-12 19:24:19+00:00
P01267,Billing,2026-07-12 19:42:19+00:00
P01267,Discharge,2026-07-12 20:01:19+00:00
P01269,Patient Arrival,2026-04-11 08:22:43+00:00
P01269,Registration,2026-04-11 08:53:43+00:00
P01269,Waiting,2026-04-11 10:40:43+00:00
P01269,Doctor Consultation,2026-04-11 11:09:43+00:00
P01269,ECG,2026-04-11 11:36:43+00:00
P01269,Doctor Consultation,2026-04-11 12:09:43+00:00
P01269,Diagnosis,2026-04-11 12:25:43+00:00
P01269,Treatment,2026-04-11 14:10:43+00:00
P01269,Pharmacy,2026-04-11 14:49:43+00:00
P01269,Billing,2026-04-11 15:00:43+00:00
P01269,Discharge,2026-04-11 15:53:43+00:00
P01271,Patient Arrival,2026-06-15 23:40:17+00:00
P01271,Registration,2026-06-16 00:03:17+00:00
P01271,Waiting,2026-06-16 01:40:17+00:00
P01271,Doctor Consultation,2026-06-16 02:00:17+00:00
P01271,Urine Test,2026-06-16 02:31:17+00:00
P01271,Doctor Consultation,2026-06-16 02:52:17+00:00
P01271,Diagnosis,2026-06-16 03:20:17+00:00
P01271,Diagnosis,2026-06-16 03:20:17+00:00
P01271,Ward Transfer,2026-06-16 03:53:17+00:00
P01271,Treatment,2026-06-16 04:53:17+00:00
P01271,Pharmacy,2026-06-16 05:22:17+00:00
P01271,Billing,2026-06-16 05:52:17+00:00
P01271,Discharge,2026-06-16 06:16:17+00:00
P01272,Patient Arrival,2026-04-25 13:19:58+00:00
P01272,Registration,2026-04-25 13:45:58+00:00
P01272,Waiting,2026-04-25 14:33:58+00:00
P01272,Doctor Consultation,2026-04-25 14:43:58+00:00
P01272,X-Ray,2026-04-25 15:21:58+00:00
P01272,Doctor Consultation,2026-04-25 16:02:58+00:00
P01272,Diagnosis,2026-04-25 16:51:58+00:00
P01272,Treatment,2026-04-25 18:54:58+00:00
P01272,Pharmacy,2026-04-25 19:28:58+00:00
P01272,Billing,2026-04-25 19:46:58+00:00
P01272,Discharge,2026-04-25 20:04:58+00:00
P01274,Patient Arrival,2026-10-10 09:45:53+00:00
P01274,Registration,2026-10-10 10:33:53+00:00
P01274,Waiting,2026-10-10 12:06:53+00:00
P01274,Doctor Consultation,2026-10-10 12:35:53+00:00
P01274,Diagnosis,2026-10-10 12:48:53+00:00
P01274,Treatment,2026-10-10 14:53:53+00:00
P01274,Pharmacy,2026-10-10 15:27:53+00:00
P01274,Billing,2026-10-10 15:50:53+00:00
P01274,Discharge,2026-10-10 16:11:53+00:00
P01277,Patient Arrival,2026-05-03 14:57:04+00:00
P01277,Registration,2026-05-03 15:47:04+00:00
P01277,Waiting,2026-05-03 17:22:04+00:00
P01277,Doctor Consultation,2026-05-03 18:13:04+00:00
P01277,Diagnosis,2026-05-03 18:21:04+00:00
P01277,Ward Transfer,2026-05-03 18:50:04+00:00
P01277,Treatment,2026-05-03 20:16:04+00:00
P01277,Pharmacy,2026-05-03 20:31:04+00:00
P01277,Billing,2026-05-03 21:00:04+00:00
P01277,Discharge,2026-05-03 21:49:04+00:00
P01279,Patient Arrival,2026-11-18 10:47:04+00:00
P01279,Registration,2026-11-18 11:04:04+00:00
P01279,Waiting,2026-11-18 12:20:04+00:00
P01279,Doctor Consultation,2026-11-18 12:35:04+00:00
P01279,Diagnosis,2026-11-18 12:51:04+00:00
P01279,Ward Transfer,2026-11-18 13:23:04+00:00
P01279,Treatment,2026-11-18 15:05:04+00:00
P01279,Pharmacy,2026-11-18 15:43:04+00:00
P01279,Billing,2026-11-18 16:12:04+00:00
P01279,Discharge,2026-11-18 17:01:04+00:00
P01280,Patient Arrival,2026-04-22 18:41:49+00:00
P01280,Registration,2026-04-22 19:01:49+00:00
P01280,Waiting,2026-04-22 20:20:49+00:00
P01280,Doctor Consultation,2026-04-22 21:00:49+00:00
P01280,Diagnosis,2026-04-22 21:43:49+00:00
P01280,Ward Transfer,2026-04-22 22:11:49+00:00
P01280,Treatment,2026-04-22 23:21:49+00:00
P01280,Pharmacy,2026-04-23 00:14:49+00:00
P01280,Billing,2026-04-23 00:45:49+00:00
P01280,Discharge,2026-04-23 01:11:49+00:00
P01285,Patient Arrival,2026-06-09 03:13:19+00:00
P01285,Registration,2026-06-09 03:39:19+00:00
P01285,Waiting,2026-06-09 04:32:19+00:00
P01285,Doctor Consultation,2026-06-09 05:08:19+00:00
P01285,ECG,2026-06-09 05:40:19+00:00
P01285,Doctor Consultation,2026-06-09 06:15:19+00:00
P01285,Diagnosis,2026-06-09 06:39:19+00:00
P01285,Ward Transfer,2026-06-09 07:15:19+00:00
P01285,Treatment,2026-06-09 09:11:19+00:00
P01285,Pharmacy,2026-06-09 09:49:19+00:00
P01285,Billing,2026-06-09 10:15:19+00:00
P01285,Discharge,2026-06-09 10:39:19+00:00
P01287,Patient Arrival,2026-05-05 19:07:17+00:00
P01287,Registration,2026-05-05 19:39:17+00:00
P01287,Waiting,2026-05-05 21:21:17+00:00
P01287,Doctor Consultation,2026-05-05 21:53:17+00:00
P01287,Diagnosis,2026-05-05 22:34:17+00:00
P01287,Treatment,2026-05-05 23:59:17+00:00
P01287,Pharmacy,2026-05-06 00:21:17+00:00
P01287,Billing,2026-05-06 01:00:17+00:00
P01287,Discharge,2026-05-06 01:30:17+00:00
P01289,Patient Arrival,2026-11-13 11:27:37+00:00
P01289,Registration,2026-11-13 11:51:37+00:00
P01289,Waiting,2026-11-13 13:33:37+00:00
P01289,Doctor Consultation,2026-11-13 13:49:37+00:00
P01289,Urine Test,2026-11-13 14:10:37+00:00
P01289,Doctor Consultation,2026-11-13 14:55:37+00:00
P01289,Diagnosis,2026-11-13 15:34:37+00:00
P01289,Treatment,2026-11-13 16:23:37+00:00
P01289,Pharmacy,2026-11-13 17:10:37+00:00
P01289,Billing,2026-11-13 17:41:37+00:00
P01289,Discharge,2026-11-13 18:05:37+00:00
P01290,Patient Arrival,2026-03-06 16:17:03+00:00
P01290,Registration,2026-03-06 17:03:03+00:00
P01290,Waiting,2026-03-06 18:38:03+00:00
P01290,Doctor Consultation,2026-03-06 19:07:03+00:00
P01290,Diagnosis,2026-03-06 19:48:03+00:00
P01290,Ward Transfer,2026-03-06 20:15:03+00:00
P01290,Treatment,2026-03-06 21:01:03+00:00
P01290,Pharmacy,2026-03-06 21:21:03+00:00
P01290,Billing,2026-03-06 21:49:03+00:00
P01290,Discharge,2026-03-06 22:17:03+00:00
P01293,Patient Arrival,2026-06-23 02:28:59+00:00
P01293,Registration,2026-06-23 02:55:59+00:00
P01293,Waiting,2026-06-23 04:05:59+00:00
P01293,Doctor Consultation,2026-06-23 04:29:59+00:00
P01293,Urine Test,2026-06-23 04:46:59+00:00
P01293,Doctor Consultation,2026-06-23 05:41:59+00:00
P01293,Diagnosis,2026-06-23 06:08:59+00:00
P01293,Treatment,2026-06-23 07:45:59+00:00
P01293,Pharmacy,2026-06-23 08:05:59+00:00
P01293,Billing,2026-06-23 08:31:59+00:00
P01293,Discharge,2026-06-23 09:03:59+00:00
P01294,Patient Arrival,2026-06-18 05:34:38+00:00
P01294,Registration,2026-06-18 06:05:38+00:00
P01294,Waiting,2026-06-18 06:59:38+00:00
P01294,Doctor Consultation,2026-06-18 07:43:38+00:00
P01294,Urine Test,2026-06-18 08:16:38+00:00
P01294,Doctor Consultation,2026-06-18 09:11:38+00:00
P01294,Diagnosis,2026-06-18 09:47:38+00:00
P01294,Ward Transfer,2026-06-18 10:24:38+00:00
P01294,Treatment,2026-06-18 12:29:38+00:00
P01294,Pharmacy,2026-06-18 13:21:38+00:00
P01294,Billing,2026-06-18 13:38:38+00:00
P01294,Discharge,2026-06-18 14:01:38+00:00
P01296,Patient Arrival,2026-05-03 14:37:28+00:00
P01296,Registration,2026-05-03 15:09:28+00:00
P01296,Waiting,2026-05-03 16:32:28+00:00
P01296,Doctor Consultation,2026-05-03 17:05:28+00:00
P01296,Diagnosis,2026-05-03 17:30:28+00:00
P01296,Treatment,2026-05-03 19:24:28+00:00
P01296,Pharmacy,2026-05-03 19:52:28+00:00
P01296,Billing,2026-05-03 20:25:28+00:00
P01296,Discharge,2026-05-03 20:51:28+00:00
P01298,Patient Arrival,2026-04-14 09:26:42+00:00
P01298,Registration,2026-04-14 09:43:42+00:00
P01298,Waiting,2026-04-14 11:26:42+00:00
P01298,Doctor Consultation,2026-04-14 11:50:42+00:00
P01298,X-Ray,2026-04-14 12:23:42+00:00
P01298,Doctor Consultation,2026-04-14 13:08:42+00:00
P01298,Diagnosis,2026-04-14 13:28:42+00:00
P01298,Treatment,2026-04-14 15:40:42+00:00
P01298,Pharmacy,2026-04-14 16:03:42+00:00
P01298,Billing,2026-04-14 16:33:42+00:00
P01298,Discharge,2026-04-14 17:10:42+00:00
P01299,Patient Arrival,2026-07-20 20:39:22+00:00
P01299,Registration,2026-07-20 21:08:22+00:00
P01299,Waiting,2026-07-20 22:30:22+00:00
P01299,Doctor Consultation,2026-07-20 23:15:22+00:00
P01299,Urine Test,2026-07-20 23:51:22+00:00
P01299,Doctor Consultation,2026-07-21 00:43:22+00:00
P01299,Diagnosis,2026-07-21 01:16:22+00:00
P01299,Treatment,2026-07-21 01:58:22+00:00
P01299,Pharmacy,2026-07-21 02:15:22+00:00
P01299,Billing,2026-07-21 02:42:22+00:00
P01299,Discharge,2026-07-21 03:15:22+00:00
P01301,Patient Arrival,2026-04-27 21:31:24+00:00
P01301,Patient Arrival,2026-04-27 21:31:24+00:00
P01301,Registration,2026-04-27 22:02:24+00:00
P01301,Waiting,2026-04-27 23:02:24+00:00
P01301,Doctor Consultation,2026-04-27 23:37:24+00:00
P01301,X-Ray,2026-04-27 23:59:24+00:00
P01301,Doctor Consultation,2026-04-28 00:27:24+00:00
P01301,Diagnosis,2026-04-28 00:44:24+00:00
P01301,Treatment,2026-04-28 02:11:24+00:00
P01301,Treatment,2026-04-28 02:11:24+00:00
P01301,Pharmacy,2026-04-28 02:34:24+00:00
P01301,Billing,2026-04-28 02:46:24+00:00
P01301,Discharge,2026-04-28 03:24:24+00:00
P01303,Patient Arrival,2026-09-15 14:33:06+00:00
P01303,Registration,2026-09-15 15:09:06+00:00
P01303,Waiting,2026-09-15 16:30:06+00:00
P01303,Doctor Consultation,2026-09-15 16:41:06+00:00
P01303,Diagnosis,2026-09-15 16:59:06+00:00
P01303,Treatment,2026-09-15 17:55:06+00:00
P01303,Pharmacy,2026-09-15 18:38:06+00:00
P01303,Billing,2026-09-15 19:00:06+00:00
P01303,Discharge,2026-09-15 19:26:06+00:00
P01303,Discharge,2026-09-15 19:26:06+00:00
P01305,Patient Arrival,2026-11-27 20:25:10+00:00
P01305,Registration,2026-11-27 20:53:10+00:00
P01305,Waiting,2026-11-27 22:30:10+00:00
P01305,Doctor Consultation,2026-11-27 23:10:10+00:00
P01305,Diagnosis,2026-11-28 00:03:10+00:00
P01305,Treatment,2026-11-28 02:13:10+00:00
P01305,Pharmacy,2026-11-28 02:52:10+00:00
P01305,Billing,2026-11-28 03:24:10+00:00
P01305,Discharge,2026-11-28 04:00:10+00:00
P01308,Patient Arrival,2026-02-20 13:13:27+00:00
P01308,Registration,2026-02-20 13:54:27+00:00
P01308,Waiting,2026-02-20 14:52:27+00:00
P01308,Doctor Consultation,2026-02-20 15:26:27+00:00
P01308,Diagnosis,2026-02-20 16:00:27+00:00
P01308,Ward Transfer,2026-02-20 16:30:27+00:00
P01308,Treatment,2026-02-20 17:18:27+00:00
P01308,Pharmacy,2026-02-20 17:49:27+00:00
P01308,Billing,2026-02-20 17:59:27+00:00
P01308,Discharge,2026-02-20 18:34:27+00:00
P01311,Patient Arrival,2026-11-25 16:57:47+00:00
P01311,Registration,2026-11-25 17:23:47+00:00
P01311,Waiting,2026-11-25 18:53:47+00:00
P01311,Doctor Consultation,2026-11-25 19:24:47+00:00
P01311,Diagnosis,2026-11-25 19:47:47+00:00
P01311,Ward Transfer,2026-11-25 20:02:47+00:00
P01311,Treatment,2026-11-25 20:54:47+00:00
P01311,Pharmacy,2026-11-25 21:31:47+00:00
P01311,Billing,2026-11-25 22:09:47+00:00
P01311,Discharge,2026-11-25 22:44:47+00:00
P01312,Patient Arrival,2026-03-31 16:13:15+00:00
P01312,Registration,2026-03-31 16:45:15+00:00
P01312,Waiting,2026-03-31 17:46:15+00:00
P01312,Doctor Consultation,2026-03-31 18:11:15+00:00
P01312,Diagnosis,2026-03-31 18:34:15+00:00
P01312,Treatment,2026-03-31 19:48:15+00:00
P01312,Pharmacy,2026-03-31 20:16:15+00:00
P01312,Billing,2026-03-31 20:47:15+00:00
P01312,Discharge,2026-03-31 21:38:15+00:00
P01313,Patient Arrival,2026-02-21 07:39:32+00:00
P01313,Registration,2026-02-21 08:09:32+00:00
P01313,Waiting,2026-02-21 09:20:32+00:00
P01313,Doctor Consultation,2026-02-21 10:09:32+00:00
P01313,Urine Test,2026-02-21 10:34:32+00:00
P01313,Doctor Consultation,2026-02-21 10:50:32+00:00
P01313,Diagnosis,2026-02-21 11:01:32+00:00
P01313,Ward Transfer,2026-02-21 11:28:32+00:00
P01313,Treatment,2026-02-21 13:47:32+00:00
P01313,Pharmacy,2026-02-21 14:27:32+00:00
P01313,Billing,2026-02-21 15:12:32+00:00
P01313,Discharge,2026-02-21 15:49:32+00:00
P01314,Patient Arrival,2026-01-07 01:52:12+00:00
P01314,Registration,2026-01-07 02:27:12+00:00
P01314,Waiting,2026-01-07 03:48:12+00:00
P01314,Doctor Consultation,2026-01-07 04:25:12+00:00
P01314,Diagnosis,2026-01-07 04:47:12+00:00
P01314,Ward Transfer,2026-01-07 05:21:12+00:00
P01314,Treatment,2026-01-07 06:17:12+00:00
P01314,Pharmacy,2026-01-07 06:52:12+00:00
P01314,Billing,2026-01-07 07:05:12+00:00
P01314,Discharge,2026-01-07 07:41:12+00:00
P01316,Patient Arrival,2026-09-13 03:23:08+00:00
P01316,Registration,2026-09-13 03:35:08+00:00
P01316,Waiting,2026-09-13 04:20:08+00:00
P01316,Doctor Consultation,2026-09-13 04:40:08+00:00
P01316,ECG,2026-09-13 05:17:08+00:00
P01316,Doctor Consultation,2026-09-13 05:41:08+00:00
P01316,Diagnosis,2026-09-13 06:02:08+00:00
P01316,Treatment,2026-09-13 08:01:08+00:00
P01316,Pharmacy,2026-09-13 08:42:08+00:00
P01316,Billing,2026-09-13 09:07:08+00:00
P01316,Discharge,2026-09-13 09:46:08+00:00
P01320,Patient Arrival,2026-02-02 22:29:00+00:00
P01320,Registration,2026-02-02 22:54:00+00:00
P01320,Waiting,2026-02-03 00:21:00+00:00
P01320,Doctor Consultation,2026-02-03 00:35:00+00:00
P01320,Urine Test,2026-02-03 01:16:00+00:00
P01320,Doctor Consultation,2026-02-03 01:44:00+00:00
P01320,Diagnosis,2026-02-03 01:55:00+00:00
P01320,Treatment,2026-02-03 02:50:00+00:00
P01320,Pharmacy,2026-02-03 03:33:00+00:00
P01320,Billing,2026-02-03 04:19:00+00:00
P01320,Discharge,2026-02-03 04:47:00+00:00
P01322,Patient Arrival,2026-04-15 12:06:29+00:00
P01322,Registration,2026-04-15 12:36:29+00:00
P01322,Waiting,2026-04-15 13:37:29+00:00
P01322,Doctor Consultation,2026-04-15 14:15:29+00:00
P01322,ECG,2026-04-15 14:48:29+00:00
P01322,Doctor Consultation,2026-04-15 15:11:29+00:00
P01322,Diagnosis,2026-04-15 15:38:29+00:00
P01322,Ward Transfer,2026-04-15 16:27:29+00:00
P01322,Ward Transfer,2026-04-15 16:27:29+00:00
P01322,Treatment,2026-04-15 17:11:29+00:00
P01322,Pharmacy,2026-04-15 17:57:29+00:00
P01322,Billing,2026-04-15 18:49:29+00:00
P01322,Discharge,2026-04-15 19:12:29+00:00
P01324,Patient Arrival,2026-10-18 22:02:06+00:00
P01324,Registration,2026-10-18 22:33:06+00:00
P01324,Waiting,2026-10-19 00:12:06+00:00
P01324,Doctor Consultation,2026-10-19 00:56:06+00:00
P01324,Diagnosis,2026-10-19 01:15:06+00:00
P01324,Treatment,2026-10-19 02:19:06+00:00
P01324,Pharmacy,2026-10-19 03:11:06+00:00
P01324,Billing,2026-10-19 03:32:06+00:00
P01324,Discharge,2026-10-19 03:55:06+00:00
P01325,Patient Arrival,2026-07-24 01:50:29+00:00
P01325,Registration,2026-07-24 02:36:29+00:00
P01325,Waiting,2026-07-24 04:13:29+00:00
P01325,Doctor Consultation,2026-07-24 04:28:29+00:00
P01325,Diagnosis,2026-07-24 04:52:29+00:00
P01325,Treatment,2026-07-24 06:09:29+00:00
P01325,Pharmacy,2026-07-24 06:43:29+00:00
P01325,Billing,2026-07-24 07:20:29+00:00
P01325,Discharge,2026-07-24 08:04:29+00:00
P01327,Patient Arrival,2026-03-21 18:16:20+00:00
P01327,Registration,2026-03-21 18:56:20+00:00
P01327,Waiting,2026-03-21 20:13:20+00:00
P01327,Doctor Consultation,2026-03-21 20:36:20+00:00
P01327,X-Ray,2026-03-21 21:17:20+00:00
P01327,Doctor Consultation,2026-03-21 21:54:20+00:00
P01327,Diagnosis,2026-03-21 22:21:20+00:00
P01327,Treatment,2026-03-21 23:17:20+00:00
P01327,Pharmacy,2026-03-21 23:56:20+00:00
P01327,Billing,2026-03-22 00:24:20+00:00
P01327,Discharge,2026-03-22 01:00:20+00:00
P01329,Patient Arrival,2026-07-03 01:55:00+00:00
P01329,Registration,2026-07-03 02:11:00+00:00
P01329,Waiting,2026-07-03 02:48:00+00:00
P01329,Doctor Consultation,2026-07-03 03:15:00+00:00
P01329,Diagnosis,2026-07-03 04:03:00+00:00
P01329,Treatment,2026-07-03 06:16:00+00:00
P01329,Pharmacy,2026-07-03 07:00:00+00:00
P01329,Billing,2026-07-03 07:19:00+00:00
P01329,Discharge,2026-07-03 07:43:00+00:00
P01330,Patient Arrival,2026-01-25 01:45:57+00:00
P01330,Registration,2026-01-25 01:57:57+00:00
P01330,Waiting,2026-01-25 02:43:57+00:00
P01330,Doctor Consultation,2026-01-25 03:25:57+00:00
P01330,Blood Test,2026-01-25 03:59:57+00:00
P01330,Doctor Consultation,2026-01-25 04:28:57+00:00
P01330,Diagnosis,2026-01-25 05:15:57+00:00
P01330,Treatment,2026-01-25 06:24:57+00:00
P01330,Pharmacy,2026-01-25 06:53:57+00:00
P01330,Billing,2026-01-25 07:12:57+00:00
P01330,Discharge,2026-01-25 07:26:57+00:00
P01331,Patient Arrival,2026-12-27 16:54:49+00:00
P01331,Registration,2026-12-27 17:44:49+00:00
P01331,Waiting,2026-12-27 18:36:49+00:00
P01331,Doctor Consultation,2026-12-27 19:15:49+00:00
P01331,Diagnosis,2026-12-27 19:48:49+00:00
P01331,Ward Transfer,2026-12-27 20:16:49+00:00
P01331,Treatment,2026-12-27 22:12:49+00:00
P01331,Pharmacy,2026-12-27 22:52:49+00:00
P01331,Billing,2026-12-27 23:13:49+00:00
P01331,Discharge,2026-12-27 23:37:49+00:00
P01332,Patient Arrival,2026-09-07 12:31:21+00:00
P01332,Registration,2026-09-07 13:19:21+00:00
P01332,Waiting,2026-09-07 14:44:21+00:00
P01332,Doctor Consultation,2026-09-07 15:19:21+00:00
P01332,Diagnosis,2026-09-07 15:57:21+00:00
P01332,Ward Transfer,2026-09-07 16:34:21+00:00
P01332,Treatment,2026-09-07 17:48:21+00:00
P01332,Pharmacy,2026-09-07 18:20:21+00:00
P01332,Billing,2026-09-07 19:08:21+00:00
P01332,Discharge,2026-09-07 19:41:21+00:00
P01333,Patient Arrival,2026-11-06 20:04:06+00:00
P01333,Registration,2026-11-06 20:22:06+00:00
P01333,Waiting,2026-11-06 20:57:06+00:00
P01333,Doctor Consultation,2026-11-06 21:44:06+00:00
P01333,ECG,2026-11-06 22:16:06+00:00
P01333,Doctor Consultation,2026-11-06 22:44:06+00:00
P01333,Diagnosis,2026-11-06 23:35:06+00:00
P01333,Treatment,2026-11-07 00:35:06+00:00
P01333,Pharmacy,2026-11-07 01:04:06+00:00
P01333,Billing,2026-11-07 01:45:06+00:00
P01333,Discharge,2026-11-07 02:21:06+00:00
P01336,Patient Arrival,2026-06-21 02:37:55+00:00
P01336,Registration,2026-06-21 03:15:55+00:00
P01336,Waiting,2026-06-21 04:18:55+00:00
P01336,Doctor Consultation,2026-06-21 04:52:55+00:00
P01336,Diagnosis,2026-06-21 05:00:55+00:00
P01336,Ward Transfer,2026-06-21 05:51:55+00:00
P01336,Treatment,2026-06-21 07:11:55+00:00
P01336,Pharmacy,2026-06-21 07:50:55+00:00
P01336,Billing,2026-06-21 08:22:55+00:00
P01336,Discharge,2026-06-21 08:48:55+00:00
P01339,Patient Arrival,2026-06-19 10:37:48+00:00
P01339,Registration,2026-06-19 11:26:48+00:00
P01339,Waiting,2026-06-19 12:09:48+00:00
P01339,Doctor Consultation,2026-06-19 12:53:48+00:00
P01339,Diagnosis,2026-06-19 13:10:48+00:00
P01339,Treatment,2026-06-19 14:01:48+00:00
P01339,Pharmacy,2026-06-19 14:49:48+00:00
P01339,Billing,2026-06-19 15:22:48+00:00
P01339,Discharge,2026-06-19 15:55:48+00:00
P01342,Patient Arrival,2026-01-14 08:57:19+00:00
P01342,Registration,2026-01-14 09:25:19+00:00
P01342,Waiting,2026-01-14 11:06:19+00:00
P01342,Doctor Consultation,2026-01-14 11:33:19+00:00
P01342,Diagnosis,2026-01-14 12:05:19+00:00
P01342,Treatment,2026-01-14 12:55:19+00:00
P01342,Pharmacy,2026-01-14 13:44:19+00:00
P01342,Billing,2026-01-14 14:02:19+00:00
P01342,Discharge,2026-01-14 14:44:19+00:00
P01344,Patient Arrival,2026-10-19 20:36:18+00:00
P01344,Registration,2026-10-19 21:21:18+00:00
P01344,Waiting,2026-10-19 22:17:18+00:00
P01344,Doctor Consultation,2026-10-19 22:31:18+00:00
P01344,ECG,2026-10-19 23:04:18+00:00
P01344,Doctor Consultation,2026-10-19 23:21:18+00:00
P01344,Diagnosis,2026-10-19 23:51:18+00:00
P01344,Treatment,2026-10-20 00:40:18+00:00
P01344,Pharmacy,2026-10-20 01:02:18+00:00
P01344,Billing,2026-10-20 01:46:18+00:00
P01344,Discharge,2026-10-20 02:10:18+00:00
P01345,Patient Arrival,2026-12-05 13:45:58+00:00
P01345,Registration,2026-12-05 14:08:58+00:00
P01345,Waiting,2026-12-05 15:00:58+00:00
P01345,Doctor Consultation,2026-12-05 15:28:58+00:00
P01345,Diagnosis,2026-12-05 16:11:58+00:00
P01345,Ward Transfer,2026-12-05 16:22:58+00:00
P01345,Treatment,2026-12-05 17:55:58+00:00
P01345,Pharmacy,2026-12-05 18:14:58+00:00
P01345,Billing,2026-12-05 18:51:58+00:00
P01345,Discharge,2026-12-05 19:18:58+00:00
P01346,Patient Arrival,2026-11-30 12:33:01+00:00
P01346,Registration,2026-11-30 13:16:01+00:00
P01346,Waiting,2026-11-30 14:57:01+00:00
P01346,Doctor Consultation,2026-11-30 15:36:01+00:00
P01346,Diagnosis,2026-11-30 16:10:01+00:00
P01346,Ward Transfer,2026-11-30 16:41:01+00:00
P01346,Treatment,2026-11-30 17:42:01+00:00
P01346,Pharmacy,2026-11-30 18:14:01+00:00
P01346,Billing,2026-11-30 19:00:01+00:00
P01346,Discharge,2026-11-30 19:33:01+00:00
P01350,Patient Arrival,2026-08-10 00:31:31+00:00
P01350,Registration,2026-08-10 01:09:31+00:00
P01350,Waiting,2026-08-10 02:02:31+00:00
P01350,Doctor Consultation,2026-08-10 02:40:31+00:00
P01350,Blood Test,2026-08-10 03:14:31+00:00
P01350,Doctor Consultation,2026-08-10 03:40:31+00:00
P01350,Diagnosis,2026-08-10 04:26:31+00:00
P01350,Ward Transfer,2026-08-10 04:45:31+00:00
P01350,Treatment,2026-08-10 05:29:31+00:00
P01350,Pharmacy,2026-08-10 05:39:31+00:00
P01350,Billing,2026-08-10 06:08:31+00:00
P01350,Discharge,2026-08-10 06:52:31+00:00
P01351,Patient Arrival,2026-05-04 15:37:35+00:00
P01351,Registration,2026-05-04 15:58:35+00:00
P01351,Waiting,2026-05-04 17:00:35+00:00
P01351,Doctor Consultation,2026-05-04 17:43:35+00:00
P01351,Urine Test,2026-05-04 18:12:35+00:00
P01351,Doctor Consultation,2026-05-04 18:43:35+00:00
P01351,Diagnosis,2026-05-04 19:09:35+00:00
P01351,Treatment,2026-05-04 19:54:35+00:00
P01351,Pharmacy,2026-05-04 20:25:35+00:00
P01351,Billing,2026-05-04 20:53:35+00:00
P01351,Discharge,2026-05-04 21:31:35+00:00
P01353,Patient Arrival,2026-10-02 11:59:42+00:00
P01353,Registration,2026-10-02 12:27:42+00:00
P01353,Waiting,2026-10-02 13:25:42+00:00
P01353,Doctor Consultation,2026-10-02 13:50:42+00:00
P01353,Diagnosis,2026-10-02 14:22:42+00:00
P01353,Ward Transfer,2026-10-02 14:54:42+00:00
P01353,Treatment,2026-10-02 16:53:42+00:00
P01353,Pharmacy,2026-10-02 17:12:42+00:00
P01353,Billing,2026-10-02 17:38:42+00:00
P01353,Discharge,2026-10-02 18:20:42+00:00
P01355,Patient Arrival,2026-11-19 12:15:03+00:00
P01355,Patient Arrival,2026-11-19 12:15:03+00:00
P01355,Registration,2026-11-19 12:37:03+00:00
P01355,Waiting,2026-11-19 13:31:03+00:00
P01355,Doctor Consultation,2026-11-19 14:03:03+00:00
P01355,X-Ray,2026-11-19 14:47:03+00:00
P01355,Doctor Consultation,2026-11-19 15:10:03+00:00
P01355,Diagnosis,2026-11-19 15:34:03+00:00
P01355,Treatment,2026-11-19 17:18:03+00:00
P01355,Pharmacy,2026-11-19 18:02:03+00:00
P01355,Billing,2026-11-19 18:33:03+00:00
P01355,Discharge,2026-11-19 18:55:03+00:00
P01356,Patient Arrival,2026-05-16 02:02:34+00:00
P01356,Registration,2026-05-16 02:27:34+00:00
P01356,Waiting,2026-05-16 03:56:34+00:00
P01356,Doctor Consultation,2026-05-16 04:35:34+00:00
P01356,X-Ray,2026-05-16 04:52:34+00:00
P01356,Doctor Consultation,2026-05-16 05:10:34+00:00
P01356,Diagnosis,2026-05-16 05:58:34+00:00
P01356,Treatment,2026-05-16 07:26:34+00:00
P01356,Pharmacy,2026-05-16 07:54:34+00:00
P01356,Billing,2026-05-16 08:43:34+00:00
P01356,Discharge,2026-05-16 09:03:34+00:00
P01356,Discharge,2026-05-16 09:03:34+00:00
P01357,Patient Arrival,2026-11-05 19:51:58+00:00
P01357,Registration,2026-11-05 20:09:58+00:00
P01357,Waiting,2026-11-05 20:50:58+00:00
P01357,Doctor Consultation,2026-11-05 21:17:58+00:00
P01357,Urine Test,2026-11-05 21:37:58+00:00
P01357,Doctor Consultation,2026-11-05 21:57:58+00:00
P01357,Diagnosis,2026-11-05 22:40:58+00:00
P01357,Ward Transfer,2026-11-05 23:33:58+00:00
P01357,Treatment,2026-11-06 00:40:58+00:00
P01357,Pharmacy,2026-11-06 01:03:58+00:00
P01357,Billing,2026-11-06 01:49:58+00:00
P01357,Discharge,2026-11-06 02:25:58+00:00
P01362,Patient Arrival,2026-12-28 03:01:36+00:00
P01362,Registration,2026-12-28 03:41:36+00:00
P01362,Waiting,2026-12-28 04:43:36+00:00
P01362,Doctor Consultation,2026-12-28 05:33:36+00:00
P01362,ECG,2026-12-28 06:06:36+00:00
P01362,Doctor Consultation,2026-12-28 06:25:36+00:00
P01362,Diagnosis,2026-12-28 06:41:36+00:00
P01362,Treatment,2026-12-28 08:11:36+00:00
P01362,Pharmacy,2026-12-28 08:36:36+00:00
P01362,Billing,2026-12-28 09:13:36+00:00
P01362,Discharge,2026-12-28 09:51:36+00:00
P01365,Patient Arrival,2026-03-06 13:24:59+00:00
P01365,Registration,2026-03-06 14:09:59+00:00
P01365,Waiting,2026-03-06 15:06:59+00:00
P01365,Doctor Consultation,2026-03-06 16:00:59+00:00
P01365,Diagnosis,2026-03-06 16:18:59+00:00
P01365,Treatment,2026-03-06 17:19:59+00:00
P01365,Pharmacy,2026-03-06 17:32:59+00:00
P01365,Billing,2026-03-06 18:14:59+00:00
P01365,Discharge,2026-03-06 18:32:59+00:00
P01366,Patient Arrival,2026-06-19 21:22:49+00:00
P01366,Registration,2026-06-19 21:46:49+00:00
P01366,Waiting,2026-06-19 22:48:49+00:00
P01366,Doctor Consultation,2026-06-19 23:12:49+00:00
P01366,Urine Test,2026-06-19 23:46:49+00:00
P01366,Doctor Consultation,2026-06-20 00:22:49+00:00
P01366,Diagnosis,2026-06-20 00:50:49+00:00
P01366,Treatment,2026-06-20 01:56:49+00:00
P01366,Pharmacy,2026-06-20 02:16:49+00:00
P01366,Billing,2026-06-20 02:51:49+00:00
P01366,Discharge,2026-06-20 03:14:49+00:00
P01369,Patient Arrival,2026-10-12 00:15:41+00:00
P01369,Registration,2026-10-12 00:32:41+00:00
P01369,Waiting,2026-10-12 01:33:41+00:00
P01369,Doctor Consultation,2026-10-12 02:05:41+00:00
P01369,Diagnosis,2026-10-12 02:36:41+00:00
P01369,Treatment,2026-10-12 04:49:41+00:00
P01369,Pharmacy,2026-10-12 05:38:41+00:00
P01369,Billing,2026-10-12 06:03:41+00:00
P01369,Discharge,2026-10-12 06:19:41+00:00
P01370,Patient Arrival,2026-12-11 06:50:46+00:00
P01370,Registration,2026-12-11 07:05:46+00:00
P01370,Waiting,2026-12-11 08:48:46+00:00
P01370,Doctor Consultation,2026-12-11 09:19:46+00:00
P01370,Diagnosis,2026-12-11 09:50:46+00:00
P01370,Ward Transfer,2026-12-11 10:15:46+00:00
P01370,Treatment,2026-12-11 11:41:46+00:00
P01370,Pharmacy,2026-12-11 12:24:46+00:00
P01370,Billing,2026-12-11 12:50:46+00:00
P01370,Discharge,2026-12-11 13:31:46+00:00
P01372,Patient Arrival,2026-09-12 08:40:26+00:00
P01372,Registration,2026-09-12 09:24:26+00:00
P01372,Waiting,2026-09-12 11:03:26+00:00
P01372,Doctor Consultation,2026-09-12 11:51:26+00:00
P01372,Urine Test,2026-09-12 12:28:26+00:00
P01372,Doctor Consultation,2026-09-12 12:37:26+00:00
P01372,Diagnosis,2026-09-12 13:06:26+00:00
P01372,Treatment,2026-09-12 15:07:26+00:00
P01372,Pharmacy,2026-09-12 15:19:26+00:00
P01372,Billing,2026-09-12 16:00:26+00:00
P01372,Discharge,2026-09-12 16:23:26+00:00
P01375,Patient Arrival,2026-09-12 06:45:05+00:00
P01375,Registration,2026-09-12 06:57:05+00:00
P01375,Waiting,2026-09-12 08:38:05+00:00
P01375,Doctor Consultation,2026-09-12 09:23:05+00:00
P01375,Urine Test,2026-09-12 09:36:05+00:00
P01375,Doctor Consultation,2026-09-12 10:05:05+00:00
P01375,Diagnosis,2026-09-12 10:34:05+00:00
P01375,Treatment,2026-09-12 11:42:05+00:00
P01375,Pharmacy,2026-09-12 12:23:05+00:00
P01375,Billing,2026-09-12 12:56:05+00:00
P01375,Discharge,2026-09-12 13:16:05+00:00
P01376,Patient Arrival,2026-11-10 19:43:03+00:00
P01376,Registration,2026-11-10 20:20:03+00:00
P01376,Waiting,2026-11-10 20:48:03+00:00
P01376,Doctor Consultation,2026-11-10 21:18:03+00:00
P01376,Urine Test,2026-11-10 21:48:03+00:00
P01376,Doctor Consultation,2026-11-10 22:03:03+00:00
P01376,Diagnosis,2026-11-10 22:32:03+00:00
P01376,Treatment,2026-11-11 00:01:03+00:00
P01376,Pharmacy,2026-11-11 00:20:03+00:00
P01376,Billing,2026-11-11 00:59:03+00:00
P01376,Discharge,2026-11-11 01:49:03+00:00
P01377,Patient Arrival,2026-11-02 10:05:29+00:00
P01377,Registration,2026-11-02 10:25:29+00:00
P01377,Waiting,2026-11-02 11:34:29+00:00
P01377,Doctor Consultation,2026-11-02 12:01:29+00:00
P01377,ECG,2026-11-02 12:48:29+00:00
P01377,Doctor Consultation,2026-11-02 13:09:29+00:00
P01377,Diagnosis,2026-11-02 13:41:29+00:00
P01377,Treatment,2026-11-02 14:54:29+00:00
P01377,Pharmacy,2026-11-02 15:19:29+00:00
P01377,Billing,2026-11-02 15:40:29+00:00
P01377,Discharge,2026-11-02 15:54:29+00:00
P01382,Patient Arrival,2026-02-07 01:45:49+00:00
P01382,Registration,2026-02-07 02:13:49+00:00
P01382,Waiting,2026-02-07 03:37:49+00:00
P01382,Doctor Consultation,2026-02-07 04:01:49+00:00
P01382,Blood Test,2026-02-07 04:46:49+00:00
P01382,Doctor Consultation,2026-02-07 05:14:49+00:00
P01382,Diagnosis,2026-02-07 05:49:49+00:00
P01382,Treatment,2026-02-07 07:19:49+00:00
P01382,Pharmacy,2026-02-07 07:44:49+00:00
P01382,Billing,2026-02-07 07:56:49+00:00
P01382,Discharge,2026-02-07 08:42:49+00:00
P01383,Patient Arrival,2026-04-06 03:42:00+00:00
P01383,Registration,2026-04-06 04:09:00+00:00
P01383,Waiting,2026-04-06 05:32:00+00:00
P01383,Doctor Consultation,2026-04-06 06:10:00+00:00
P01383,Diagnosis,2026-04-06 06:33:00+00:00
P01383,Treatment,2026-04-06 08:07:00+00:00
P01383,Pharmacy,2026-04-06 08:20:00+00:00
P01383,Billing,2026-04-06 08:45:00+00:00
P01383,Discharge,2026-04-06 09:08:00+00:00
P01384,Patient Arrival,2026-09-06 01:24:42+00:00
P01384,Registration,2026-09-06 02:04:42+00:00
P01384,Waiting,2026-09-06 03:48:42+00:00
P01384,Doctor Consultation,2026-09-06 04:28:42+00:00
P01384,Diagnosis,2026-09-06 05:20:42+00:00
P01384,Treatment,2026-09-06 06:35:42+00:00
P01384,Pharmacy,2026-09-06 07:26:42+00:00
P01384,Billing,2026-09-06 07:54:42+00:00
P01384,Discharge,2026-09-06 08:19:42+00:00
P01388,Patient Arrival,2026-06-05 04:32:46+00:00
P01388,Registration,2026-06-05 05:06:46+00:00
P01388,Waiting,2026-06-05 05:47:46+00:00
P01388,Doctor Consultation,2026-06-05 06:21:46+00:00
P01388,Diagnosis,2026-06-05 07:00:46+00:00
P01388,Treatment,2026-06-05 08:47:46+00:00
P01388,Pharmacy,2026-06-05 09:18:46+00:00
P01388,Billing,2026-06-05 09:49:46+00:00
P01388,Discharge,2026-06-05 10:37:46+00:00
P01389,Patient Arrival,2026-04-18 01:27:46+00:00
P01389,Registration,2026-04-18 01:45:46+00:00
P01389,Waiting,2026-04-18 02:54:46+00:00
P01389,Doctor Consultation,2026-04-18 03:24:46+00:00
P01389,X-Ray,2026-04-18 03:40:46+00:00
P01389,Doctor Consultation,2026-04-18 04:14:46+00:00
P01389,Diagnosis,2026-04-18 04:36:46+00:00
P01389,Treatment,2026-04-18 06:36:46+00:00
P01389,Pharmacy,2026-04-18 07:08:46+00:00
P01389,Billing,2026-04-18 07:38:46+00:00
P01389,Billing,2026-04-18 07:38:46+00:00
P01389,Discharge,2026-04-18 07:51:46+00:00
P01389,Discharge,2026-04-18 07:51:46+00:00
P01390,Patient Arrival,2026-03-28 04:52:26+00:00
P01390,Registration,2026-03-28 05:29:26+00:00
P01390,Waiting,2026-03-28 06:18:26+00:00
P01390,Doctor Consultation,2026-03-28 06:57:26+00:00
P01390,ECG,2026-03-28 07:42:26+00:00
P01390,Doctor Consultation,2026-03-28 07:55:26+00:00
P01390,Diagnosis,2026-03-28 08:24:26+00:00
P01390,Treatment,2026-03-28 10:10:26+00:00
P01390,Pharmacy,2026-03-28 10:35:26+00:00
P01390,Billing,2026-03-28 11:05:26+00:00
P01390,Discharge,2026-03-28 11:46:26+00:00
P01392,Patient Arrival,2026-10-16 17:54:53+00:00
P01392,Registration,2026-10-16 18:22:53+00:00
P01392,Waiting,2026-10-16 19:21:53+00:00
P01392,Waiting,2026-10-16 19:21:53+00:00
P01392,Doctor Consultation,2026-10-16 20:06:53+00:00
P01392,ECG,2026-10-16 20:44:53+00:00
P01392,Doctor Consultation,2026-10-16 21:03:53+00:00
P01392,Diagnosis,2026-10-16 21:30:53+00:00
P01392,Ward Transfer,2026-10-16 21:44:53+00:00
P01392,Treatment,2026-10-16 23:27:53+00:00
P01392,Pharmacy,2026-10-17 00:13:53+00:00
P01392,Billing,2026-10-17 00:49:53+00:00
P01392,Discharge,2026-10-17 01:39:53+00:00
P01397,Patient Arrival,2026-03-04 03:54:57+00:00
P01397,Registration,2026-03-04 04:23:57+00:00
P01397,Waiting,2026-03-04 05:38:57+00:00
P01397,Doctor Consultation,2026-03-04 06:10:57+00:00
P01397,Urine Test,2026-03-04 06:34:57+00:00
P01397,Doctor Consultation,2026-03-04 07:26:57+00:00
P01397,Diagnosis,2026-03-04 07:43:57+00:00
P01397,Treatment,2026-03-04 09:16:57+00:00
P01397,Pharmacy,2026-03-04 09:51:57+00:00
P01397,Billing,2026-03-04 10:29:57+00:00
P01397,Discharge,2026-03-04 10:59:57+00:00
P01401,Patient Arrival,2026-09-11 23:44:21+00:00
P01401,Registration,2026-09-12 00:15:21+00:00
P01401,Waiting,2026-09-12 01:59:21+00:00
P01401,Doctor Consultation,2026-09-12 02:47:21+00:00
P01401,Blood Test,2026-09-12 03:31:21+00:00
P01401,Doctor Consultation,2026-09-12 03:42:21+00:00
P01401,Diagnosis,2026-09-12 04:14:21+00:00
P01401,Treatment,2026-09-12 06:33:21+00:00
P01401,Pharmacy,2026-09-12 07:07:21+00:00
P01401,Billing,2026-09-12 07:42:21+00:00
P01401,Discharge,2026-09-12 08:35:21+00:00
P01403,Patient Arrival,2026-02-05 16:34:07+00:00
P01403,Registration,2026-02-05 16:51:07+00:00
P01403,Waiting,2026-02-05 18:02:07+00:00
P01403,Doctor Consultation,2026-02-05 18:35:07+00:00
P01403,Diagnosis,2026-02-05 18:56:07+00:00
P01403,Treatment,2026-02-05 20:22:07+00:00
P01403,Treatment,2026-02-05 20:22:07+00:00
P01403,Pharmacy,2026-02-05 20:44:07+00:00
P01403,Billing,2026-02-05 21:13:07+00:00
P01403,Discharge,2026-02-05 21:47:07+00:00
P01404,Patient Arrival,2026-03-05 00:45:49+00:00
P01404,Registration,2026-03-05 01:21:49+00:00
P01404,Waiting,2026-03-05 02:18:49+00:00
P01404,Doctor Consultation,2026-03-05 02:39:49+00:00
P01404,Diagnosis,2026-03-05 03:03:49+00:00
P01404,Treatment,2026-03-05 04:56:49+00:00
P01404,Pharmacy,2026-03-05 05:14:49+00:00
P01404,Billing,2026-03-05 05:33:49+00:00
P01404,Discharge,2026-03-05 06:11:49+00:00
P01405,Patient Arrival,2026-01-13 08:20:48+00:00
P01405,Registration,2026-01-13 08:52:48+00:00
P01405,Registration,2026-01-13 08:52:48+00:00
P01405,Waiting,2026-01-13 09:50:48+00:00
P01405,Doctor Consultation,2026-01-13 10:17:48+00:00
P01405,Diagnosis,2026-01-13 10:51:48+00:00
P01405,Treatment,2026-01-13 13:00:48+00:00
P01405,Pharmacy,2026-01-13 13:37:48+00:00
P01405,Billing,2026-01-13 14:08:48+00:00
P01405,Discharge,2026-01-13 14:46:48+00:00
P01408,Patient Arrival,2026-07-29 01:15:07+00:00
P01408,Registration,2026-07-29 02:00:07+00:00
P01408,Waiting,2026-07-29 02:52:07+00:00
P01408,Doctor Consultation,2026-07-29 03:37:07+00:00
P01408,Diagnosis,2026-07-29 03:50:07+00:00
P01408,Treatment,2026-07-29 04:47:07+00:00
P01408,Pharmacy,2026-07-29 05:11:07+00:00
P01408,Billing,2026-07-29 05:53:07+00:00
P01408,Discharge,2026-07-29 06:19:07+00:00
P01413,Patient Arrival,2026-08-10 00:59:54+00:00
P01413,Registration,2026-08-10 01:37:54+00:00
P01413,Waiting,2026-08-10 03:08:54+00:00
P01413,Doctor Consultation,2026-08-10 03:41:54+00:00
P01413,Urine Test,2026-08-10 04:00:54+00:00
P01413,Doctor Consultation,2026-08-10 04:25:54+00:00
P01413,Diagnosis,2026-08-10 04:54:54+00:00
P01413,Treatment,2026-08-10 07:07:54+00:00
P01413,Pharmacy,2026-08-10 07:22:54+00:00
P01413,Billing,2026-08-10 07:51:54+00:00
P01413,Discharge,2026-08-10 08:28:54+00:00
P01414,Patient Arrival,2026-10-05 13:35:38+00:00
P01414,Registration,2026-10-05 14:00:38+00:00
P01414,Waiting,2026-10-05 15:39:38+00:00
P01414,Doctor Consultation,2026-10-05 16:12:38+00:00
P01414,ECG,2026-10-05 16:44:38+00:00
P01414,Doctor Consultation,2026-10-05 17:04:38+00:00
P01414,Diagnosis,2026-10-05 17:38:38+00:00
P01414,Treatment,2026-10-05 19:25:38+00:00
P01414,Pharmacy,2026-10-05 19:51:38+00:00
P01414,Billing,2026-10-05 20:29:38+00:00
P01414,Discharge,2026-10-05 21:08:38+00:00
P01415,Patient Arrival,2026-11-10 01:39:43+00:00
P01415,Registration,2026-11-10 02:06:43+00:00
P01415,Waiting,2026-11-10 03:09:43+00:00
P01415,Doctor Consultation,2026-11-10 03:34:43+00:00
P01415,X-Ray,2026-11-10 03:58:43+00:00
P01415,Doctor Consultation,2026-11-10 04:31:43+00:00
P01415,Diagnosis,2026-11-10 05:00:43+00:00
P01415,Treatment,2026-11-10 07:14:43+00:00
P01415,Pharmacy,2026-11-10 07:36:43+00:00
P01415,Billing,2026-11-10 08:00:43+00:00
P01415,Discharge,2026-11-10 08:24:43+00:00
P01418,Patient Arrival,2026-12-05 12:42:44+00:00
P01418,Registration,2026-12-05 13:31:44+00:00
P01418,Waiting,2026-12-05 14:21:44+00:00
P01418,Doctor Consultation,2026-12-05 14:53:44+00:00
P01418,Urine Test,2026-12-05 15:37:44+00:00
P01418,Doctor Consultation,2026-12-05 16:00:44+00:00
P01418,Diagnosis,2026-12-05 16:35:44+00:00
P01418,Treatment,2026-12-05 18:00:44+00:00
P01418,Pharmacy,2026-12-05 18:31:44+00:00
P01418,Billing,2026-12-05 18:43:44+00:00
P01418,Discharge,2026-12-05 19:12:44+00:00
P01419,Patient Arrival,2026-03-22 12:47:36+00:00
P01419,Registration,2026-03-22 13:26:36+00:00
P01419,Waiting,2026-03-22 15:09:36+00:00
P01419,Doctor Consultation,2026-03-22 15:34:36+00:00
P01419,Diagnosis,2026-03-22 16:01:36+00:00
P01419,Ward Transfer,2026-03-22 16:22:36+00:00
P01419,Treatment,2026-03-22 18:26:36+00:00
P01419,Pharmacy,2026-03-22 18:59:36+00:00
P01419,Pharmacy,2026-03-22 18:59:36+00:00
P01419,Billing,2026-03-22 19:22:36+00:00
P01419,Discharge,2026-03-22 19:51:36+00:00
P01423,Patient Arrival,2026-10-06 23:02:09+00:00
P01423,Registration,2026-10-06 23:34:09+00:00
P01423,Waiting,2026-10-07 00:35:09+00:00
P01423,Doctor Consultation,2026-10-07 01:23:09+00:00
P01423,Diagnosis,2026-10-07 01:53:09+00:00
P01423,Ward Transfer,2026-10-07 02:27:09+00:00
P01423,Treatment,2026-10-07 03:26:09+00:00
P01423,Pharmacy,2026-10-07 03:49:09+00:00
P01423,Billing,2026-10-07 04:31:09+00:00
P01423,Discharge,2026-10-07 05:16:09+00:00
P01424,Patient Arrival,2026-02-21 20:05:44+00:00
P01424,Registration,2026-02-21 20:42:44+00:00
P01424,Waiting,2026-02-21 21:56:44+00:00
P01424,Doctor Consultation,2026-02-21 22:19:44+00:00
P01424,Blood Test,2026-02-21 22:49:44+00:00
P01424,Doctor Consultation,2026-02-21 23:20:44+00:00
P01424,Diagnosis,2026-02-21 23:45:44+00:00
P01424,Treatment,2026-02-22 01:42:44+00:00
P01424,Pharmacy,2026-02-22 01:58:44+00:00
P01424,Billing,2026-02-22 02:44:44+00:00
P01424,Discharge,2026-02-22 03:25:44+00:00
P01426,Patient Arrival,2026-08-18 05:50:52+00:00
P01426,Registration,2026-08-18 06:10:52+00:00
P01426,Waiting,2026-08-18 07:29:52+00:00
P01426,Doctor Consultation,2026-08-18 07:43:52+00:00
P01426,Urine Test,2026-08-18 08:18:52+00:00
P01426,Doctor Consultation,2026-08-18 08:44:52+00:00
P01426,Diagnosis,2026-08-18 09:24:52+00:00
P01426,Treatment,2026-08-18 11:28:52+00:00
P01426,Treatment,2026-08-18 11:28:52+00:00
P01426,Pharmacy,2026-08-18 11:59:52+00:00
P01426,Billing,2026-08-18 12:42:52+00:00
P01426,Discharge,2026-08-18 13:13:52+00:00
P01429,Patient Arrival,2026-04-08 01:56:11+00:00
P01429,Registration,2026-04-08 02:35:11+00:00
P01429,Waiting,2026-04-08 04:13:11+00:00
P01429,Doctor Consultation,2026-04-08 04:59:11+00:00
P01429,ECG,2026-04-08 05:44:11+00:00
P01429,Doctor Consultation,2026-04-08 06:16:11+00:00
P01429,Diagnosis,2026-04-08 06:57:11+00:00
P01429,Ward Transfer,2026-04-08 07:29:11+00:00
P01429,Treatment,2026-04-08 08:44:11+00:00
P01429,Pharmacy,2026-04-08 09:20:11+00:00
P01429,Billing,2026-04-08 09:50:11+00:00
P01429,Discharge,2026-04-08 10:28:11+00:00
P01431,Patient Arrival,2026-09-25 03:32:16+00:00
P01431,Registration,2026-09-25 04:03:16+00:00
P01431,Waiting,2026-09-25 05:31:16+00:00
P01431,Doctor Consultation,2026-09-25 05:58:16+00:00
P01431,ECG,2026-09-25 06:37:16+00:00
P01431,Doctor Consultation,2026-09-25 06:46:16+00:00
P01431,Diagnosis,2026-09-25 07:28:16+00:00
P01431,Treatment,2026-09-25 09:01:16+00:00
P01431,Pharmacy,2026-09-25 09:49:16+00:00
P01431,Billing,2026-09-25 10:34:16+00:00
P01431,Discharge,2026-09-25 11:12:16+00:00
P01433,Patient Arrival,2026-10-25 23:48:28+00:00
P01433,Registration,2026-10-26 00:23:28+00:00
P01433,Waiting,2026-10-26 01:28:28+00:00
P01433,Doctor Consultation,2026-10-26 01:53:28+00:00
P01433,Urine Test,2026-10-26 02:14:28+00:00
P01433,Doctor Consultation,2026-10-26 02:35:28+00:00
P01433,Doctor Consultation,2026-10-26 02:35:28+00:00
P01433,Diagnosis,2026-10-26 03:03:28+00:00
P01433,Ward Transfer,2026-10-26 03:41:28+00:00
P01433,Treatment,2026-10-26 05:35:28+00:00
P01433,Pharmacy,2026-10-26 06:10:28+00:00
P01433,Billing,2026-10-26 06:45:28+00:00
P01433,Discharge,2026-10-26 07:04:28+00:00
P01438,Patient Arrival,2026-08-06 19:30:11+00:00
P01438,Registration,2026-08-06 20:02:11+00:00
P01438,Waiting,2026-08-06 21:22:11+00:00
P01438,Doctor Consultation,2026-08-06 21:53:11+00:00
P01438,X-Ray,2026-08-06 22:20:11+00:00
P01438,Doctor Consultation,2026-08-06 22:51:11+00:00
P01438,Diagnosis,2026-08-06 23:40:11+00:00
P01438,Treatment,2026-08-07 01:27:11+00:00
P01438,Pharmacy,2026-08-07 02:05:11+00:00
P01438,Billing,2026-08-07 02:39:11+00:00
P01438,Discharge,2026-08-07 03:12:11+00:00
P01441,Patient Arrival,2026-12-26 01:04:57+00:00
P01441,Registration,2026-12-26 01:48:57+00:00
P01441,Waiting,2026-12-26 02:31:57+00:00
P01441,Doctor Consultation,2026-12-26 02:57:57+00:00
P01441,ECG,2026-12-26 03:32:57+00:00
P01441,Doctor Consultation,2026-12-26 04:13:57+00:00
P01441,Diagnosis,2026-12-26 04:42:57+00:00
P01441,Treatment,2026-12-26 06:41:57+00:00
P01441,Pharmacy,2026-12-26 07:05:57+00:00
P01441,Billing,2026-12-26 07:39:57+00:00
P01441,Discharge,2026-12-26 08:10:57+00:00
P01442,Patient Arrival,2026-03-01 06:55:22+00:00
P01442,Registration,2026-03-01 07:06:22+00:00
P01442,Waiting,2026-03-01 08:23:22+00:00
P01442,Doctor Consultation,2026-03-01 08:49:22+00:00
P01442,X-Ray,2026-03-01 09:17:22+00:00
P01442,Doctor Consultation,2026-03-01 10:04:22+00:00
P01442,Diagnosis,2026-03-01 10:40:22+00:00
P01442,Ward Transfer,2026-03-01 11:10:22+00:00
P01442,Treatment,2026-03-01 12:21:22+00:00
P01442,Pharmacy,2026-03-01 12:53:22+00:00
P01442,Billing,2026-03-01 13:33:22+00:00
P01442,Discharge,2026-03-01 14:00:22+00:00
P01443,Patient Arrival,2026-04-12 14:27:42+00:00
P01443,Registration,2026-04-12 15:06:42+00:00
P01443,Waiting,2026-04-12 16:47:42+00:00
P01443,Doctor Consultation,2026-04-12 17:20:42+00:00
P01443,X-Ray,2026-04-12 18:08:42+00:00
P01443,Doctor Consultation,2026-04-12 18:51:42+00:00
P01443,Diagnosis,2026-04-12 19:23:42+00:00
P01443,Treatment,2026-04-12 21:07:42+00:00
P01443,Pharmacy,2026-04-12 21:40:42+00:00
P01443,Billing,2026-04-12 21:52:42+00:00
P01443,Discharge,2026-04-12 22:11:42+00:00
P01445,Patient Arrival,2026-06-29 07:43:06+00:00
P01445,Registration,2026-06-29 08:14:06+00:00
P01445,Waiting,2026-06-29 09:49:06+00:00
P01445,Doctor Consultation,2026-06-29 10:08:06+00:00
P01445,Diagnosis,2026-06-29 10:50:06+00:00
P01445,Treatment,2026-06-29 12:20:06+00:00
P01445,Pharmacy,2026-06-29 12:34:06+00:00
P01445,Billing,2026-06-29 13:00:06+00:00
P01445,Discharge,2026-06-29 13:48:06+00:00
P01446,Patient Arrival,2026-09-07 18:41:46+00:00
P01446,Registration,2026-09-07 19:20:46+00:00
P01446,Waiting,2026-09-07 20:34:46+00:00
P01446,Doctor Consultation,2026-09-07 21:20:46+00:00
P01446,X-Ray,2026-09-07 21:49:46+00:00
P01446,Doctor Consultation,2026-09-07 21:59:46+00:00
P01446,Diagnosis,2026-09-07 22:38:46+00:00
P01446,Ward Transfer,2026-09-07 23:03:46+00:00
P01446,Treatment,2026-09-08 00:25:46+00:00
P01446,Pharmacy,2026-09-08 00:49:46+00:00
P01446,Billing,2026-09-08 01:12:46+00:00
P01446,Discharge,2026-09-08 01:49:46+00:00
P01449,Patient Arrival,2026-07-02 06:45:26+00:00
P01449,Registration,2026-07-02 07:21:26+00:00
P01449,Waiting,2026-07-02 08:54:26+00:00
P01449,Doctor Consultation,2026-07-02 09:39:26+00:00
P01449,X-Ray,2026-07-02 10:05:26+00:00
P01449,Doctor Consultation,2026-07-02 10:28:26+00:00
P01449,Diagnosis,2026-07-02 11:01:26+00:00
P01449,Treatment,2026-07-02 13:08:26+00:00
P01449,Pharmacy,2026-07-02 13:43:26+00:00
P01449,Billing,2026-07-02 14:15:26+00:00
P01449,Discharge,2026-07-02 14:53:26+00:00
P01451,Patient Arrival,2026-06-18 06:59:01+00:00
P01451,Registration,2026-06-18 07:26:01+00:00
P01451,Waiting,2026-06-18 09:04:01+00:00
P01451,Doctor Consultation,2026-06-18 09:52:01+00:00
P01451,X-Ray,2026-06-18 10:33:01+00:00
P01451,Doctor Consultation,2026-06-18 10:56:01+00:00
P01451,Diagnosis,2026-06-18 11:31:01+00:00
P01451,Treatment,2026-06-18 13:44:01+00:00
P01451,Pharmacy,2026-06-18 14:18:01+00:00
P01451,Billing,2026-06-18 14:47:01+00:00
P01451,Discharge,2026-06-18 15:01:01+00:00
P01453,Patient Arrival,2026-11-16 09:47:56+00:00
P01453,Registration,2026-11-16 10:38:56+00:00
P01453,Waiting,2026-11-16 11:52:56+00:00
P01453,Doctor Consultation,2026-11-16 12:27:56+00:00
P01453,Blood Test,2026-11-16 12:55:56+00:00
P01453,Doctor Consultation,2026-11-16 13:08:56+00:00
P01453,Doctor Consultation,2026-11-16 13:08:56+00:00
P01453,Diagnosis,2026-11-16 13:41:56+00:00
P01453,Treatment,2026-11-16 15:19:56+00:00
P01453,Pharmacy,2026-11-16 15:47:56+00:00
P01453,Billing,2026-11-16 16:30:56+00:00
P01453,Discharge,2026-11-16 17:18:56+00:00
P01456,Patient Arrival,2026-03-26 17:16:04+00:00
P01456,Patient Arrival,2026-03-26 17:16:04+00:00
P01456,Registration,2026-03-26 17:46:04+00:00
P01456,Waiting,2026-03-26 18:47:04+00:00
P01456,Doctor Consultation,2026-03-26 19:28:04+00:00
P01456,Urine Test,2026-03-26 20:02:04+00:00
P01456,Doctor Consultation,2026-03-26 20:26:04+00:00
P01456,Diagnosis,2026-03-26 20:56:04+00:00
P01456,Ward Transfer,2026-03-26 21:49:04+00:00
P01456,Treatment,2026-03-26 23:24:04+00:00
P01456,Pharmacy,2026-03-26 23:56:04+00:00
P01456,Billing,2026-03-27 00:21:04+00:00
P01456,Discharge,2026-03-27 00:56:04+00:00
P01457,Patient Arrival,2026-01-20 11:23:37+00:00
P01457,Registration,2026-01-20 12:12:37+00:00
P01457,Waiting,2026-01-20 13:34:37+00:00
P01457,Doctor Consultation,2026-01-20 14:23:37+00:00
P01457,ECG,2026-01-20 14:50:37+00:00
P01457,Doctor Consultation,2026-01-20 15:27:37+00:00
P01457,Doctor Consultation,2026-01-20 15:27:37+00:00
P01457,Diagnosis,2026-01-20 15:52:37+00:00
P01457,Ward Transfer,2026-01-20 16:34:37+00:00
P01457,Treatment,2026-01-20 18:52:37+00:00
P01457,Pharmacy,2026-01-20 19:19:37+00:00
P01457,Billing,2026-01-20 19:44:37+00:00
P01457,Discharge,2026-01-20 20:02:37+00:00
P01459,Patient Arrival,2026-05-04 10:06:54+00:00
P01459,Registration,2026-05-04 10:37:54+00:00
P01459,Waiting,2026-05-04 11:56:54+00:00
P01459,Doctor Consultation,2026-05-04 12:18:54+00:00
P01459,Urine Test,2026-05-04 12:38:54+00:00
P01459,Doctor Consultation,2026-05-04 12:53:54+00:00
P01459,Blood Test,2026-05-04 13:37:54+00:00
P01459,Doctor Consultation,2026-05-04 14:22:54+00:00
P01459,Diagnosis,2026-05-04 14:41:54+00:00
P01459,Treatment,2026-05-04 16:50:54+00:00
P01459,Pharmacy,2026-05-04 17:23:54+00:00
P01459,Billing,2026-05-04 18:13:54+00:00
P01459,Discharge,2026-05-04 18:58:54+00:00
P01466,Patient Arrival,2026-12-06 00:45:30+00:00
P01466,Registration,2026-12-06 01:19:30+00:00
P01466,Waiting,2026-12-06 02:34:30+00:00
P01466,Doctor Consultation,2026-12-06 03:20:30+00:00
P01466,Diagnosis,2026-12-06 03:36:30+00:00
P01466,Treatment,2026-12-06 04:50:30+00:00
P01466,Pharmacy,2026-12-06 05:27:30+00:00
P01466,Billing,2026-12-06 06:07:30+00:00
P01466,Discharge,2026-12-06 06:41:30+00:00
P01468,Patient Arrival,2026-07-28 19:01:36+00:00
P01468,Registration,2026-07-28 19:25:36+00:00
P01468,Waiting,2026-07-28 20:37:36+00:00
P01468,Doctor Consultation,2026-07-28 20:55:36+00:00
P01468,X-Ray,2026-07-28 21:30:36+00:00
P01468,Doctor Consultation,2026-07-28 22:07:36+00:00
P01468,Diagnosis,2026-07-28 22:34:36+00:00
P01468,Treatment,2026-07-29 00:03:36+00:00
P01468,Pharmacy,2026-07-29 00:36:36+00:00
P01468,Billing,2026-07-29 01:00:36+00:00
P01468,Discharge,2026-07-29 01:44:36+00:00
P01469,Patient Arrival,2026-09-13 06:37:05+00:00
P01469,Registration,2026-09-13 07:02:05+00:00
P01469,Waiting,2026-09-13 07:56:05+00:00
P01469,Doctor Consultation,2026-09-13 08:27:05+00:00
P01469,Blood Test,2026-09-13 08:57:05+00:00
P01469,Doctor Consultation,2026-09-13 09:40:05+00:00
P01469,Diagnosis,2026-09-13 10:24:05+00:00
P01469,Treatment,2026-09-13 11:22:05+00:00
P01469,Pharmacy,2026-09-13 11:54:05+00:00
P01469,Billing,2026-09-13 12:27:05+00:00
P01469,Discharge,2026-09-13 12:45:05+00:00
P01473,Patient Arrival,2026-12-30 08:00:51+00:00
P01473,Registration,2026-12-30 08:20:51+00:00
P01473,Waiting,2026-12-30 09:37:51+00:00
P01473,Doctor Consultation,2026-12-30 10:15:51+00:00
P01473,Urine Test,2026-12-30 10:39:51+00:00
P01473,Doctor Consultation,2026-12-30 10:51:51+00:00
P01473,Diagnosis,2026-12-30 11:20:51+00:00
P01473,Treatment,2026-12-30 12:33:51+00:00
P01473,Pharmacy,2026-12-30 13:11:51+00:00
P01473,Billing,2026-12-30 13:55:51+00:00
P01473,Discharge,2026-12-30 14:26:51+00:00
P01477,Patient Arrival,2026-06-27 13:43:24+00:00
P01477,Registration,2026-06-27 14:30:24+00:00
P01477,Waiting,2026-06-27 16:06:24+00:00
P01477,Doctor Consultation,2026-06-27 16:42:24+00:00
P01477,Diagnosis,2026-06-27 17:16:24+00:00
P01477,Ward Transfer,2026-06-27 17:45:24+00:00
P01477,Treatment,2026-06-27 18:48:24+00:00
P01477,Pharmacy,2026-06-27 19:23:24+00:00
P01477,Billing,2026-06-27 19:50:24+00:00
P01477,Discharge,2026-06-27 20:28:24+00:00
P01479,Patient Arrival,2026-04-30 14:22:50+00:00
P01479,Registration,2026-04-30 14:49:50+00:00
P01479,Waiting,2026-04-30 16:26:50+00:00
P01479,Doctor Consultation,2026-04-30 17:03:50+00:00
P01479,Diagnosis,2026-04-30 17:25:50+00:00
P01479,Ward Transfer,2026-04-30 18:10:50+00:00
P01479,Treatment,2026-04-30 19:04:50+00:00
P01479,Pharmacy,2026-04-30 19:23:50+00:00
P01479,Billing,2026-04-30 20:09:50+00:00
P01479,Discharge,2026-04-30 20:25:50+00:00
P01480,Patient Arrival,2026-11-23 13:50:12+00:00
P01480,Registration,2026-11-23 14:12:12+00:00
P01480,Waiting,2026-11-23 15:22:12+00:00
P01480,Doctor Consultation,2026-11-23 16:05:12+00:00
P01480,Urine Test,2026-11-23 16:32:12+00:00
P01480,Urine Test,2026-11-23 16:32:12+00:00
P01480,Doctor Consultation,2026-11-23 17:01:12+00:00
P01480,Diagnosis,2026-11-23 17:34:12+00:00
P01480,Ward Transfer,2026-11-23 18:04:12+00:00
P01480,Treatment,2026-11-23 19:45:12+00:00
P01480,Pharmacy,2026-11-23 19:55:12+00:00
P01480,Billing,2026-11-23 20:28:12+00:00
P01480,Discharge,2026-11-23 21:12:12+00:00
P01485,Patient Arrival,2026-01-27 07:05:32+00:00
P01485,Registration,2026-01-27 07:38:32+00:00
P01485,Waiting,2026-01-27 08:51:32+00:00
P01485,Doctor Consultation,2026-01-27 09:37:32+00:00
P01485,X-Ray,2026-01-27 10:00:32+00:00
P01485,Doctor Consultation,2026-01-27 10:36:32+00:00
P01485,Diagnosis,2026-01-27 11:00:32+00:00
P01485,Ward Transfer,2026-01-27 11:22:32+00:00
P01485,Treatment,2026-01-27 13:16:32+00:00
P01485,Pharmacy,2026-01-27 13:38:32+00:00
P01485,Billing,2026-01-27 14:08:32+00:00
P01485,Discharge,2026-01-27 14:44:32+00:00
P01487,Patient Arrival,2026-06-06 06:20:49+00:00
P01487,Registration,2026-06-06 06:54:49+00:00
P01487,Waiting,2026-06-06 07:34:49+00:00
P01487,Doctor Consultation,2026-06-06 07:55:49+00:00
P01487,Urine Test,2026-06-06 08:18:49+00:00
P01487,Doctor Consultation,2026-06-06 08:49:49+00:00
P01487,Diagnosis,2026-06-06 09:09:49+00:00
P01487,Ward Transfer,2026-06-06 09:59:49+00:00
P01487,Treatment,2026-06-06 11:13:49+00:00
P01487,Pharmacy,2026-06-06 11:48:49+00:00
P01487,Billing,2026-06-06 12:29:49+00:00
P01487,Discharge,2026-06-06 12:48:49+00:00
P01488,Patient Arrival,2026-01-05 12:54:28+00:00
P01488,Registration,2026-01-05 13:27:28+00:00
P01488,Waiting,2026-01-05 15:10:28+00:00
P01488,Doctor Consultation,2026-01-05 15:42:28+00:00
P01488,X-Ray,2026-01-05 16:17:28+00:00
P01488,X-Ray,2026-01-05 16:17:28+00:00
P01488,Doctor Consultation,2026-01-05 16:41:28+00:00
P01488,Diagnosis,2026-01-05 17:07:28+00:00
P01488,Treatment,2026-01-05 17:59:28+00:00
P01488,Pharmacy,2026-01-05 18:25:28+00:00
P01488,Billing,2026-01-05 18:55:28+00:00
P01488,Discharge,2026-01-05 19:25:28+00:00
P01491,Patient Arrival,2026-11-05 21:32:46+00:00
P01491,Registration,2026-11-05 21:54:46+00:00
P01491,Waiting,2026-11-05 22:50:46+00:00
P01491,Doctor Consultation,2026-11-05 23:29:46+00:00
P01491,Diagnosis,2026-11-05 23:53:46+00:00
P01491,Treatment,2026-11-06 01:12:46+00:00
P01491,Pharmacy,2026-11-06 01:36:46+00:00
P01491,Pharmacy,2026-11-06 01:36:46+00:00
P01491,Billing,2026-11-06 01:55:46+00:00
P01491,Discharge,2026-11-06 02:23:46+00:00
P01492,Patient Arrival,2026-04-05 01:21:35+00:00
P01492,Registration,2026-04-05 02:10:35+00:00
P01492,Waiting,2026-04-05 03:37:35+00:00
P01492,Doctor Consultation,2026-04-05 04:11:35+00:00
P01492,Blood Test,2026-04-05 04:47:35+00:00
P01492,Doctor Consultation,2026-04-05 05:32:35+00:00
P01492,Diagnosis,2026-04-05 05:49:35+00:00
P01492,Ward Transfer,2026-04-05 06:14:35+00:00
P01492,Treatment,2026-04-05 07:47:35+00:00
P01492,Pharmacy,2026-04-05 08:21:35+00:00
P01492,Billing,2026-04-05 08:55:35+00:00
P01492,Discharge,2026-04-05 09:31:35+00:00
P01494,Patient Arrival,2026-02-09 15:06:32+00:00
P01494,Registration,2026-02-09 15:20:32+00:00
P01494,Waiting,2026-02-09 17:08:32+00:00
P01494,Doctor Consultation,2026-02-09 17:28:32+00:00
P01494,Blood Test,2026-02-09 18:01:32+00:00
P01494,Doctor Consultation,2026-02-09 18:49:32+00:00
P01494,Diagnosis,2026-02-09 19:07:32+00:00
P01494,Treatment,2026-02-09 21:02:32+00:00
P01494,Pharmacy,2026-02-09 21:16:32+00:00
P01494,Billing,2026-02-09 21:43:32+00:00
P01494,Discharge,2026-02-09 22:34:32+00:00
P01499,Patient Arrival,2026-09-03 05:21:03+00:00
P01499,Registration,2026-09-03 06:06:03+00:00
P01499,Waiting,2026-09-03 07:23:03+00:00
P01499,Doctor Consultation,2026-09-03 08:17:03+00:00
P01499,Blood Test,2026-09-03 08:37:03+00:00
P01499,Doctor Consultation,2026-09-03 08:56:03+00:00
P01499,Diagnosis,2026-09-03 09:14:03+00:00
P01499,Treatment,2026-09-03 11:07:03+00:00
P01499,Pharmacy,2026-09-03 11:46:03+00:00
P01499,Billing,2026-09-03 12:33:03+00:00
P01499,Discharge,2026-09-03 13:17:03+00:00
P01501,Patient Arrival,2026-11-05 13:41:13+00:00
P01501,Registration,2026-11-05 14:07:13+00:00
P01501,Waiting,2026-11-05 15:44:13+00:00
P01501,Doctor Consultation,2026-11-05 16:15:13+00:00
P01501,Blood Test,2026-11-05 16:54:13+00:00
P01501,Doctor Consultation,2026-11-05 17:32:13+00:00
P01501,Diagnosis,2026-11-05 18:13:13+00:00
P01501,Ward Transfer,2026-11-05 18:54:13+00:00
P01501,Treatment,2026-11-05 20:58:13+00:00
P01501,Pharmacy,2026-11-05 21:17:13+00:00
P01501,Billing,2026-11-05 21:50:13+00:00
P01501,Discharge,2026-11-05 22:20:13+00:00
P01502,Patient Arrival,2026-11-30 00:50:22+00:00
P01502,Registration,2026-11-30 01:34:22+00:00
P01502,Waiting,2026-11-30 02:48:22+00:00
P01502,Doctor Consultation,2026-11-30 03:37:22+00:00
P01502,X-Ray,2026-11-30 04:12:22+00:00
P01502,Doctor Consultation,2026-11-30 04:39:22+00:00
P01502,Diagnosis,2026-11-30 04:53:22+00:00
P01502,Treatment,2026-11-30 06:31:22+00:00
P01502,Pharmacy,2026-11-30 07:05:22+00:00
P01502,Billing,2026-11-30 07:27:22+00:00
P01502,Discharge,2026-11-30 07:53:22+00:00
P01504,Patient Arrival,2026-07-08 21:13:04+00:00
P01504,Registration,2026-07-08 21:38:04+00:00
P01504,Waiting,2026-07-08 22:57:04+00:00
P01504,Doctor Consultation,2026-07-08 23:35:04+00:00
P01504,Blood Test,2026-07-09 00:28:04+00:00
P01504,Doctor Consultation,2026-07-09 01:17:04+00:00
P01504,Diagnosis,2026-07-09 01:52:04+00:00
P01504,Treatment,2026-07-09 02:37:04+00:00
P01504,Pharmacy,2026-07-09 03:18:04+00:00
P01504,Billing,2026-07-09 03:52:04+00:00
P01504,Discharge,2026-07-09 04:00:04+00:00
P01507,Patient Arrival,2026-05-18 17:56:06+00:00
P01507,Registration,2026-05-18 18:45:06+00:00
P01507,Waiting,2026-05-18 19:43:06+00:00
P01507,Doctor Consultation,2026-05-18 20:23:06+00:00
P01507,X-Ray,2026-05-18 20:48:06+00:00
P01507,Doctor Consultation,2026-05-18 21:32:06+00:00
P01507,Diagnosis,2026-05-18 22:13:06+00:00
P01507,Diagnosis,2026-05-18 22:13:06+00:00
P01507,Treatment,2026-05-18 23:25:06+00:00
P01507,Pharmacy,2026-05-19 00:03:06+00:00
P01507,Billing,2026-05-19 00:23:06+00:00
P01507,Discharge,2026-05-19 00:32:06+00:00
P01512,Patient Arrival,2026-04-13 17:11:56+00:00
P01512,Registration,2026-04-13 17:35:56+00:00
P01512,Waiting,2026-04-13 19:07:56+00:00
P01512,Doctor Consultation,2026-04-13 19:41:56+00:00
P01512,Diagnosis,2026-04-13 20:15:56+00:00
P01512,Ward Transfer,2026-04-13 20:46:56+00:00
P01512,Treatment,2026-04-13 22:35:56+00:00
P01512,Pharmacy,2026-04-13 23:04:56+00:00
P01512,Billing,2026-04-13 23:26:56+00:00
P01512,Billing,2026-04-13 23:26:56+00:00
P01512,Discharge,2026-04-13 23:51:56+00:00
P01513,Patient Arrival,2026-10-01 03:34:01+00:00
P01513,Registration,2026-10-01 04:25:01+00:00
P01513,Waiting,2026-10-01 05:20:01+00:00
P01513,Doctor Consultation,2026-10-01 06:03:01+00:00
P01513,Blood Test,2026-10-01 06:28:01+00:00
P01513,Doctor Consultation,2026-10-01 06:52:01+00:00
P01513,Diagnosis,2026-10-01 07:18:01+00:00
P01513,Ward Transfer,2026-10-01 08:07:01+00:00
P01513,Treatment,2026-10-01 09:26:01+00:00
P01513,Pharmacy,2026-10-01 09:59:01+00:00
P01513,Billing,2026-10-01 10:25:01+00:00
P01513,Discharge,2026-10-01 10:56:01+00:00
P01517,Patient Arrival,2026-08-10 15:15:19+00:00
P01517,Registration,2026-08-10 15:51:19+00:00
P01517,Waiting,2026-08-10 17:24:19+00:00
P01517,Doctor Consultation,2026-08-10 18:04:19+00:00
P01517,Diagnosis,2026-08-10 18:14:19+00:00
P01517,Ward Transfer,2026-08-10 19:00:19+00:00
P01517,Treatment,2026-08-10 20:28:19+00:00
P01517,Pharmacy,2026-08-10 21:04:19+00:00
P01517,Billing,2026-08-10 21:31:19+00:00
P01517,Discharge,2026-08-10 21:56:19+00:00
P01519,Patient Arrival,2026-10-25 22:41:09+00:00
P01519,Registration,2026-10-25 23:06:09+00:00
P01519,Waiting,2026-10-25 23:38:09+00:00
P01519,Doctor Consultation,2026-10-26 00:22:09+00:00
P01519,Blood Test,2026-10-26 00:35:09+00:00
P01519,Doctor Consultation,2026-10-26 01:11:09+00:00
P01519,Diagnosis,2026-10-26 01:41:09+00:00
P01519,Ward Transfer,2026-10-26 02:11:09+00:00
P01519,Treatment,2026-10-26 04:07:09+00:00
P01519,Treatment,2026-10-26 04:07:09+00:00
P01519,Pharmacy,2026-10-26 04:37:09+00:00
P01519,Billing,2026-10-26 05:09:09+00:00
P01519,Discharge,2026-10-26 05:54:09+00:00
P01522,Patient Arrival,2026-09-30 13:44:41+00:00
P01522,Registration,2026-09-30 14:16:41+00:00
P01522,Waiting,2026-09-30 15:02:41+00:00
P01522,Doctor Consultation,2026-09-30 15:25:41+00:00
P01522,X-Ray,2026-09-30 15:55:41+00:00
P01522,Doctor Consultation,2026-09-30 16:33:41+00:00
P01522,Diagnosis,2026-09-30 17:06:41+00:00
P01522,Treatment,2026-09-30 18:52:41+00:00
P01522,Pharmacy,2026-09-30 19:24:41+00:00
P01522,Billing,2026-09-30 20:13:41+00:00
P01522,Discharge,2026-09-30 20:36:41+00:00
P01524,Patient Arrival,2026-09-09 16:52:36+00:00
P01524,Registration,2026-09-09 17:23:36+00:00
P01524,Waiting,2026-09-09 17:54:36+00:00
P01524,Doctor Consultation,2026-09-09 18:42:36+00:00
P01524,ECG,2026-09-09 19:13:36+00:00
P01524,Doctor Consultation,2026-09-09 19:50:36+00:00
P01524,Diagnosis,2026-09-09 20:06:36+00:00
P01524,Treatment,2026-09-09 21:50:36+00:00
P01524,Pharmacy,2026-09-09 22:21:36+00:00
P01524,Billing,2026-09-09 22:52:36+00:00
P01524,Discharge,2026-09-09 23:19:36+00:00
P01525,Patient Arrival,2026-01-24 07:58:57+00:00
P01525,Registration,2026-01-24 08:19:57+00:00
P01525,Waiting,2026-01-24 09:37:57+00:00
P01525,Doctor Consultation,2026-01-24 10:31:57+00:00
P01525,Diagnosis,2026-01-24 10:54:57+00:00
P01525,Treatment,2026-01-24 12:50:57+00:00
P01525,Pharmacy,2026-01-24 13:38:57+00:00
P01525,Billing,2026-01-24 14:30:57+00:00
P01525,Discharge,2026-01-24 14:43:57+00:00
P01526,Patient Arrival,2026-12-18 21:26:47+00:00
P01526,Registration,2026-12-18 21:57:47+00:00
P01526,Waiting,2026-12-18 23:07:47+00:00
P01526,Doctor Consultation,2026-12-18 23:22:47+00:00
P01526,Diagnosis,2026-12-18 23:48:47+00:00
P01526,Treatment,2026-12-19 01:04:47+00:00
P01526,Pharmacy,2026-12-19 01:45:47+00:00
P01526,Billing,2026-12-19 02:09:47+00:00
P01526,Discharge,2026-12-19 02:42:47+00:00
P01528,Patient Arrival,2026-11-13 14:45:56+00:00
P01528,Registration,2026-11-13 15:22:56+00:00
P01528,Waiting,2026-11-13 16:46:56+00:00
P01528,Doctor Consultation,2026-11-13 17:09:56+00:00
P01528,Diagnosis,2026-11-13 17:43:56+00:00
P01528,Treatment,2026-11-13 19:50:56+00:00
P01528,Pharmacy,2026-11-13 20:10:56+00:00
P01528,Billing,2026-11-13 20:54:56+00:00
P01528,Discharge,2026-11-13 21:40:56+00:00
P01530,Patient Arrival,2026-08-27 11:59:36+00:00
P01530,Registration,2026-08-27 12:24:36+00:00
P01530,Waiting,2026-08-27 13:59:36+00:00
P01530,Doctor Consultation,2026-08-27 14:21:36+00:00
P01530,Diagnosis,2026-08-27 14:52:36+00:00
P01530,Treatment,2026-08-27 16:55:36+00:00
P01530,Pharmacy,2026-08-27 17:21:36+00:00
P01530,Billing,2026-08-27 17:36:36+00:00
P01530,Discharge,2026-08-27 18:16:36+00:00
P01534,Patient Arrival,2026-02-22 23:27:29+00:00
P01534,Registration,2026-02-22 23:46:29+00:00
P01534,Waiting,2026-02-23 01:17:29+00:00
P01534,Doctor Consultation,2026-02-23 01:43:29+00:00
P01534,X-Ray,2026-02-23 02:21:29+00:00
P01534,Doctor Consultation,2026-02-23 02:59:29+00:00
P01534,Diagnosis,2026-02-23 03:30:29+00:00
P01534,Treatment,2026-02-23 05:38:29+00:00
P01534,Pharmacy,2026-02-23 06:08:29+00:00
P01534,Pharmacy,2026-02-23 06:08:29+00:00
P01534,Billing,2026-02-23 06:36:29+00:00
P01534,Discharge,2026-02-23 07:09:29+00:00
P01538,Patient Arrival,2026-11-17 21:40:55+00:00
P01538,Registration,2026-11-17 22:20:55+00:00
P01538,Waiting,2026-11-17 23:31:55+00:00
P01538,Doctor Consultation,2026-11-18 00:00:55+00:00
P01538,Diagnosis,2026-11-18 00:29:55+00:00
P01538,Treatment,2026-11-18 02:10:55+00:00
P01538,Pharmacy,2026-11-18 02:47:55+00:00
P01538,Billing,2026-11-18 03:12:55+00:00
P01538,Discharge,2026-11-18 03:46:55+00:00
P01545,Patient Arrival,2026-02-20 09:42:31+00:00
P01545,Registration,2026-02-20 10:04:31+00:00
P01545,Waiting,2026-02-20 11:56:31+00:00
P01545,Doctor Consultation,2026-02-20 12:19:31+00:00
P01545,Urine Test,2026-02-20 13:03:31+00:00
P01545,Doctor Consultation,2026-02-20 13:22:31+00:00
P01545,Diagnosis,2026-02-20 13:52:31+00:00
P01545,Treatment,2026-02-20 15:12:31+00:00
P01545,Pharmacy,2026-02-20 15:32:31+00:00
P01545,Billing,2026-02-20 16:13:31+00:00
P01545,Discharge,2026-02-20 16:50:31+00:00
P01546,Patient Arrival,2026-07-28 21:04:26+00:00
P01546,Registration,2026-07-28 21:41:26+00:00
P01546,Waiting,2026-07-28 23:22:26+00:00
P01546,Doctor Consultation,2026-07-28 23:57:26+00:00
P01546,Diagnosis,2026-07-29 00:04:26+00:00
P01546,Ward Transfer,2026-07-29 00:44:26+00:00
P01546,Treatment,2026-07-29 03:07:26+00:00
P01546,Pharmacy,2026-07-29 03:41:26+00:00
P01546,Billing,2026-07-29 04:08:26+00:00
P01546,Discharge,2026-07-29 04:26:26+00:00
P01551,Patient Arrival,2026-04-08 18:14:44+00:00
P01551,Registration,2026-04-08 18:48:44+00:00
P01551,Waiting,2026-04-08 19:59:44+00:00
P01551,Doctor Consultation,2026-04-08 20:24:44+00:00
P01551,ECG,2026-04-08 20:36:44+00:00
P01551,ECG,2026-04-08 20:36:44+00:00
P01551,Doctor Consultation,2026-04-08 20:58:44+00:00
P01551,Diagnosis,2026-04-08 21:16:44+00:00
P01551,Ward Transfer,2026-04-08 21:47:44+00:00
P01551,Ward Transfer,2026-04-08 21:47:44+00:00
P01551,Treatment,2026-04-08 23:27:44+00:00
P01551,Pharmacy,2026-04-08 23:52:44+00:00
P01551,Billing,2026-04-09 00:29:44+00:00
P01551,Discharge,2026-04-09 00:47:44+00:00
P01560,Patient Arrival,2026-06-06 13:17:51+00:00
P01560,Registration,2026-06-06 13:53:51+00:00
P01560,Waiting,2026-06-06 15:50:51+00:00
P01560,Doctor Consultation,2026-06-06 16:10:51+00:00
P01560,Blood Test,2026-06-06 16:46:51+00:00
P01560,Doctor Consultation,2026-06-06 17:24:51+00:00
P01560,Diagnosis,2026-06-06 18:04:51+00:00
P01560,Treatment,2026-06-06 19:59:51+00:00
P01560,Pharmacy,2026-06-06 20:40:51+00:00
P01560,Billing,2026-06-06 21:23:51+00:00
P01560,Discharge,2026-06-06 21:44:51+00:00
P01560,Discharge,2026-06-06 21:44:51+00:00
P01562,Patient Arrival,2026-03-16 12:49:24+00:00
P01562,Registration,2026-03-16 13:16:24+00:00
P01562,Waiting,2026-03-16 14:20:24+00:00
P01562,Doctor Consultation,2026-03-16 14:44:24+00:00
P01562,Blood Test,2026-03-16 15:25:24+00:00
P01562,Doctor Consultation,2026-03-16 16:03:24+00:00
P01562,Diagnosis,2026-03-16 16:34:24+00:00
P01562,Treatment,2026-03-16 17:46:24+00:00
P01562,Pharmacy,2026-03-16 18:10:24+00:00
P01562,Billing,2026-03-16 18:40:24+00:00
P01562,Discharge,2026-03-16 19:18:24+00:00
P01563,Patient Arrival,2026-04-30 13:00:21+00:00
P01563,Registration,2026-04-30 13:39:21+00:00
P01563,Waiting,2026-04-30 15:00:21+00:00
P01563,Doctor Consultation,2026-04-30 15:43:21+00:00
P01563,Diagnosis,2026-04-30 16:16:21+00:00
P01563,Treatment,2026-04-30 17:27:21+00:00
P01563,Pharmacy,2026-04-30 18:10:21+00:00
P01563,Billing,2026-04-30 18:34:21+00:00
P01563,Discharge,2026-04-30 19:09:21+00:00
P01564,Patient Arrival,2026-03-19 19:13:00+00:00
P01564,Registration,2026-03-19 19:31:00+00:00
P01564,Waiting,2026-03-19 21:00:00+00:00
P01564,Doctor Consultation,2026-03-19 21:22:00+00:00
P01564,Blood Test,2026-03-19 21:56:00+00:00
P01564,Doctor Consultation,2026-03-19 22:28:00+00:00
P01564,Diagnosis,2026-03-19 22:56:00+00:00
P01564,Treatment,2026-03-19 23:41:00+00:00
P01564,Pharmacy,2026-03-20 00:31:00+00:00
P01564,Billing,2026-03-20 01:13:00+00:00
P01564,Discharge,2026-03-20 01:50:00+00:00
P01565,Patient Arrival,2026-09-27 20:45:56+00:00
P01565,Registration,2026-09-27 21:07:56+00:00
P01565,Waiting,2026-09-27 22:02:56+00:00
P01565,Doctor Consultation,2026-09-27 22:39:56+00:00
P01565,Urine Test,2026-09-27 23:17:56+00:00
P01565,Doctor Consultation,2026-09-27 23:48:56+00:00
P01565,Diagnosis,2026-09-28 00:07:56+00:00
P01565,Treatment,2026-09-28 01:49:56+00:00
P01565,Pharmacy,2026-09-28 02:19:56+00:00
P01565,Billing,2026-09-28 02:53:56+00:00
P01565,Discharge,2026-09-28 03:16:56+00:00
P01567,Patient Arrival,2026-12-29 17:07:43+00:00
P01567,Registration,2026-12-29 17:27:43+00:00
P01567,Waiting,2026-12-29 19:23:43+00:00
P01567,Doctor Consultation,2026-12-29 19:44:43+00:00
P01567,Diagnosis,2026-12-29 20:24:43+00:00
P01567,Ward Transfer,2026-12-29 20:41:43+00:00
P01567,Treatment,2026-12-29 22:44:43+00:00
P01567,Pharmacy,2026-12-29 23:27:43+00:00
P01567,Billing,2026-12-29 23:42:43+00:00
P01567,Discharge,2026-12-30 00:08:43+00:00
P01568,Patient Arrival,2026-12-02 05:19:44+00:00
P01568,Registration,2026-12-02 06:11:44+00:00
P01568,Waiting,2026-12-02 07:11:44+00:00
P01568,Doctor Consultation,2026-12-02 08:04:44+00:00
P01568,Urine Test,2026-12-02 08:34:44+00:00
P01568,Doctor Consultation,2026-12-02 08:51:44+00:00
P01568,Diagnosis,2026-12-02 09:26:44+00:00
P01568,Treatment,2026-12-02 10:50:44+00:00
P01568,Pharmacy,2026-12-02 11:35:44+00:00
P01568,Billing,2026-12-02 12:14:44+00:00
P01568,Discharge,2026-12-02 12:42:44+00:00
P01571,Patient Arrival,2026-08-07 11:44:18+00:00
P01571,Registration,2026-08-07 12:13:18+00:00
P01571,Waiting,2026-08-07 14:07:18+00:00
P01571,Doctor Consultation,2026-08-07 14:47:18+00:00
P01571,Diagnosis,2026-08-07 15:22:18+00:00
P01571,Treatment,2026-08-07 16:29:18+00:00
P01571,Pharmacy,2026-08-07 16:51:18+00:00
P01571,Billing,2026-08-07 17:37:18+00:00
P01571,Discharge,2026-08-07 17:57:18+00:00
P01573,Patient Arrival,2026-11-15 00:20:44+00:00
P01573,Registration,2026-11-15 00:29:44+00:00
P01573,Waiting,2026-11-15 01:03:44+00:00
P01573,Doctor Consultation,2026-11-15 01:56:44+00:00
P01573,Diagnosis,2026-11-15 02:42:44+00:00
P01573,Treatment,2026-11-15 03:47:44+00:00
P01573,Pharmacy,2026-11-15 04:15:44+00:00
P01573,Billing,2026-11-15 04:56:44+00:00
P01573,Discharge,2026-11-15 05:16:44+00:00
P01574,Patient Arrival,2026-05-14 21:18:00+00:00
P01574,Registration,2026-05-14 21:58:00+00:00
P01574,Waiting,2026-05-14 23:45:00+00:00
P01574,Doctor Consultation,2026-05-15 00:11:00+00:00
P01574,Blood Test,2026-05-15 00:44:00+00:00
P01574,Doctor Consultation,2026-05-15 01:31:00+00:00
P01574,Diagnosis,2026-05-15 01:54:00+00:00
P01574,Treatment,2026-05-15 03:35:00+00:00
P01574,Pharmacy,2026-05-15 04:11:00+00:00
P01574,Billing,2026-05-15 04:43:00+00:00
P01574,Discharge,2026-05-15 04:58:00+00:00
P01575,Patient Arrival,2026-02-28 09:57:37+00:00
P01575,Registration,2026-02-28 10:21:37+00:00
P01575,Waiting,2026-02-28 11:18:37+00:00
P01575,Doctor Consultation,2026-02-28 12:00:37+00:00
P01575,Doctor Consultation,2026-02-28 12:00:37+00:00
P01575,Blood Test,2026-02-28 12:15:37+00:00
P01575,Doctor Consultation,2026-02-28 12:57:37+00:00
P01575,Diagnosis,2026-02-28 13:26:37+00:00
P01575,Ward Transfer,2026-02-28 13:59:37+00:00
P01575,Treatment,2026-02-28 15:52:37+00:00
P01575,Pharmacy,2026-02-28 16:27:37+00:00
P01575,Billing,2026-02-28 16:43:37+00:00
P01575,Discharge,2026-02-28 17:22:37+00:00
P01576,Patient Arrival,2026-11-07 18:49:50+00:00
P01576,Registration,2026-11-07 19:21:50+00:00
P01576,Waiting,2026-11-07 20:46:50+00:00
P01576,Doctor Consultation,2026-11-07 21:18:50+00:00
P01576,Urine Test,2026-11-07 21:33:50+00:00
P01576,Doctor Consultation,2026-11-07 22:10:50+00:00
P01576,Diagnosis,2026-11-07 22:31:50+00:00
P01576,Ward Transfer,2026-11-07 23:10:50+00:00
P01576,Treatment,2026-11-08 00:23:50+00:00
P01576,Pharmacy,2026-11-08 00:50:50+00:00
P01576,Billing,2026-11-08 01:39:50+00:00
P01576,Discharge,2026-11-08 02:08:50+00:00
P01577,Patient Arrival,2026-12-18 12:56:57+00:00
P01577,Registration,2026-12-18 13:47:57+00:00
P01577,Waiting,2026-12-18 15:09:57+00:00
P01577,Doctor Consultation,2026-12-18 15:27:57+00:00
P01577,Diagnosis,2026-12-18 16:10:57+00:00
P01577,Treatment,2026-12-18 18:16:57+00:00
P01577,Pharmacy,2026-12-18 18:29:57+00:00
P01577,Billing,2026-12-18 19:04:57+00:00
P01577,Discharge,2026-12-18 19:33:57+00:00
P01578,Patient Arrival,2026-06-18 12:14:00+00:00
P01578,Registration,2026-06-18 12:46:00+00:00
P01578,Waiting,2026-06-18 13:56:00+00:00
P01578,Doctor Consultation,2026-06-18 14:38:00+00:00
P01578,ECG,2026-06-18 14:56:00+00:00
P01578,Doctor Consultation,2026-06-18 15:33:00+00:00
P01578,Diagnosis,2026-06-18 16:08:00+00:00
P01578,Treatment,2026-06-18 16:55:00+00:00
P01578,Pharmacy,2026-06-18 17:13:00+00:00
P01578,Billing,2026-06-18 17:53:00+00:00
P01578,Discharge,2026-06-18 18:42:00+00:00
P01584,Patient Arrival,2026-01-05 02:32:00+00:00
P01584,Registration,2026-01-05 03:12:00+00:00
P01584,Waiting,2026-01-05 03:59:00+00:00
P01584,Doctor Consultation,2026-01-05 04:25:00+00:00
P01584,Blood Test,2026-01-05 04:55:00+00:00
P01584,Doctor Consultation,2026-01-05 05:23:00+00:00
P01584,Diagnosis,2026-01-05 05:54:00+00:00
P01584,Treatment,2026-01-05 07:10:00+00:00
P01584,Pharmacy,2026-01-05 07:36:00+00:00
P01584,Billing,2026-01-05 08:15:00+00:00
P01584,Discharge,2026-01-05 08:27:00+00:00
P01585,Patient Arrival,2026-05-09 21:07:02+00:00
P01585,Registration,2026-05-09 21:52:02+00:00
P01585,Waiting,2026-05-09 23:30:02+00:00
P01585,Doctor Consultation,2026-05-10 00:02:02+00:00
P01585,Doctor Consultation,2026-05-10 00:02:02+00:00
P01585,X-Ray,2026-05-10 00:30:02+00:00
P01585,Doctor Consultation,2026-05-10 01:15:02+00:00
P01585,Diagnosis,2026-05-10 01:38:02+00:00
P01585,Ward Transfer,2026-05-10 01:51:02+00:00
P01585,Treatment,2026-05-10 04:11:02+00:00
P01585,Pharmacy,2026-05-10 04:35:02+00:00
P01585,Billing,2026-05-10 05:07:02+00:00
P01585,Discharge,2026-05-10 05:36:02+00:00
P01587,Patient Arrival,2026-07-05 05:48:09+00:00
P01587,Registration,2026-07-05 06:25:09+00:00
P01587,Waiting,2026-07-05 08:12:09+00:00
P01587,Doctor Consultation,2026-07-05 08:25:09+00:00
P01587,Urine Test,2026-07-05 08:52:09+00:00
P01587,Doctor Consultation,2026-07-05 09:33:09+00:00
P01587,Diagnosis,2026-07-05 10:09:09+00:00
P01587,Treatment,2026-07-05 11:54:09+00:00
P01587,Pharmacy,2026-07-05 12:17:09+00:00
P01587,Billing,2026-07-05 12:59:09+00:00
P01587,Discharge,2026-07-05 13:24:09+00:00
P01590,Patient Arrival,2026-06-10 11:15:47+00:00
P01590,Registration,2026-06-10 11:45:47+00:00
P01590,Waiting,2026-06-10 13:30:47+00:00
P01590,Doctor Consultation,2026-06-10 13:55:47+00:00
P01590,X-Ray,2026-06-10 14:13:47+00:00
P01590,Doctor Consultation,2026-06-10 14:52:47+00:00
P01590,Diagnosis,2026-06-10 15:11:47+00:00
P01590,Ward Transfer,2026-06-10 15:49:47+00:00
P01590,Treatment,2026-06-10 17:20:47+00:00
P01590,Pharmacy,2026-06-10 17:57:47+00:00
P01590,Billing,2026-06-10 18:32:47+00:00
P01590,Discharge,2026-06-10 19:07:47+00:00
P01591,Patient Arrival,2026-09-23 19:35:15+00:00
P01591,Registration,2026-09-23 20:23:15+00:00
P01591,Waiting,2026-09-23 21:12:15+00:00
P01591,Doctor Consultation,2026-09-23 21:52:15+00:00
P01591,X-Ray,2026-09-23 22:13:15+00:00
P01591,Doctor Consultation,2026-09-23 22:46:15+00:00
P01591,Diagnosis,2026-09-23 23:24:15+00:00
P01591,Treatment,2026-09-24 00:22:15+00:00
P01591,Pharmacy,2026-09-24 00:55:15+00:00
P01591,Billing,2026-09-24 01:47:15+00:00
P01591,Discharge,2026-09-24 02:20:15+00:00
P01593,Patient Arrival,2026-08-24 12:14:58+00:00
P01593,Registration,2026-08-24 12:41:58+00:00
P01593,Waiting,2026-08-24 13:37:58+00:00
P01593,Doctor Consultation,2026-08-24 13:48:58+00:00
P01593,Urine Test,2026-08-24 14:13:58+00:00
P01593,Doctor Consultation,2026-08-24 14:52:58+00:00
P01593,Diagnosis,2026-08-24 15:23:58+00:00
P01593,Diagnosis,2026-08-24 15:23:58+00:00
P01593,Treatment,2026-08-24 17:03:58+00:00
P01593,Pharmacy,2026-08-24 17:54:58+00:00
P01593,Billing,2026-08-24 18:37:58+00:00
P01593,Discharge,2026-08-24 19:10:58+00:00
P01595,Patient Arrival,2026-06-09 11:29:57+00:00
P01595,Registration,2026-06-09 12:05:57+00:00
P01595,Waiting,2026-06-09 12:49:57+00:00
P01595,Doctor Consultation,2026-06-09 13:27:57+00:00
P01595,X-Ray,2026-06-09 14:05:57+00:00
P01595,Doctor Consultation,2026-06-09 14:21:57+00:00
P01595,Diagnosis,2026-06-09 14:53:57+00:00
P01595,Ward Transfer,2026-06-09 15:23:57+00:00
P01595,Treatment,2026-06-09 16:19:57+00:00
P01595,Pharmacy,2026-06-09 17:07:57+00:00
P01595,Billing,2026-06-09 17:51:57+00:00
P01595,Discharge,2026-06-09 18:27:57+00:00
P01597,Patient Arrival,2026-01-06 18:31:29+00:00
P01597,Registration,2026-01-06 19:17:29+00:00
P01597,Waiting,2026-01-06 20:38:29+00:00
P01597,Doctor Consultation,2026-01-06 21:15:29+00:00
P01597,Diagnosis,2026-01-06 21:44:29+00:00
P01597,Ward Transfer,2026-01-06 21:59:29+00:00
P01597,Treatment,2026-01-06 22:41:29+00:00
P01597,Pharmacy,2026-01-06 23:07:29+00:00
P01597,Billing,2026-01-06 23:48:29+00:00
P01597,Discharge,2026-01-07 00:05:29+00:00
P01598,Patient Arrival,2026-07-03 18:19:43+00:00
P01598,Registration,2026-07-03 18:53:43+00:00
P01598,Waiting,2026-07-03 19:46:43+00:00
P01598,Doctor Consultation,2026-07-03 19:59:43+00:00
P01598,X-Ray,2026-07-03 20:35:43+00:00
P01598,Doctor Consultation,2026-07-03 20:54:43+00:00
P01598,Diagnosis,2026-07-03 21:25:43+00:00
P01598,Treatment,2026-07-03 22:41:43+00:00
P01598,Pharmacy,2026-07-03 22:54:43+00:00
P01598,Billing,2026-07-03 23:33:43+00:00
P01598,Discharge,2026-07-04 00:10:43+00:00
P01599,Patient Arrival,2026-03-16 02:51:32+00:00
P01599,Registration,2026-03-16 03:18:32+00:00
P01599,Waiting,2026-03-16 04:05:32+00:00
P01599,Doctor Consultation,2026-03-16 04:35:32+00:00
P01599,Blood Test,2026-03-16 05:14:32+00:00
P01599,Doctor Consultation,2026-03-16 05:39:32+00:00
P01599,Diagnosis,2026-03-16 06:00:32+00:00
P01599,Treatment,2026-03-16 06:40:32+00:00
P01599,Pharmacy,2026-03-16 07:28:32+00:00
P01599,Billing,2026-03-16 07:41:32+00:00
P01599,Discharge,2026-03-16 08:00:32+00:00
P01603,Patient Arrival,2026-06-12 07:00:37+00:00
P01603,Registration,2026-06-12 07:31:37+00:00
P01603,Waiting,2026-06-12 08:08:37+00:00
P01603,Doctor Consultation,2026-06-12 08:41:37+00:00
P01603,Diagnosis,2026-06-12 09:18:37+00:00
P01603,Treatment,2026-06-12 10:42:37+00:00
P01603,Pharmacy,2026-06-12 11:26:37+00:00
P01603,Billing,2026-06-12 12:11:37+00:00
P01603,Discharge,2026-06-12 12:36:37+00:00
P01604,Patient Arrival,2026-08-04 21:37:07+00:00
P01604,Registration,2026-08-04 22:12:07+00:00
P01604,Waiting,2026-08-04 23:47:07+00:00
P01604,Doctor Consultation,2026-08-04 23:59:07+00:00
P01604,Urine Test,2026-08-05 00:33:07+00:00
P01604,Doctor Consultation,2026-08-05 00:57:07+00:00
P01604,Diagnosis,2026-08-05 01:43:07+00:00
P01604,Ward Transfer,2026-08-05 02:14:07+00:00
P01604,Treatment,2026-08-05 04:16:07+00:00
P01604,Pharmacy,2026-08-05 04:57:07+00:00
P01604,Billing,2026-08-05 05:23:07+00:00
P01604,Discharge,2026-08-05 05:54:07+00:00
P01607,Patient Arrival,2026-06-24 21:51:11+00:00
P01607,Registration,2026-06-24 22:14:11+00:00
P01607,Waiting,2026-06-24 23:26:11+00:00
P01607,Doctor Consultation,2026-06-24 23:38:11+00:00
P01607,Urine Test,2026-06-25 00:08:11+00:00
P01607,Doctor Consultation,2026-06-25 00:53:11+00:00
P01607,Diagnosis,2026-06-25 01:26:11+00:00
P01607,Ward Transfer,2026-06-25 01:53:11+00:00
P01607,Treatment,2026-06-25 03:00:11+00:00
P01607,Pharmacy,2026-06-25 03:27:11+00:00
P01607,Billing,2026-06-25 03:59:11+00:00
P01607,Discharge,2026-06-25 04:44:11+00:00
P01611,Patient Arrival,2026-03-21 16:18:18+00:00
P01611,Registration,2026-03-21 16:44:18+00:00
P01611,Waiting,2026-03-21 17:44:18+00:00
P01611,Doctor Consultation,2026-03-21 18:23:18+00:00
P01611,Urine Test,2026-03-21 18:43:18+00:00
P01611,Doctor Consultation,2026-03-21 19:20:18+00:00
P01611,Diagnosis,2026-03-21 20:12:18+00:00
P01611,Ward Transfer,2026-03-21 20:54:18+00:00
P01611,Treatment,2026-03-21 22:07:18+00:00
P01611,Pharmacy,2026-03-21 22:54:18+00:00
P01611,Billing,2026-03-21 23:27:18+00:00
P01611,Discharge,2026-03-21 23:48:18+00:00
P01612,Patient Arrival,2026-05-29 17:10:45+00:00
P01612,Registration,2026-05-29 17:51:45+00:00
P01612,Waiting,2026-05-29 18:49:45+00:00
P01612,Doctor Consultation,2026-05-29 19:21:45+00:00
P01612,Urine Test,2026-05-29 19:59:45+00:00
P01612,Doctor Consultation,2026-05-29 20:25:45+00:00
P01612,Diagnosis,2026-05-29 20:54:45+00:00
P01612,Treatment,2026-05-29 22:00:45+00:00
P01612,Pharmacy,2026-05-29 22:21:45+00:00
P01612,Billing,2026-05-29 22:57:45+00:00
P01612,Discharge,2026-05-29 23:17:45+00:00
P01613,Patient Arrival,2026-08-24 21:47:08+00:00
P01613,Registration,2026-08-24 22:19:08+00:00
P01613,Waiting,2026-08-25 00:01:08+00:00
P01613,Doctor Consultation,2026-08-25 00:19:08+00:00
P01613,Diagnosis,2026-08-25 01:07:08+00:00
P01613,Treatment,2026-08-25 02:41:08+00:00
P01613,Pharmacy,2026-08-25 03:19:08+00:00
P01613,Billing,2026-08-25 03:46:08+00:00
P01613,Billing,2026-08-25 03:46:08+00:00
P01613,Discharge,2026-08-25 04:25:08+00:00
P01615,Patient Arrival,2026-11-22 01:07:05+00:00
P01615,Registration,2026-11-22 01:52:05+00:00
P01615,Waiting,2026-11-22 03:22:05+00:00
P01615,Doctor Consultation,2026-11-22 03:55:05+00:00
P01615,Blood Test,2026-11-22 04:28:05+00:00
P01615,Doctor Consultation,2026-11-22 05:08:05+00:00
P01615,Diagnosis,2026-11-22 05:40:05+00:00
P01615,Treatment,2026-11-22 06:21:05+00:00
P01615,Pharmacy,2026-11-22 06:56:05+00:00
P01615,Billing,2026-11-22 07:22:05+00:00
P01615,Discharge,2026-11-22 08:05:05+00:00
P01616,Patient Arrival,2026-10-06 21:47:35+00:00
P01616,Registration,2026-10-06 22:14:35+00:00
P01616,Waiting,2026-10-06 23:09:35+00:00
P01616,Doctor Consultation,2026-10-06 23:28:35+00:00
P01616,Diagnosis,2026-10-06 23:59:35+00:00
P01616,Treatment,2026-10-07 01:07:35+00:00
P01616,Pharmacy,2026-10-07 01:37:35+00:00
P01616,Billing,2026-10-07 01:58:35+00:00
P01616,Discharge,2026-10-07 02:17:35+00:00
P01617,Patient Arrival,2026-02-06 00:52:30+00:00
P01617,Registration,2026-02-06 01:34:30+00:00
P01617,Waiting,2026-02-06 03:02:30+00:00
P01617,Doctor Consultation,2026-02-06 03:39:30+00:00
P01617,Diagnosis,2026-02-06 03:55:30+00:00
P01617,Treatment,2026-02-06 05:55:30+00:00
P01617,Pharmacy,2026-02-06 06:21:30+00:00
P01617,Billing,2026-02-06 06:49:30+00:00
P01617,Discharge,2026-02-06 07:21:30+00:00
P01618,Patient Arrival,2026-07-24 02:49:57+00:00
P01618,Registration,2026-07-24 03:06:57+00:00
P01618,Waiting,2026-07-24 03:52:57+00:00
P01618,Doctor Consultation,2026-07-24 04:12:57+00:00
P01618,Diagnosis,2026-07-24 04:39:57+00:00
P01618,Treatment,2026-07-24 05:45:57+00:00
P01618,Pharmacy,2026-07-24 06:02:57+00:00
P01618,Billing,2026-07-24 06:40:57+00:00
P01618,Discharge,2026-07-24 07:17:57+00:00
P01620,Patient Arrival,2026-01-17 19:34:54+00:00
P01620,Registration,2026-01-17 19:58:54+00:00
P01620,Waiting,2026-01-17 21:13:54+00:00
P01620,Doctor Consultation,2026-01-17 21:33:54+00:00
P01620,Diagnosis,2026-01-17 21:54:54+00:00
P01620,Treatment,2026-01-17 23:58:54+00:00
P01620,Pharmacy,2026-01-18 00:25:54+00:00
P01620,Billing,2026-01-18 00:45:54+00:00
P01620,Discharge,2026-01-18 01:25:54+00:00
P01621,Patient Arrival,2026-01-08 20:04:35+00:00
P01621,Registration,2026-01-08 20:56:35+00:00
P01621,Waiting,2026-01-08 22:13:35+00:00
P01621,Doctor Consultation,2026-01-08 23:00:35+00:00
P01621,Diagnosis,2026-01-08 23:32:35+00:00
P01621,Treatment,2026-01-09 01:32:35+00:00
P01621,Pharmacy,2026-01-09 02:03:35+00:00
P01621,Billing,2026-01-09 02:36:35+00:00
P01621,Discharge,2026-01-09 03:03:35+00:00
P01622,Patient Arrival,2026-08-18 08:32:37+00:00
P01622,Registration,2026-08-18 09:12:37+00:00
P01622,Waiting,2026-08-18 10:35:37+00:00
P01622,Doctor Consultation,2026-08-18 11:16:37+00:00
P01622,Diagnosis,2026-08-18 11:59:37+00:00
P01622,Treatment,2026-08-18 13:59:37+00:00
P01622,Pharmacy,2026-08-18 14:47:37+00:00
P01622,Billing,2026-08-18 15:15:37+00:00
P01622,Discharge,2026-08-18 15:32:37+00:00
P01623,Patient Arrival,2026-11-19 07:34:54+00:00
P01623,Registration,2026-11-19 07:49:54+00:00
P01623,Waiting,2026-11-19 09:08:54+00:00
P01623,Doctor Consultation,2026-11-19 09:33:54+00:00
P01623,Blood Test,2026-11-19 10:05:54+00:00
P01623,Doctor Consultation,2026-11-19 10:27:54+00:00
P01623,Urine Test,2026-11-19 11:11:54+00:00
P01623,Doctor Consultation,2026-11-19 12:00:54+00:00
P01623,Diagnosis,2026-11-19 12:23:54+00:00
P01623,Treatment,2026-11-19 13:38:54+00:00
P01623,Treatment,2026-11-19 13:38:54+00:00
P01623,Pharmacy,2026-11-19 13:53:54+00:00
P01623,Billing,2026-11-19 14:31:54+00:00
P01623,Discharge,2026-11-19 14:50:54+00:00
P01625,Patient Arrival,2026-09-10 22:55:04+00:00
P01625,Registration,2026-09-10 23:24:04+00:00
P01625,Waiting,2026-09-11 01:13:04+00:00
P01625,Doctor Consultation,2026-09-11 01:45:04+00:00
P01625,Blood Test,2026-09-11 02:13:04+00:00
P01625,Doctor Consultation,2026-09-11 02:25:04+00:00
P01625,Diagnosis,2026-09-11 02:45:04+00:00
P01625,Treatment,2026-09-11 04:24:04+00:00
P01625,Pharmacy,2026-09-11 04:53:04+00:00
P01625,Billing,2026-09-11 05:15:04+00:00
P01625,Discharge,2026-09-11 05:40:04+00:00
P01628,Patient Arrival,2026-01-10 14:40:55+00:00
P01628,Registration,2026-01-10 15:08:55+00:00
P01628,Waiting,2026-01-10 16:25:55+00:00
P01628,Doctor Consultation,2026-01-10 16:59:55+00:00
P01628,X-Ray,2026-01-10 17:40:55+00:00
P01628,Doctor Consultation,2026-01-10 18:17:55+00:00
P01628,Diagnosis,2026-01-10 18:43:55+00:00
P01628,Treatment,2026-01-10 19:50:55+00:00
P01628,Pharmacy,2026-01-10 20:26:55+00:00
P01628,Billing,2026-01-10 21:04:55+00:00
P01628,Discharge,2026-01-10 21:36:55+00:00
P01630,Patient Arrival,2026-04-07 20:44:35+00:00
P01630,Registration,2026-04-07 21:03:35+00:00
P01630,Waiting,2026-04-07 21:38:35+00:00
P01630,Doctor Consultation,2026-04-07 22:13:35+00:00
P01630,Urine Test,2026-04-07 22:43:35+00:00
P01630,Doctor Consultation,2026-04-07 23:08:35+00:00
P01630,Diagnosis,2026-04-07 23:37:35+00:00
P01630,Treatment,2026-04-08 00:39:35+00:00
P01630,Pharmacy,2026-04-08 01:18:35+00:00
P01630,Billing,2026-04-08 01:36:35+00:00
P01630,Discharge,2026-04-08 02:13:35+00:00
P01633,Patient Arrival,2026-04-13 09:03:50+00:00
P01633,Registration,2026-04-13 09:11:50+00:00
P01633,Waiting,2026-04-13 10:00:50+00:00
P01633,Doctor Consultation,2026-04-13 10:44:50+00:00
P01633,Blood Test,2026-04-13 11:15:50+00:00
P01633,Doctor Consultation,2026-04-13 11:56:50+00:00
P01633,Diagnosis,2026-04-13 12:24:50+00:00
P01633,Treatment,2026-04-13 13:48:50+00:00
P01633,Pharmacy,2026-04-13 14:30:50+00:00
P01633,Billing,2026-04-13 14:49:50+00:00
P01633,Discharge,2026-04-13 15:03:50+00:00
P01638,Patient Arrival,2026-06-24 08:25:40+00:00
P01638,Registration,2026-06-24 09:02:40+00:00
P01638,Waiting,2026-06-24 10:28:40+00:00
P01638,Doctor Consultation,2026-06-24 11:06:40+00:00
P01638,ECG,2026-06-24 11:49:40+00:00
P01638,ECG,2026-06-24 11:49:40+00:00
P01638,Doctor Consultation,2026-06-24 11:59:40+00:00
P01638,Diagnosis,2026-06-24 12:43:40+00:00
P01638,Treatment,2026-06-24 14:43:40+00:00
P01638,Pharmacy,2026-06-24 15:19:40+00:00
P01638,Billing,2026-06-24 15:40:40+00:00
P01638,Discharge,2026-06-24 15:53:40+00:00
P01640,Patient Arrival,2026-05-26 07:25:17+00:00
P01640,Registration,2026-05-26 08:01:17+00:00
P01640,Waiting,2026-05-26 09:39:17+00:00
P01640,Doctor Consultation,2026-05-26 10:30:17+00:00
P01640,X-Ray,2026-05-26 11:00:17+00:00
P01640,Doctor Consultation,2026-05-26 11:40:17+00:00
P01640,Diagnosis,2026-05-26 12:30:17+00:00
P01640,Treatment,2026-05-26 14:37:17+00:00
P01640,Pharmacy,2026-05-26 15:27:17+00:00
P01640,Billing,2026-05-26 15:53:17+00:00
P01640,Discharge,2026-05-26 16:22:17+00:00
P01645,Patient Arrival,2026-06-04 06:29:05+00:00
P01645,Registration,2026-06-04 07:05:05+00:00
P01645,Waiting,2026-06-04 08:02:05+00:00
P01645,Doctor Consultation,2026-06-04 08:47:05+00:00
P01645,Blood Test,2026-06-04 09:16:05+00:00
P01645,Doctor Consultation,2026-06-04 09:25:05+00:00
P01645,Diagnosis,2026-06-04 09:52:05+00:00
P01645,Ward Transfer,2026-06-04 10:40:05+00:00
P01645,Treatment,2026-06-04 12:40:05+00:00
P01645,Pharmacy,2026-06-04 13:20:05+00:00
P01645,Billing,2026-06-04 14:10:05+00:00
P01645,Discharge,2026-06-04 14:38:05+00:00
P01646,Patient Arrival,2026-08-03 02:56:08+00:00
P01646,Registration,2026-08-03 03:33:08+00:00
P01646,Waiting,2026-08-03 04:41:08+00:00
P01646,Doctor Consultation,2026-08-03 04:59:08+00:00
P01646,X-Ray,2026-08-03 05:47:08+00:00
P01646,Doctor Consultation,2026-08-03 06:15:08+00:00
P01646,Diagnosis,2026-08-03 06:26:08+00:00
P01646,Treatment,2026-08-03 07:11:08+00:00
P01646,Pharmacy,2026-08-03 07:33:08+00:00
P01646,Billing,2026-08-03 07:46:08+00:00
P01646,Billing,2026-08-03 07:46:08+00:00
P01646,Discharge,2026-08-03 08:18:08+00:00
P01647,Patient Arrival,2026-11-22 04:56:14+00:00
P01647,Registration,2026-11-22 05:29:14+00:00
P01647,Waiting,2026-11-22 06:51:14+00:00
P01647,Doctor Consultation,2026-11-22 07:32:14+00:00
P01647,Blood Test,2026-11-22 08:10:14+00:00
P01647,Doctor Consultation,2026-11-22 08:44:14+00:00
P01647,Diagnosis,2026-11-22 09:08:14+00:00
P01647,Treatment,2026-11-22 10:28:14+00:00
P01647,Pharmacy,2026-11-22 10:50:14+00:00
P01647,Billing,2026-11-22 11:25:14+00:00
P01647,Discharge,2026-11-22 12:00:14+00:00
P01648,Patient Arrival,2026-06-08 19:17:16+00:00
P01648,Registration,2026-06-08 19:49:16+00:00
P01648,Waiting,2026-06-08 21:40:16+00:00
P01648,Doctor Consultation,2026-06-08 22:11:16+00:00
P01648,Blood Test,2026-06-08 22:59:16+00:00
P01648,Blood Test,2026-06-08 22:59:16+00:00
P01648,Doctor Consultation,2026-06-08 23:22:16+00:00
P01648,Diagnosis,2026-06-08 23:59:16+00:00
P01648,Treatment,2026-06-09 01:59:16+00:00
P01648,Pharmacy,2026-06-09 02:29:16+00:00
P01648,Billing,2026-06-09 02:56:16+00:00
P01648,Discharge,2026-06-09 03:03:16+00:00
P01651,Patient Arrival,2026-11-18 18:37:07+00:00
P01651,Registration,2026-11-18 19:09:07+00:00
P01651,Waiting,2026-11-18 20:41:07+00:00
P01651,Doctor Consultation,2026-11-18 20:54:07+00:00
P01651,Blood Test,2026-11-18 21:33:07+00:00
P01651,Doctor Consultation,2026-11-18 21:54:07+00:00
P01651,Diagnosis,2026-11-18 22:34:07+00:00
P01651,Treatment,2026-11-19 00:06:07+00:00
P01651,Pharmacy,2026-11-19 00:37:07+00:00
P01651,Billing,2026-11-19 01:06:07+00:00
P01651,Discharge,2026-11-19 01:29:07+00:00
P01655,Patient Arrival,2026-01-11 22:53:59+00:00
P01655,Registration,2026-01-11 23:26:59+00:00
P01655,Waiting,2026-01-12 00:37:59+00:00
P01655,Doctor Consultation,2026-01-12 01:12:59+00:00
P01655,Diagnosis,2026-01-12 01:36:59+00:00
P01655,Ward Transfer,2026-01-12 02:02:59+00:00
P01655,Treatment,2026-01-12 03:47:59+00:00
P01655,Pharmacy,2026-01-12 04:07:59+00:00
P01655,Billing,2026-01-12 04:32:59+00:00
P01655,Discharge,2026-01-12 04:49:59+00:00
P01656,Patient Arrival,2026-11-19 22:23:59+00:00
P01656,Registration,2026-11-19 23:00:59+00:00
P01656,Waiting,2026-11-20 00:00:59+00:00
P01656,Doctor Consultation,2026-11-20 00:40:59+00:00
P01656,Blood Test,2026-11-20 01:01:59+00:00
P01656,Doctor Consultation,2026-11-20 01:37:59+00:00
P01656,Diagnosis,2026-11-20 01:47:59+00:00
P01656,Treatment,2026-11-20 03:21:59+00:00
P01656,Pharmacy,2026-11-20 03:54:59+00:00
P01656,Billing,2026-11-20 04:36:59+00:00
P01656,Billing,2026-11-20 04:36:59+00:00
P01656,Discharge,2026-11-20 05:23:59+00:00
P01657,Patient Arrival,2026-05-01 15:59:18+00:00
P01657,Registration,2026-05-01 16:25:18+00:00
P01657,Waiting,2026-05-01 17:40:18+00:00
P01657,Doctor Consultation,2026-05-01 17:54:18+00:00
P01657,Urine Test,2026-05-01 18:43:18+00:00
P01657,Doctor Consultation,2026-05-01 19:22:18+00:00
P01657,Diagnosis,2026-05-01 20:03:18+00:00
P01657,Ward Transfer,2026-05-01 20:44:18+00:00
P01657,Ward Transfer,2026-05-01 20:44:18+00:00
P01657,Treatment,2026-05-01 21:59:18+00:00
P01657,Pharmacy,2026-05-01 22:20:18+00:00
P01657,Billing,2026-05-01 22:48:18+00:00
P01657,Discharge,2026-05-01 23:20:18+00:00
P01661,Patient Arrival,2026-07-09 04:41:17+00:00
P01661,Registration,2026-07-09 05:15:17+00:00
P01661,Waiting,2026-07-09 06:19:17+00:00
P01661,Doctor Consultation,2026-07-09 06:41:17+00:00
P01661,Urine Test,2026-07-09 07:12:17+00:00
P01661,Doctor Consultation,2026-07-09 07:42:17+00:00
P01661,Diagnosis,2026-07-09 08:13:17+00:00
P01661,Ward Transfer,2026-07-09 08:45:17+00:00
P01661,Treatment,2026-07-09 09:39:17+00:00
P01661,Pharmacy,2026-07-09 10:02:17+00:00
P01661,Billing,2026-07-09 10:39:17+00:00
P01661,Discharge,2026-07-09 11:18:17+00:00
P01662,Patient Arrival,2026-09-23 14:43:48+00:00
P01662,Registration,2026-09-23 15:12:48+00:00
P01662,Waiting,2026-09-23 16:43:48+00:00
P01662,Doctor Consultation,2026-09-23 17:30:48+00:00
P01662,ECG,2026-09-23 17:45:48+00:00
P01662,Doctor Consultation,2026-09-23 18:16:48+00:00
P01662,Diagnosis,2026-09-23 18:39:48+00:00
P01662,Treatment,2026-09-23 20:51:48+00:00
P01662,Pharmacy,2026-09-23 21:24:48+00:00
P01662,Billing,2026-09-23 22:03:48+00:00
P01662,Discharge,2026-09-23 22:46:48+00:00
P01665,Patient Arrival,2026-01-26 16:12:41+00:00
P01665,Registration,2026-01-26 17:02:41+00:00
P01665,Waiting,2026-01-26 17:59:41+00:00
P01665,Doctor Consultation,2026-01-26 18:29:41+00:00
P01665,ECG,2026-01-26 18:46:41+00:00
P01665,Doctor Consultation,2026-01-26 19:27:41+00:00
P01665,Diagnosis,2026-01-26 19:55:41+00:00
P01665,Treatment,2026-01-26 21:23:41+00:00
P01665,Pharmacy,2026-01-26 22:01:41+00:00
P01665,Billing,2026-01-26 22:23:41+00:00
P01665,Discharge,2026-01-26 22:50:41+00:00
P01669,Patient Arrival,2026-08-16 18:27:04+00:00
P01669,Registration,2026-08-16 19:14:04+00:00
P01669,Waiting,2026-08-16 19:57:04+00:00
P01669,Doctor Consultation,2026-08-16 20:38:04+00:00
P01669,Diagnosis,2026-08-16 21:16:04+00:00
P01669,Treatment,2026-08-16 21:58:04+00:00
P01669,Pharmacy,2026-08-16 22:42:04+00:00
P01669,Billing,2026-08-16 23:03:04+00:00
P01669,Discharge,2026-08-16 23:36:04+00:00
P01670,Patient Arrival,2026-03-15 15:05:14+00:00
P01670,Registration,2026-03-15 15:26:14+00:00
P01670,Waiting,2026-03-15 17:23:14+00:00
P01670,Doctor Consultation,2026-03-15 17:47:14+00:00
P01670,X-Ray,2026-03-15 18:27:14+00:00
P01670,Doctor Consultation,2026-03-15 19:01:14+00:00
P01670,Diagnosis,2026-03-15 19:53:14+00:00
P01670,Treatment,2026-03-15 21:29:14+00:00
P01670,Pharmacy,2026-03-15 21:50:14+00:00
P01670,Billing,2026-03-15 22:01:14+00:00
P01670,Discharge,2026-03-15 22:24:14+00:00
P01674,Patient Arrival,2026-12-04 01:12:25+00:00
P01674,Registration,2026-12-04 01:58:25+00:00
P01674,Waiting,2026-12-04 03:19:25+00:00
P01674,Doctor Consultation,2026-12-04 03:36:25+00:00
P01674,Diagnosis,2026-12-04 04:20:25+00:00
P01674,Treatment,2026-12-04 06:03:25+00:00
P01674,Pharmacy,2026-12-04 06:42:25+00:00
P01674,Billing,2026-12-04 06:49:25+00:00
P01674,Discharge,2026-12-04 07:19:25+00:00
P01676,Patient Arrival,2026-02-26 21:12:10+00:00
P01676,Patient Arrival,2026-02-26 21:12:10+00:00
P01676,Registration,2026-02-26 21:39:10+00:00
P01676,Waiting,2026-02-26 22:31:10+00:00
P01676,Doctor Consultation,2026-02-26 22:53:10+00:00
P01676,Doctor Consultation,2026-02-26 22:53:10+00:00
P01676,Urine Test,2026-02-26 23:39:10+00:00
P01676,Doctor Consultation,2026-02-27 00:15:10+00:00
P01676,Diagnosis,2026-02-27 00:37:10+00:00
P01676,Ward Transfer,2026-02-27 01:18:10+00:00
P01676,Treatment,2026-02-27 02:20:10+00:00
P01676,Pharmacy,2026-02-27 02:47:10+00:00
P01676,Billing,2026-02-27 03:25:10+00:00
P01676,Discharge,2026-02-27 03:55:10+00:00
P01678,Patient Arrival,2026-08-06 21:41:39+00:00
P01678,Registration,2026-08-06 22:22:39+00:00
P01678,Waiting,2026-08-06 23:28:39+00:00
P01678,Doctor Consultation,2026-08-06 23:39:39+00:00
P01678,Urine Test,2026-08-07 00:27:39+00:00
P01678,Doctor Consultation,2026-08-07 00:57:39+00:00
P01678,Diagnosis,2026-08-07 01:16:39+00:00
P01678,Treatment,2026-08-07 03:05:39+00:00
P01678,Pharmacy,2026-08-07 03:26:39+00:00
P01678,Billing,2026-08-07 03:46:39+00:00
P01678,Discharge,2026-08-07 04:32:39+00:00
P01681,Patient Arrival,2026-07-21 09:45:01+00:00
P01681,Registration,2026-07-21 10:20:01+00:00
P01681,Waiting,2026-07-21 11:38:01+00:00
P01681,Doctor Consultation,2026-07-21 11:52:01+00:00
P01681,X-Ray,2026-07-21 12:12:01+00:00
P01681,Doctor Consultation,2026-07-21 12:53:01+00:00
P01681,Diagnosis,2026-07-21 13:06:01+00:00
P01681,Ward Transfer,2026-07-21 13:29:01+00:00
P01681,Treatment,2026-07-21 15:07:01+00:00
P01681,Pharmacy,2026-07-21 15:41:01+00:00
P01681,Billing,2026-07-21 16:09:01+00:00
P01681,Discharge,2026-07-21 16:46:01+00:00
P01683,Patient Arrival,2026-03-09 16:34:02+00:00
P01683,Registration,2026-03-09 17:10:02+00:00
P01683,Waiting,2026-03-09 19:00:02+00:00
P01683,Doctor Consultation,2026-03-09 19:45:02+00:00
P01683,Doctor Consultation,2026-03-09 19:45:02+00:00
P01683,Diagnosis,2026-03-09 20:02:02+00:00
P01683,Treatment,2026-03-09 21:34:02+00:00
P01683,Pharmacy,2026-03-09 22:26:02+00:00
P01683,Billing,2026-03-09 23:08:02+00:00
P01683,Discharge,2026-03-09 23:41:02+00:00
P01684,Patient Arrival,2026-09-09 19:37:34+00:00
P01684,Registration,2026-09-09 20:00:34+00:00
P01684,Waiting,2026-09-09 21:05:34+00:00
P01684,Doctor Consultation,2026-09-09 21:35:34+00:00
P01684,Urine Test,2026-09-09 21:53:34+00:00
P01684,Doctor Consultation,2026-09-09 22:10:34+00:00
P01684,Diagnosis,2026-09-09 22:44:34+00:00
P01684,Ward Transfer,2026-09-09 23:38:34+00:00
P01684,Treatment,2026-09-10 01:49:34+00:00
P01684,Pharmacy,2026-09-10 02:14:34+00:00
P01684,Billing,2026-09-10 02:33:34+00:00
P01684,Billing,2026-09-10 02:33:34+00:00
P01684,Discharge,2026-09-10 03:14:34+00:00
P01685,Patient Arrival,2026-04-10 06:29:56+00:00
P01685,Registration,2026-04-10 06:52:56+00:00
P01685,Waiting,2026-04-10 08:04:56+00:00
P01685,Doctor Consultation,2026-04-10 08:43:56+00:00
P01685,Diagnosis,2026-04-10 09:22:56+00:00
P01685,Ward Transfer,2026-04-10 09:45:56+00:00
P01685,Treatment,2026-04-10 11:09:56+00:00
P01685,Pharmacy,2026-04-10 11:49:56+00:00
P01685,Billing,2026-04-10 12:13:56+00:00
P01685,Discharge,2026-04-10 12:41:56+00:00
P01689,Patient Arrival,2026-04-15 14:35:09+00:00
P01689,Registration,2026-04-15 15:02:09+00:00
P01689,Waiting,2026-04-15 16:02:09+00:00
P01689,Doctor Consultation,2026-04-15 16:15:09+00:00
P01689,Diagnosis,2026-04-15 16:27:09+00:00
P01689,Treatment,2026-04-15 18:15:09+00:00
P01689,Pharmacy,2026-04-15 18:39:09+00:00
P01689,Billing,2026-04-15 19:19:09+00:00
P01689,Discharge,2026-04-15 20:03:09+00:00
P01691,Patient Arrival,2026-10-20 07:09:57+00:00
P01691,Registration,2026-10-20 07:56:57+00:00
P01691,Waiting,2026-10-20 09:13:57+00:00
P01691,Doctor Consultation,2026-10-20 09:59:57+00:00
P01691,Blood Test,2026-10-20 10:27:57+00:00
P01691,Doctor Consultation,2026-10-20 10:38:57+00:00
P01691,Diagnosis,2026-10-20 11:13:57+00:00
P01691,Treatment,2026-10-20 12:08:57+00:00
P01691,Pharmacy,2026-10-20 12:23:57+00:00
P01691,Billing,2026-10-20 12:49:57+00:00
P01691,Discharge,2026-10-20 13:05:57+00:00
P01692,Patient Arrival,2026-03-09 01:52:11+00:00
P01692,Registration,2026-03-09 02:24:11+00:00
P01692,Waiting,2026-03-09 03:42:11+00:00
P01692,Doctor Consultation,2026-03-09 04:06:11+00:00
P01692,Urine Test,2026-03-09 04:40:11+00:00
P01692,Doctor Consultation,2026-03-09 05:16:11+00:00
P01692,Diagnosis,2026-03-09 05:37:11+00:00
P01692,Ward Transfer,2026-03-09 06:09:11+00:00
P01692,Treatment,2026-03-09 07:32:11+00:00
P01692,Pharmacy,2026-03-09 08:07:11+00:00
P01692,Billing,2026-03-09 08:50:11+00:00
P01692,Discharge,2026-03-09 09:19:11+00:00
P01694,Patient Arrival,2026-12-23 17:08:23+00:00
P01694,Registration,2026-12-23 17:24:23+00:00
P01694,Waiting,2026-12-23 17:52:23+00:00
P01694,Doctor Consultation,2026-12-23 18:21:23+00:00
P01694,X-Ray,2026-12-23 18:59:23+00:00
P01694,Doctor Consultation,2026-12-23 19:28:23+00:00
P01694,Diagnosis,2026-12-23 20:23:23+00:00
P01694,Treatment,2026-12-23 21:25:23+00:00
P01694,Pharmacy,2026-12-23 21:54:23+00:00
P01694,Billing,2026-12-23 22:25:23+00:00
P01694,Discharge,2026-12-23 22:56:23+00:00
P01695,Patient Arrival,2026-06-23 15:23:40+00:00
P01695,Registration,2026-06-23 15:40:40+00:00
P01695,Waiting,2026-06-23 16:53:40+00:00
P01695,Doctor Consultation,2026-06-23 17:17:40+00:00
P01695,ECG,2026-06-23 17:44:40+00:00
P01695,Doctor Consultation,2026-06-23 18:08:40+00:00
P01695,Diagnosis,2026-06-23 18:50:40+00:00
P01695,Ward Transfer,2026-06-23 19:14:40+00:00
P01695,Treatment,2026-06-23 20:37:40+00:00
P01695,Pharmacy,2026-06-23 21:26:40+00:00
P01695,Billing,2026-06-23 21:42:40+00:00
P01695,Discharge,2026-06-23 22:13:40+00:00
P01698,Patient Arrival,2026-09-29 19:12:20+00:00
P01698,Registration,2026-09-29 20:04:20+00:00
P01698,Waiting,2026-09-29 21:51:20+00:00
P01698,Doctor Consultation,2026-09-29 22:15:20+00:00
P01698,Diagnosis,2026-09-29 22:42:20+00:00
P01698,Treatment,2026-09-30 00:03:20+00:00
P01698,Pharmacy,2026-09-30 00:37:20+00:00
P01698,Billing,2026-09-30 01:01:20+00:00
P01698,Discharge,2026-09-30 01:24:20+00:00
P01699,Patient Arrival,2026-04-24 05:55:22+00:00
P01699,Registration,2026-04-24 06:24:22+00:00
P01699,Waiting,2026-04-24 07:56:22+00:00
P01699,Doctor Consultation,2026-04-24 08:19:22+00:00
P01699,Doctor Consultation,2026-04-24 08:19:22+00:00
P01699,Blood Test,2026-04-24 08:34:22+00:00
P01699,Doctor Consultation,2026-04-24 09:02:22+00:00
P01699,Diagnosis,2026-04-24 09:29:22+00:00
P01699,Treatment,2026-04-24 10:10:22+00:00
P01699,Pharmacy,2026-04-24 10:32:22+00:00
P01699,Billing,2026-04-24 10:50:22+00:00
P01699,Discharge,2026-04-24 11:04:22+00:00
P01701,Patient Arrival,2026-12-20 10:39:48+00:00
P01701,Registration,2026-12-20 11:07:48+00:00
P01701,Waiting,2026-12-20 12:25:48+00:00
P01701,Doctor Consultation,2026-12-20 13:12:48+00:00
P01701,Urine Test,2026-12-20 13:35:48+00:00
P01701,Doctor Consultation,2026-12-20 14:10:48+00:00
P01701,Diagnosis,2026-12-20 14:47:48+00:00
P01701,Treatment,2026-12-20 15:50:48+00:00
P01701,Pharmacy,2026-12-20 16:17:48+00:00
P01701,Billing,2026-12-20 16:42:48+00:00
P01701,Discharge,2026-12-20 17:22:48+00:00
P01702,Patient Arrival,2026-03-07 19:32:19+00:00
P01702,Registration,2026-03-07 20:23:19+00:00
P01702,Waiting,2026-03-07 21:24:19+00:00
P01702,Doctor Consultation,2026-03-07 22:14:19+00:00
P01702,X-Ray,2026-03-07 22:40:19+00:00
P01702,Doctor Consultation,2026-03-07 23:06:19+00:00
P01702,Diagnosis,2026-03-07 23:21:19+00:00
P01702,Ward Transfer,2026-03-07 23:46:19+00:00
P01702,Treatment,2026-03-08 01:47:19+00:00
P01702,Pharmacy,2026-03-08 02:12:19+00:00
P01702,Billing,2026-03-08 02:39:19+00:00
P01702,Discharge,2026-03-08 03:15:19+00:00
P01704,Patient Arrival,2026-06-26 07:37:21+00:00
P01704,Registration,2026-06-26 08:27:21+00:00
P01704,Waiting,2026-06-26 09:35:21+00:00
P01704,Doctor Consultation,2026-06-26 09:50:21+00:00
P01704,ECG,2026-06-26 10:20:21+00:00
P01704,Doctor Consultation,2026-06-26 10:32:21+00:00
P01704,Diagnosis,2026-06-26 10:49:21+00:00
P01704,Treatment,2026-06-26 12:00:21+00:00
P01704,Pharmacy,2026-06-26 12:54:21+00:00
P01704,Billing,2026-06-26 13:11:21+00:00
P01704,Discharge,2026-06-26 13:21:21+00:00
P01706,Patient Arrival,2026-08-02 03:31:26+00:00
P01706,Registration,2026-08-02 04:04:26+00:00
P01706,Waiting,2026-08-02 05:14:26+00:00
P01706,Doctor Consultation,2026-08-02 05:56:26+00:00
P01706,Urine Test,2026-08-02 06:26:26+00:00
P01706,Doctor Consultation,2026-08-02 06:48:26+00:00
P01706,Diagnosis,2026-08-02 07:10:26+00:00
P01706,Ward Transfer,2026-08-02 07:44:26+00:00
P01706,Treatment,2026-08-02 09:09:26+00:00
P01706,Pharmacy,2026-08-02 09:26:26+00:00
P01706,Billing,2026-08-02 09:49:26+00:00
P01706,Discharge,2026-08-02 10:33:26+00:00
P01707,Patient Arrival,2026-11-01 12:16:38+00:00
P01707,Registration,2026-11-01 12:56:38+00:00
P01707,Waiting,2026-11-01 14:08:38+00:00
P01707,Doctor Consultation,2026-11-01 14:17:38+00:00
P01707,X-Ray,2026-11-01 14:42:38+00:00
P01707,Doctor Consultation,2026-11-01 14:59:38+00:00
P01707,Diagnosis,2026-11-01 15:35:38+00:00
P01707,Treatment,2026-11-01 17:23:38+00:00
P01707,Pharmacy,2026-11-01 18:07:38+00:00
P01707,Billing,2026-11-01 18:37:38+00:00
P01707,Discharge,2026-11-01 19:11:38+00:00
P01709,Patient Arrival,2026-01-23 10:15:51+00:00
P01709,Registration,2026-01-23 10:45:51+00:00
P01709,Waiting,2026-01-23 11:53:51+00:00
P01709,Doctor Consultation,2026-01-23 12:26:51+00:00
P01709,Doctor Consultation,2026-01-23 12:26:51+00:00
P01709,Diagnosis,2026-01-23 12:59:51+00:00
P01709,Ward Transfer,2026-01-23 13:20:51+00:00
P01709,Treatment,2026-01-23 14:23:51+00:00
P01709,Pharmacy,2026-01-23 14:43:51+00:00
P01709,Billing,2026-01-23 15:12:51+00:00
P01709,Discharge,2026-01-23 15:38:51+00:00
P01719,Patient Arrival,2026-01-17 02:22:53+00:00
P01719,Registration,2026-01-17 02:47:53+00:00
P01719,Waiting,2026-01-17 04:30:53+00:00
P01719,Doctor Consultation,2026-01-17 05:14:53+00:00
P01719,ECG,2026-01-17 05:33:53+00:00
P01719,Doctor Consultation,2026-01-17 06:12:53+00:00
P01719,Diagnosis,2026-01-17 06:28:53+00:00
P01719,Treatment,2026-01-17 07:05:53+00:00
P01719,Pharmacy,2026-01-17 07:35:53+00:00
P01719,Billing,2026-01-17 07:56:53+00:00
P01719,Discharge,2026-01-17 08:39:53+00:00
P01720,Patient Arrival,2026-02-27 00:43:01+00:00
P01720,Registration,2026-02-27 01:21:01+00:00
P01720,Waiting,2026-02-27 02:41:01+00:00
P01720,Doctor Consultation,2026-02-27 03:14:01+00:00
P01720,Urine Test,2026-02-27 03:53:01+00:00
P01720,Doctor Consultation,2026-02-27 04:10:01+00:00
P01720,Diagnosis,2026-02-27 04:49:01+00:00
P01720,Ward Transfer,2026-02-27 05:17:01+00:00
P01720,Treatment,2026-02-27 06:59:01+00:00
P01720,Pharmacy,2026-02-27 07:23:01+00:00
P01720,Billing,2026-02-27 08:17:01+00:00
P01720,Discharge,2026-02-27 08:57:01+00:00
P01721,Patient Arrival,2026-08-27 09:16:05+00:00
P01721,Registration,2026-08-27 09:43:05+00:00
P01721,Waiting,2026-08-27 11:31:05+00:00
P01721,Doctor Consultation,2026-08-27 12:19:05+00:00
P01721,Diagnosis,2026-08-27 12:28:05+00:00
P01721,Treatment,2026-08-27 13:37:05+00:00
P01721,Pharmacy,2026-08-27 14:00:05+00:00
P01721,Billing,2026-08-27 14:52:05+00:00
P01721,Discharge,2026-08-27 15:02:05+00:00
P01723,Patient Arrival,2026-03-01 21:36:21+00:00
P01723,Registration,2026-03-01 22:06:21+00:00
P01723,Waiting,2026-03-01 22:58:21+00:00
P01723,Doctor Consultation,2026-03-01 23:34:21+00:00
P01723,Diagnosis,2026-03-02 00:15:21+00:00
P01723,Ward Transfer,2026-03-02 00:33:21+00:00
P01723,Treatment,2026-03-02 02:39:21+00:00
P01723,Pharmacy,2026-03-02 03:00:21+00:00
P01723,Pharmacy,2026-03-02 03:00:21+00:00
P01723,Billing,2026-03-02 03:48:21+00:00
P01723,Discharge,2026-03-02 04:25:21+00:00
P01724,Patient Arrival,2026-03-18 14:39:04+00:00
P01724,Registration,2026-03-18 15:03:04+00:00
P01724,Waiting,2026-03-18 15:50:04+00:00
P01724,Doctor Consultation,2026-03-18 16:03:04+00:00
P01724,Urine Test,2026-03-18 16:38:04+00:00
P01724,Doctor Consultation,2026-03-18 16:58:04+00:00
P01724,Diagnosis,2026-03-18 17:21:04+00:00
P01724,Treatment,2026-03-18 18:41:04+00:00
P01724,Pharmacy,2026-03-18 19:30:04+00:00
P01724,Billing,2026-03-18 19:58:04+00:00
P01724,Discharge,2026-03-18 20:39:04+00:00
P01727,Patient Arrival,2026-02-01 09:41:12+00:00
P01727,Registration,2026-02-01 10:11:12+00:00
P01727,Waiting,2026-02-01 11:13:12+00:00
P01727,Doctor Consultation,2026-02-01 11:46:12+00:00
P01727,Diagnosis,2026-02-01 12:28:12+00:00
P01727,Ward Transfer,2026-02-01 12:54:12+00:00
P01727,Treatment,2026-02-01 14:29:12+00:00
P01727,Pharmacy,2026-02-01 14:52:12+00:00
P01727,Billing,2026-02-01 15:22:12+00:00
P01727,Discharge,2026-02-01 15:48:12+00:00
P01733,Patient Arrival,2026-05-03 06:57:28+00:00
P01733,Registration,2026-05-03 07:31:28+00:00
P01733,Waiting,2026-05-03 09:07:28+00:00
P01733,Doctor Consultation,2026-05-03 09:57:28+00:00
P01733,ECG,2026-05-03 10:06:28+00:00
P01733,Doctor Consultation,2026-05-03 10:28:28+00:00
P01733,Blood Test,2026-05-03 10:38:28+00:00
P01733,Doctor Consultation,2026-05-03 11:05:28+00:00
P01733,Diagnosis,2026-05-03 11:35:28+00:00
P01733,Treatment,2026-05-03 12:37:28+00:00
P01733,Pharmacy,2026-05-03 13:29:28+00:00
P01733,Billing,2026-05-03 14:01:28+00:00
P01733,Discharge,2026-05-03 14:19:28+00:00
P01734,Patient Arrival,2026-05-25 04:31:33+00:00
P01734,Registration,2026-05-25 04:58:33+00:00
P01734,Waiting,2026-05-25 06:26:33+00:00
P01734,Doctor Consultation,2026-05-25 06:48:33+00:00
P01734,Diagnosis,2026-05-25 07:27:33+00:00
P01734,Treatment,2026-05-25 09:26:33+00:00
P01734,Pharmacy,2026-05-25 09:57:33+00:00
P01734,Billing,2026-05-25 10:13:33+00:00
P01734,Discharge,2026-05-25 10:51:33+00:00
P01736,Patient Arrival,2026-02-02 13:00:56+00:00
P01736,Registration,2026-02-02 13:38:56+00:00
P01736,Waiting,2026-02-02 14:12:56+00:00
P01736,Doctor Consultation,2026-02-02 14:35:56+00:00
P01736,Urine Test,2026-02-02 15:07:56+00:00
P01736,Doctor Consultation,2026-02-02 15:41:56+00:00
P01736,Diagnosis,2026-02-02 16:32:56+00:00
P01736,Ward Transfer,2026-02-02 16:54:56+00:00
P01736,Treatment,2026-02-02 18:41:56+00:00
P01736,Pharmacy,2026-02-02 19:04:56+00:00
P01736,Billing,2026-02-02 19:51:56+00:00
P01736,Discharge,2026-02-02 20:17:56+00:00
P01737,Patient Arrival,2026-01-21 07:02:21+00:00
P01737,Registration,2026-01-21 07:16:21+00:00
P01737,Waiting,2026-01-21 08:09:21+00:00
P01737,Doctor Consultation,2026-01-21 08:37:21+00:00
P01737,Blood Test,2026-01-21 09:14:21+00:00
P01737,Doctor Consultation,2026-01-21 09:47:21+00:00
P01737,Diagnosis,2026-01-21 10:32:21+00:00
P01737,Treatment,2026-01-21 11:48:21+00:00
P01737,Pharmacy,2026-01-21 12:16:21+00:00
P01737,Billing,2026-01-21 12:36:21+00:00
P01737,Discharge,2026-01-21 13:12:21+00:00
P01743,Patient Arrival,2026-12-28 17:41:41+00:00
P01743,Registration,2026-12-28 18:28:41+00:00
P01743,Waiting,2026-12-28 19:14:41+00:00
P01743,Doctor Consultation,2026-12-28 19:46:41+00:00
P01743,Diagnosis,2026-12-28 20:11:41+00:00
P01743,Ward Transfer,2026-12-28 20:35:41+00:00
P01743,Treatment,2026-12-28 21:37:41+00:00
P01743,Pharmacy,2026-12-28 22:15:41+00:00
P01743,Billing,2026-12-28 22:52:41+00:00
P01743,Discharge,2026-12-28 23:36:41+00:00
P01744,Patient Arrival,2026-01-24 04:12:18+00:00
P01744,Registration,2026-01-24 04:45:18+00:00
P01744,Waiting,2026-01-24 06:03:18+00:00
P01744,Doctor Consultation,2026-01-24 06:26:18+00:00
P01744,Urine Test,2026-01-24 06:52:18+00:00
P01744,Doctor Consultation,2026-01-24 07:36:18+00:00
P01744,Diagnosis,2026-01-24 08:08:18+00:00
P01744,Treatment,2026-01-24 08:58:18+00:00
P01744,Pharmacy,2026-01-24 09:29:18+00:00
P01744,Billing,2026-01-24 10:01:18+00:00
P01744,Discharge,2026-01-24 10:25:18+00:00
P01749,Patient Arrival,2026-03-06 02:58:37+00:00
P01749,Registration,2026-03-06 03:27:37+00:00
P01749,Waiting,2026-03-06 04:31:37+00:00
P01749,Doctor Consultation,2026-03-06 04:50:37+00:00
P01749,Urine Test,2026-03-06 05:23:37+00:00
P01749,Urine Test,2026-03-06 05:23:37+00:00
P01749,Doctor Consultation,2026-03-06 05:52:37+00:00
P01749,Diagnosis,2026-03-06 06:29:37+00:00
P01749,Ward Transfer,2026-03-06 07:01:37+00:00
P01749,Treatment,2026-03-06 08:27:37+00:00
P01749,Pharmacy,2026-03-06 08:54:37+00:00
P01749,Billing,2026-03-06 09:25:37+00:00
P01749,Discharge,2026-03-06 09:50:37+00:00
P01751,Patient Arrival,2026-05-26 05:30:04+00:00
P01751,Registration,2026-05-26 05:59:04+00:00
P01751,Waiting,2026-05-26 06:53:04+00:00
P01751,Doctor Consultation,2026-05-26 07:44:04+00:00
P01751,ECG,2026-05-26 08:09:04+00:00
P01751,Doctor Consultation,2026-05-26 08:54:04+00:00
P01751,Diagnosis,2026-05-26 09:19:04+00:00
P01751,Treatment,2026-05-26 10:58:04+00:00
P01751,Pharmacy,2026-05-26 11:28:04+00:00
P01751,Billing,2026-05-26 11:55:04+00:00
P01751,Discharge,2026-05-26 12:21:04+00:00
P01754,Patient Arrival,2026-05-10 12:37:25+00:00
P01754,Registration,2026-05-10 13:12:25+00:00
P01754,Waiting,2026-05-10 14:02:25+00:00
P01754,Doctor Consultation,2026-05-10 14:21:25+00:00
P01754,Urine Test,2026-05-10 14:56:25+00:00
P01754,Doctor Consultation,2026-05-10 15:15:25+00:00
P01754,Diagnosis,2026-05-10 15:51:25+00:00
P01754,Treatment,2026-05-10 17:40:25+00:00
P01754,Pharmacy,2026-05-10 18:18:25+00:00
P01754,Billing,2026-05-10 18:50:25+00:00
P01754,Discharge,2026-05-10 19:05:25+00:00
P01755,Patient Arrival,2026-08-25 18:28:31+00:00
P01755,Registration,2026-08-25 19:21:31+00:00
P01755,Waiting,2026-08-25 21:16:31+00:00
P01755,Doctor Consultation,2026-08-25 21:48:31+00:00
P01755,Urine Test,2026-08-25 22:19:31+00:00
P01755,Doctor Consultation,2026-08-25 22:48:31+00:00
P01755,Diagnosis,2026-08-25 23:19:31+00:00
P01755,Ward Transfer,2026-08-25 23:40:31+00:00
P01755,Treatment,2026-08-26 00:36:31+00:00
P01755,Pharmacy,2026-08-26 01:09:31+00:00
P01755,Billing,2026-08-26 01:39:31+00:00
P01755,Discharge,2026-08-26 02:09:31+00:00
P01756,Patient Arrival,2026-11-14 13:07:01+00:00
P01756,Registration,2026-11-14 13:52:01+00:00
P01756,Waiting,2026-11-14 14:55:01+00:00
P01756,Doctor Consultation,2026-11-14 15:20:01+00:00
P01756,Diagnosis,2026-11-14 15:42:01+00:00
P01756,Diagnosis,2026-11-14 15:42:01+00:00
P01756,Treatment,2026-11-14 18:01:01+00:00
P01756,Pharmacy,2026-11-14 18:28:01+00:00
P01756,Billing,2026-11-14 18:59:01+00:00
P01756,Discharge,2026-11-14 19:34:01+00:00
P01757,Patient Arrival,2026-04-04 03:57:17+00:00
P01757,Registration,2026-04-04 04:36:17+00:00
P01757,Waiting,2026-04-04 06:03:17+00:00
P01757,Doctor Consultation,2026-04-04 06:49:17+00:00
P01757,Diagnosis,2026-04-04 07:20:17+00:00
P01757,Treatment,2026-04-04 08:29:17+00:00
P01757,Pharmacy,2026-04-04 08:58:17+00:00
P01757,Billing,2026-04-04 09:31:17+00:00
P01757,Billing,2026-04-04 09:31:17+00:00
P01757,Discharge,2026-04-04 09:43:17+00:00
P01758,Patient Arrival,2026-07-15 05:03:57+00:00
P01758,Registration,2026-07-15 05:26:57+00:00
P01758,Waiting,2026-07-15 06:03:57+00:00
P01758,Doctor Consultation,2026-07-15 06:41:57+00:00
P01758,Diagnosis,2026-07-15 07:11:57+00:00
P01758,Treatment,2026-07-15 08:14:57+00:00
P01758,Pharmacy,2026-07-15 08:44:57+00:00
P01758,Billing,2026-07-15 09:05:57+00:00
P01758,Discharge,2026-07-15 09:18:57+00:00
P01765,Patient Arrival,2026-02-06 02:05:57+00:00
P01765,Registration,2026-02-06 02:47:57+00:00
P01765,Waiting,2026-02-06 04:22:57+00:00
P01765,Doctor Consultation,2026-02-06 04:58:57+00:00
P01765,Diagnosis,2026-02-06 05:36:57+00:00
P01765,Ward Transfer,2026-02-06 06:12:57+00:00
P01765,Treatment,2026-02-06 07:28:57+00:00
P01765,Pharmacy,2026-02-06 07:42:57+00:00
P01765,Billing,2026-02-06 08:14:57+00:00
P01765,Discharge,2026-02-06 08:44:57+00:00
P01774,Patient Arrival,2026-05-28 18:17:10+00:00
P01774,Registration,2026-05-28 18:56:10+00:00
P01774,Waiting,2026-05-28 20:38:10+00:00
P01774,Doctor Consultation,2026-05-28 21:06:10+00:00
P01774,Diagnosis,2026-05-28 21:30:10+00:00
P01774,Ward Transfer,2026-05-28 22:06:10+00:00
P01774,Treatment,2026-05-28 22:42:10+00:00
P01774,Pharmacy,2026-05-28 23:02:10+00:00
P01774,Billing,2026-05-28 23:34:10+00:00
P01774,Discharge,2026-05-28 23:52:10+00:00
P01775,Patient Arrival,2026-01-10 04:39:47+00:00
P01775,Registration,2026-01-10 05:10:47+00:00
P01775,Waiting,2026-01-10 06:31:47+00:00
P01775,Doctor Consultation,2026-01-10 06:58:47+00:00
P01775,Urine Test,2026-01-10 07:47:47+00:00
P01775,Doctor Consultation,2026-01-10 08:12:47+00:00
P01775,Diagnosis,2026-01-10 08:39:47+00:00
P01775,Treatment,2026-01-10 10:36:47+00:00
P01775,Treatment,2026-01-10 10:36:47+00:00
P01775,Pharmacy,2026-01-10 11:09:47+00:00
P01775,Billing,2026-01-10 11:56:47+00:00
P01775,Discharge,2026-01-10 12:28:47+00:00
P01776,Patient Arrival,2026-11-28 01:38:24+00:00
P01776,Registration,2026-11-28 02:05:24+00:00
P01776,Waiting,2026-11-28 03:28:24+00:00
P01776,Doctor Consultation,2026-11-28 03:52:24+00:00
P01776,X-Ray,2026-11-28 04:35:24+00:00
P01776,Doctor Consultation,2026-11-28 05:10:24+00:00
P01776,Diagnosis,2026-11-28 05:33:24+00:00
P01776,Treatment,2026-11-28 06:40:24+00:00
P01776,Pharmacy,2026-11-28 07:18:24+00:00
P01776,Billing,2026-11-28 07:42:24+00:00
P01776,Billing,2026-11-28 07:42:24+00:00
P01776,Discharge,2026-11-28 08:23:24+00:00
P01778,Patient Arrival,2026-02-01 07:06:51+00:00
P01778,Registration,2026-02-01 07:47:51+00:00
P01778,Waiting,2026-02-01 08:53:51+00:00
P01778,Doctor Consultation,2026-02-01 09:43:51+00:00
P01778,Diagnosis,2026-02-01 10:27:51+00:00
P01778,Ward Transfer,2026-02-01 10:52:51+00:00
P01778,Treatment,2026-02-01 12:19:51+00:00
P01778,Pharmacy,2026-02-01 12:55:51+00:00
P01778,Billing,2026-02-01 13:26:51+00:00
P01778,Discharge,2026-02-01 13:48:51+00:00
P01779,Patient Arrival,2026-06-07 02:37:19+00:00
P01779,Registration,2026-06-07 03:10:19+00:00
P01779,Waiting,2026-06-07 03:45:19+00:00
P01779,Waiting,2026-06-07 03:45:19+00:00
P01779,Doctor Consultation,2026-06-07 04:20:19+00:00
P01779,Diagnosis,2026-06-07 04:45:19+00:00
P01779,Ward Transfer,2026-06-07 05:08:19+00:00
P01779,Treatment,2026-06-07 07:05:19+00:00
P01779,Pharmacy,2026-06-07 07:19:19+00:00
P01779,Billing,2026-06-07 07:48:19+00:00
P01779,Discharge,2026-06-07 08:09:19+00:00
P01782,Patient Arrival,2026-09-30 11:30:25+00:00
P01782,Registration,2026-09-30 11:49:25+00:00
P01782,Waiting,2026-09-30 12:40:25+00:00
P01782,Doctor Consultation,2026-09-30 13:12:25+00:00
P01782,Blood Test,2026-09-30 13:38:25+00:00
P01782,Doctor Consultation,2026-09-30 14:19:25+00:00
P01782,Diagnosis,2026-09-30 14:48:25+00:00
P01782,Treatment,2026-09-30 16:22:25+00:00
P01782,Pharmacy,2026-09-30 16:52:25+00:00
P01782,Billing,2026-09-30 17:17:25+00:00
P01782,Discharge,2026-09-30 17:38:25+00:00
P01783,Patient Arrival,2026-11-16 15:36:56+00:00
P01783,Registration,2026-11-16 15:57:56+00:00
P01783,Waiting,2026-11-16 17:28:56+00:00
P01783,Doctor Consultation,2026-11-16 18:01:56+00:00
P01783,ECG,2026-11-16 18:11:56+00:00
P01783,Doctor Consultation,2026-11-16 18:38:56+00:00
P01783,Diagnosis,2026-11-16 19:16:56+00:00
P01783,Ward Transfer,2026-11-16 19:48:56+00:00
P01783,Treatment,2026-11-16 21:39:56+00:00
P01783,Pharmacy,2026-11-16 22:26:56+00:00
P01783,Billing,2026-11-16 23:06:56+00:00
P01783,Discharge,2026-11-16 23:22:56+00:00
P01785,Patient Arrival,2026-02-23 06:03:26+00:00
P01785,Registration,2026-02-23 06:42:26+00:00
P01785,Waiting,2026-02-23 08:38:26+00:00
P01785,Doctor Consultation,2026-02-23 09:31:26+00:00
P01785,Blood Test,2026-02-23 10:22:26+00:00
P01785,Doctor Consultation,2026-02-23 10:57:26+00:00
P01785,Diagnosis,2026-02-23 11:38:26+00:00
P01785,Treatment,2026-02-23 13:06:26+00:00
P01785,Pharmacy,2026-02-23 13:23:26+00:00
P01785,Billing,2026-02-23 13:59:26+00:00
P01785,Discharge,2026-02-23 14:36:26+00:00
P01785,Discharge,2026-02-23 14:36:26+00:00
P01786,Patient Arrival,2026-04-10 09:35:56+00:00
P01786,Registration,2026-04-10 10:00:56+00:00
P01786,Waiting,2026-04-10 11:24:56+00:00
P01786,Doctor Consultation,2026-04-10 11:51:56+00:00
P01786,Blood Test,2026-04-10 12:38:56+00:00
P01786,Doctor Consultation,2026-04-10 13:22:56+00:00
P01786,Diagnosis,2026-04-10 13:46:56+00:00
P01786,Treatment,2026-04-10 15:01:56+00:00
P01786,Pharmacy,2026-04-10 15:51:56+00:00
P01786,Billing,2026-04-10 16:31:56+00:00
P01786,Discharge,2026-04-10 17:00:56+00:00
P01787,Patient Arrival,2026-08-13 07:15:02+00:00
P01787,Registration,2026-08-13 07:30:02+00:00
P01787,Waiting,2026-08-13 09:01:02+00:00
P01787,Doctor Consultation,2026-08-13 09:38:02+00:00
P01787,Diagnosis,2026-08-13 09:59:02+00:00
P01787,Treatment,2026-08-13 11:37:02+00:00
P01787,Pharmacy,2026-08-13 11:55:02+00:00
P01787,Billing,2026-08-13 12:28:02+00:00
P01787,Discharge,2026-08-13 13:08:02+00:00
P01788,Patient Arrival,2026-01-19 10:36:35+00:00
P01788,Registration,2026-01-19 11:07:35+00:00
P01788,Waiting,2026-01-19 12:39:35+00:00
P01788,Doctor Consultation,2026-01-19 13:05:35+00:00
P01788,X-Ray,2026-01-19 13:19:35+00:00
P01788,Doctor Consultation,2026-01-19 13:49:35+00:00
P01788,Diagnosis,2026-01-19 14:30:35+00:00
P01788,Ward Transfer,2026-01-19 15:16:35+00:00
P01788,Treatment,2026-01-19 17:12:35+00:00
P01788,Pharmacy,2026-01-19 17:55:35+00:00
P01788,Billing,2026-01-19 18:23:35+00:00
P01788,Discharge,2026-01-19 18:53:35+00:00
P01789,Patient Arrival,2026-10-06 21:31:43+00:00
P01789,Registration,2026-10-06 21:54:43+00:00
P01789,Waiting,2026-10-06 23:25:43+00:00
P01789,Doctor Consultation,2026-10-07 00:14:43+00:00
P01789,Blood Test,2026-10-07 00:23:43+00:00
P01789,Doctor Consultation,2026-10-07 00:49:43+00:00
P01789,Diagnosis,2026-10-07 01:28:43+00:00
P01789,Treatment,2026-10-07 02:59:43+00:00
P01789,Pharmacy,2026-10-07 03:44:43+00:00
P01789,Billing,2026-10-07 04:16:43+00:00
P01789,Discharge,2026-10-07 04:41:43+00:00
P01790,Patient Arrival,2026-11-02 10:51:57+00:00
P01790,Registration,2026-11-02 11:42:57+00:00
P01790,Waiting,2026-11-02 12:47:57+00:00
P01790,Doctor Consultation,2026-11-02 13:30:57+00:00
P01790,ECG,2026-11-02 14:10:57+00:00
P01790,Doctor Consultation,2026-11-02 14:28:57+00:00
P01790,Urine Test,2026-11-02 14:55:57+00:00
P01790,Doctor Consultation,2026-11-02 15:40:57+00:00
P01790,Diagnosis,2026-11-02 16:21:57+00:00
P01790,Treatment,2026-11-02 17:06:57+00:00
P01790,Pharmacy,2026-11-02 17:22:57+00:00
P01790,Billing,2026-11-02 17:48:57+00:00
P01790,Discharge,2026-11-02 18:23:57+00:00
P01792,Patient Arrival,2026-07-10 05:26:15+00:00
P01792,Registration,2026-07-10 05:50:15+00:00
P01792,Waiting,2026-07-10 07:26:15+00:00
P01792,Doctor Consultation,2026-07-10 08:01:15+00:00
P01792,Urine Test,2026-07-10 08:30:15+00:00
P01792,Doctor Consultation,2026-07-10 08:57:15+00:00
P01792,Diagnosis,2026-07-10 09:42:15+00:00
P01792,Ward Transfer,2026-07-10 10:18:15+00:00
P01792,Treatment,2026-07-10 11:58:15+00:00
P01792,Pharmacy,2026-07-10 12:18:15+00:00
P01792,Billing,2026-07-10 13:03:15+00:00
P01792,Discharge,2026-07-10 13:47:15+00:00
P01793,Patient Arrival,2026-07-23 23:04:44+00:00
P01793,Registration,2026-07-23 23:48:44+00:00
P01793,Waiting,2026-07-24 00:41:44+00:00
P01793,Doctor Consultation,2026-07-24 01:15:44+00:00
P01793,X-Ray,2026-07-24 01:48:44+00:00
P01793,Doctor Consultation,2026-07-24 02:17:44+00:00
P01793,Diagnosis,2026-07-24 02:27:44+00:00
P01793,Ward Transfer,2026-07-24 03:07:44+00:00
P01793,Treatment,2026-07-24 04:17:44+00:00
P01793,Pharmacy,2026-07-24 04:47:44+00:00
P01793,Billing,2026-07-24 05:18:44+00:00
P01793,Discharge,2026-07-24 05:49:44+00:00
P01794,Patient Arrival,2026-10-24 12:39:28+00:00
P01794,Registration,2026-10-24 13:00:28+00:00
P01794,Waiting,2026-10-24 14:01:28+00:00
P01794,Doctor Consultation,2026-10-24 14:20:28+00:00
P01794,Blood Test,2026-10-24 15:12:28+00:00
P01794,Doctor Consultation,2026-10-24 15:58:28+00:00
P01794,Diagnosis,2026-10-24 16:31:28+00:00
P01794,Treatment,2026-10-24 17:51:28+00:00
P01794,Pharmacy,2026-10-24 18:24:28+00:00
P01794,Billing,2026-10-24 18:36:28+00:00
P01794,Discharge,2026-10-24 19:15:28+00:00
P01795,Patient Arrival,2026-11-23 08:44:30+00:00
P01795,Registration,2026-11-23 09:13:30+00:00
P01795,Waiting,2026-11-23 10:30:30+00:00
P01795,Doctor Consultation,2026-11-23 11:02:30+00:00
P01795,X-Ray,2026-11-23 11:23:30+00:00
P01795,Doctor Consultation,2026-11-23 11:46:30+00:00
P01795,Diagnosis,2026-11-23 12:18:30+00:00
P01795,Treatment,2026-11-23 13:29:30+00:00
P01795,Pharmacy,2026-11-23 14:09:30+00:00
P01795,Billing,2026-11-23 14:41:30+00:00
P01795,Discharge,2026-11-23 15:25:30+00:00
P01800,Patient Arrival,2026-05-13 21:42:42+00:00
P01800,Registration,2026-05-13 22:01:42+00:00
P01800,Waiting,2026-05-13 23:09:42+00:00
P01800,Doctor Consultation,2026-05-13 23:25:42+00:00
P01800,ECG,2026-05-13 23:56:42+00:00
P01800,Doctor Consultation,2026-05-14 00:26:42+00:00
P01800,Diagnosis,2026-05-14 00:47:42+00:00
P01800,Ward Transfer,2026-05-14 01:24:42+00:00
P01800,Treatment,2026-05-14 02:28:42+00:00
P01800,Pharmacy,2026-05-14 02:48:42+00:00
P01800,Billing,2026-05-14 03:19:42+00:00
P01800,Discharge,2026-05-14 03:46:42+00:00
P01801,Patient Arrival,2026-08-17 00:10:31+00:00
P01801,Registration,2026-08-17 00:42:31+00:00
P01801,Waiting,2026-08-17 01:42:31+00:00
P01801,Doctor Consultation,2026-08-17 02:05:31+00:00
P01801,Urine Test,2026-08-17 02:50:31+00:00
P01801,Doctor Consultation,2026-08-17 03:23:31+00:00
P01801,Diagnosis,2026-08-17 03:53:31+00:00
P01801,Treatment,2026-08-17 05:19:31+00:00
P01801,Pharmacy,2026-08-17 05:51:31+00:00
P01801,Billing,2026-08-17 06:29:31+00:00
P01801,Discharge,2026-08-17 06:52:31+00:00
P01802,Patient Arrival,2026-03-18 13:53:26+00:00
P01802,Registration,2026-03-18 14:25:26+00:00
P01802,Waiting,2026-03-18 15:11:26+00:00
P01802,Doctor Consultation,2026-03-18 15:29:26+00:00
P01802,Blood Test,2026-03-18 15:45:26+00:00
P01802,Doctor Consultation,2026-03-18 15:58:26+00:00
P01802,Diagnosis,2026-03-18 16:28:26+00:00
P01802,Treatment,2026-03-18 18:38:26+00:00
P01802,Pharmacy,2026-03-18 19:20:26+00:00
P01802,Billing,2026-03-18 20:00:26+00:00
P01802,Discharge,2026-03-18 20:36:26+00:00
P01804,Patient Arrival,2026-03-21 22:44:34+00:00
P01804,Registration,2026-03-21 23:14:34+00:00
P01804,Waiting,2026-03-22 00:29:34+00:00
P01804,Doctor Consultation,2026-03-22 01:01:34+00:00
P01804,Urine Test,2026-03-22 01:21:34+00:00
P01804,Doctor Consultation,2026-03-22 01:49:34+00:00
P01804,Diagnosis,2026-03-22 02:29:34+00:00
P01804,Treatment,2026-03-22 03:34:34+00:00
P01804,Pharmacy,2026-03-22 04:20:34+00:00
P01804,Billing,2026-03-22 04:49:34+00:00
P01804,Discharge,2026-03-22 05:09:34+00:00
P01805,Patient Arrival,2026-02-23 01:24:49+00:00
P01805,Registration,2026-02-23 01:53:49+00:00
P01805,Waiting,2026-02-23 03:15:49+00:00
P01805,Doctor Consultation,2026-02-23 03:28:49+00:00
P01805,Urine Test,2026-02-23 04:06:49+00:00
P01805,Doctor Consultation,2026-02-23 04:19:49+00:00
P01805,Diagnosis,2026-02-23 04:39:49+00:00
P01805,Ward Transfer,2026-02-23 05:02:49+00:00
P01805,Treatment,2026-02-23 07:13:49+00:00
P01805,Pharmacy,2026-02-23 07:23:49+00:00
P01805,Billing,2026-02-23 07:55:49+00:00
P01805,Discharge,2026-02-23 08:13:49+00:00
P01807,Patient Arrival,2026-07-28 20:39:15+00:00
P01807,Registration,2026-07-28 21:22:15+00:00
P01807,Waiting,2026-07-28 22:50:15+00:00
P01807,Doctor Consultation,2026-07-28 23:17:15+00:00
P01807,X-Ray,2026-07-28 23:59:15+00:00
P01807,Doctor Consultation,2026-07-29 00:41:15+00:00
P01807,Diagnosis,2026-07-29 01:08:15+00:00
P01807,Treatment,2026-07-29 02:43:15+00:00
P01807,Pharmacy,2026-07-29 03:21:15+00:00
P01807,Billing,2026-07-29 03:58:15+00:00
P01807,Discharge,2026-07-29 04:30:15+00:00
P01809,Patient Arrival,2026-04-19 04:55:17+00:00
P01809,Registration,2026-04-19 05:29:17+00:00
P01809,Waiting,2026-04-19 07:08:17+00:00
P01809,Doctor Consultation,2026-04-19 07:20:17+00:00
P01809,Blood Test,2026-04-19 07:45:17+00:00
P01809,Doctor Consultation,2026-04-19 08:31:17+00:00
P01809,Diagnosis,2026-04-19 09:01:17+00:00
P01809,Treatment,2026-04-19 09:59:17+00:00
P01809,Pharmacy,2026-04-19 10:44:17+00:00
P01809,Billing,2026-04-19 11:03:17+00:00
P01809,Discharge,2026-04-19 11:20:17+00:00
P01815,Patient Arrival,2026-11-12 22:33:36+00:00
P01815,Registration,2026-11-12 23:13:36+00:00
P01815,Waiting,2026-11-13 00:32:36+00:00
P01815,Doctor Consultation,2026-11-13 00:54:36+00:00
P01815,X-Ray,2026-11-13 01:26:36+00:00
P01815,Doctor Consultation,2026-11-13 02:06:36+00:00
P01815,Diagnosis,2026-11-13 02:38:36+00:00
P01815,Treatment,2026-11-13 04:05:36+00:00
P01815,Pharmacy,2026-11-13 04:36:36+00:00
P01815,Billing,2026-11-13 05:07:36+00:00
P01815,Discharge,2026-11-13 05:41:36+00:00
P01817,Patient Arrival,2026-08-26 14:53:18+00:00
P01817,Registration,2026-08-26 15:28:18+00:00
P01817,Waiting,2026-08-26 16:40:18+00:00
P01817,Doctor Consultation,2026-08-26 17:12:18+00:00
P01817,Urine Test,2026-08-26 17:42:18+00:00
P01817,Doctor Consultation,2026-08-26 18:07:18+00:00
P01817,Diagnosis,2026-08-26 18:28:18+00:00
P01817,Ward Transfer,2026-08-26 18:53:18+00:00
P01817,Treatment,2026-08-26 19:39:18+00:00
P01817,Pharmacy,2026-08-26 20:07:18+00:00
P01817,Billing,2026-08-26 20:18:18+00:00
P01817,Discharge,2026-08-26 20:46:18+00:00
P01818,Patient Arrival,2026-04-26 03:14:42+00:00
P01818,Registration,2026-04-26 03:29:42+00:00
P01818,Waiting,2026-04-26 04:47:42+00:00
P01818,Doctor Consultation,2026-04-26 05:28:42+00:00
P01818,Diagnosis,2026-04-26 06:13:42+00:00
P01818,Ward Transfer,2026-04-26 06:42:42+00:00
P01818,Treatment,2026-04-26 08:09:42+00:00
P01818,Pharmacy,2026-04-26 08:23:42+00:00
P01818,Billing,2026-04-26 08:51:42+00:00
P01818,Discharge,2026-04-26 09:11:42+00:00
P01819,Patient Arrival,2026-09-30 07:38:07+00:00
P01819,Registration,2026-09-30 08:22:07+00:00
P01819,Waiting,2026-09-30 09:25:07+00:00
P01819,Doctor Consultation,2026-09-30 09:49:07+00:00
P01819,Blood Test,2026-09-30 10:32:07+00:00
P01819,Doctor Consultation,2026-09-30 11:06:07+00:00
P01819,Diagnosis,2026-09-30 11:44:07+00:00
P01819,Ward Transfer,2026-09-30 12:12:07+00:00
P01819,Treatment,2026-09-30 13:28:07+00:00
P01819,Pharmacy,2026-09-30 14:17:07+00:00
P01819,Billing,2026-09-30 14:43:07+00:00
P01819,Discharge,2026-09-30 15:22:07+00:00
P01822,Patient Arrival,2026-11-18 23:13:44+00:00
P01822,Registration,2026-11-18 23:48:44+00:00
P01822,Waiting,2026-11-19 01:33:44+00:00
P01822,Doctor Consultation,2026-11-19 01:48:44+00:00
P01822,Urine Test,2026-11-19 02:18:44+00:00
P01822,Doctor Consultation,2026-11-19 02:48:44+00:00
P01822,Diagnosis,2026-11-19 03:19:44+00:00
P01822,Treatment,2026-11-19 04:52:44+00:00
P01822,Pharmacy,2026-11-19 05:20:44+00:00
P01822,Billing,2026-11-19 05:55:44+00:00
P01822,Discharge,2026-11-19 06:17:44+00:00
P01825,Patient Arrival,2026-12-02 11:18:42+00:00
P01825,Registration,2026-12-02 11:58:42+00:00
P01825,Waiting,2026-12-02 12:51:42+00:00
P01825,Doctor Consultation,2026-12-02 13:44:42+00:00
P01825,Urine Test,2026-12-02 14:23:42+00:00
P01825,Doctor Consultation,2026-12-02 15:15:42+00:00
P01825,Diagnosis,2026-12-02 15:38:42+00:00
P01825,Treatment,2026-12-02 16:57:42+00:00
P01825,Pharmacy,2026-12-02 17:27:42+00:00
P01825,Billing,2026-12-02 18:07:42+00:00
P01825,Discharge,2026-12-02 18:47:42+00:00
P01827,Patient Arrival,2026-08-24 06:18:15+00:00
P01827,Registration,2026-08-24 06:55:15+00:00
P01827,Waiting,2026-08-24 07:57:15+00:00
P01827,Doctor Consultation,2026-08-24 08:38:15+00:00
P01827,Diagnosis,2026-08-24 09:01:15+00:00
P01827,Treatment,2026-08-24 11:07:15+00:00
P01827,Pharmacy,2026-08-24 11:46:15+00:00
P01827,Billing,2026-08-24 12:31:15+00:00
P01827,Discharge,2026-08-24 12:56:15+00:00
P01828,Patient Arrival,2026-10-20 14:30:54+00:00
P01828,Registration,2026-10-20 15:07:54+00:00
P01828,Waiting,2026-10-20 16:40:54+00:00
P01828,Doctor Consultation,2026-10-20 17:10:54+00:00
P01828,ECG,2026-10-20 17:34:54+00:00
P01828,Doctor Consultation,2026-10-20 18:04:54+00:00
P01828,Diagnosis,2026-10-20 18:37:54+00:00
P01828,Treatment,2026-10-20 20:15:54+00:00
P01828,Pharmacy,2026-10-20 20:55:54+00:00
P01828,Billing,2026-10-20 21:27:54+00:00
P01828,Discharge,2026-10-20 21:39:54+00:00
P01831,Patient Arrival,2026-09-05 14:43:30+00:00
P01831,Registration,2026-09-05 14:59:30+00:00
P01831,Waiting,2026-09-05 16:11:30+00:00
P01831,Doctor Consultation,2026-09-05 16:46:30+00:00
P01831,Diagnosis,2026-09-05 17:22:30+00:00
P01831,Treatment,2026-09-05 18:13:30+00:00
P01831,Pharmacy,2026-09-05 18:27:30+00:00
P01831,Billing,2026-09-05 19:07:30+00:00
P01831,Discharge,2026-09-05 19:38:30+00:00
P01832,Patient Arrival,2026-06-10 18:01:54+00:00
P01832,Registration,2026-06-10 18:15:54+00:00
P01832,Waiting,2026-06-10 19:35:54+00:00
P01832,Doctor Consultation,2026-06-10 20:14:54+00:00
P01832,Diagnosis,2026-06-10 20:36:54+00:00
P01832,Treatment,2026-06-10 22:59:54+00:00
P01832,Pharmacy,2026-06-10 23:16:54+00:00
P01832,Billing,2026-06-10 23:39:54+00:00
P01832,Discharge,2026-06-11 00:09:54+00:00
P01834,Patient Arrival,2026-08-23 04:31:07+00:00
P01834,Registration,2026-08-23 05:07:07+00:00
P01834,Waiting,2026-08-23 06:38:07+00:00
P01834,Doctor Consultation,2026-08-23 07:11:07+00:00
P01834,Diagnosis,2026-08-23 07:40:07+00:00
P01834,Treatment,2026-08-23 08:43:07+00:00
P01834,Pharmacy,2026-08-23 09:17:07+00:00
P01834,Billing,2026-08-23 09:48:07+00:00
P01834,Discharge,2026-08-23 10:23:07+00:00
P01836,Patient Arrival,2026-04-09 13:04:27+00:00
P01836,Registration,2026-04-09 13:38:27+00:00
P01836,Waiting,2026-04-09 14:27:27+00:00
P01836,Doctor Consultation,2026-04-09 15:22:27+00:00
P01836,Blood Test,2026-04-09 15:47:27+00:00
P01836,Doctor Consultation,2026-04-09 16:13:27+00:00
P01836,Diagnosis,2026-04-09 16:44:27+00:00
P01836,Ward Transfer,2026-04-09 17:30:27+00:00
P01836,Treatment,2026-04-09 18:29:27+00:00
P01836,Pharmacy,2026-04-09 18:50:27+00:00
P01836,Billing,2026-04-09 19:06:27+00:00
P01836,Discharge,2026-04-09 19:32:27+00:00
P01840,Patient Arrival,2026-06-13 09:20:00+00:00
P01840,Registration,2026-06-13 09:56:00+00:00
P01840,Registration,2026-06-13 09:56:00+00:00
P01840,Waiting,2026-06-13 11:32:00+00:00
P01840,Doctor Consultation,2026-06-13 12:03:00+00:00
P01840,Diagnosis,2026-06-13 12:50:00+00:00
P01840,Treatment,2026-06-13 14:30:00+00:00
P01840,Pharmacy,2026-06-13 15:09:00+00:00
P01840,Billing,2026-06-13 15:22:00+00:00
P01840,Discharge,2026-06-13 15:57:00+00:00
P01843,Patient Arrival,2026-04-25 11:18:22+00:00
P01843,Registration,2026-04-25 11:55:22+00:00
P01843,Waiting,2026-04-25 13:08:22+00:00
P01843,Doctor Consultation,2026-04-25 13:34:22+00:00
P01843,ECG,2026-04-25 14:10:22+00:00
P01843,Doctor Consultation,2026-04-25 14:46:22+00:00
P01843,Diagnosis,2026-04-25 15:03:22+00:00
P01843,Treatment,2026-04-25 17:19:22+00:00
P01843,Pharmacy,2026-04-25 18:00:22+00:00
P01843,Billing,2026-04-25 18:21:22+00:00
P01843,Discharge,2026-04-25 18:51:22+00:00
P01844,Patient Arrival,2026-07-19 14:00:17+00:00
P01844,Registration,2026-07-19 14:40:17+00:00
P01844,Waiting,2026-07-19 15:37:17+00:00
P01844,Doctor Consultation,2026-07-19 16:01:17+00:00
P01844,Diagnosis,2026-07-19 16:30:17+00:00
P01844,Treatment,2026-07-19 17:15:17+00:00
P01844,Pharmacy,2026-07-19 18:03:17+00:00
P01844,Billing,2026-07-19 18:33:17+00:00
P01844,Discharge,2026-07-19 18:48:17+00:00
P01846,Patient Arrival,2026-05-13 08:53:04+00:00
P01846,Registration,2026-05-13 09:31:04+00:00
P01846,Waiting,2026-05-13 10:42:04+00:00
P01846,Doctor Consultation,2026-05-13 11:12:04+00:00
P01846,Diagnosis,2026-05-13 11:47:04+00:00
P01846,Ward Transfer,2026-05-13 12:10:04+00:00
P01846,Treatment,2026-05-13 12:50:04+00:00
P01846,Pharmacy,2026-05-13 13:16:04+00:00
P01846,Billing,2026-05-13 14:01:04+00:00
P01846,Discharge,2026-05-13 14:32:04+00:00
P01847,Patient Arrival,2026-05-19 05:41:52+00:00
P01847,Registration,2026-05-19 06:33:52+00:00
P01847,Waiting,2026-05-19 08:05:52+00:00
P01847,Doctor Consultation,2026-05-19 08:33:52+00:00
P01847,Diagnosis,2026-05-19 08:57:52+00:00
P01847,Ward Transfer,2026-05-19 09:13:52+00:00
P01847,Treatment,2026-05-19 10:56:52+00:00
P01847,Pharmacy,2026-05-19 11:30:52+00:00
P01847,Billing,2026-05-19 11:42:52+00:00
P01847,Discharge,2026-05-19 12:16:52+00:00
P01848,Patient Arrival,2026-02-05 07:43:52+00:00
P01848,Registration,2026-02-05 08:13:52+00:00
P01848,Waiting,2026-02-05 09:18:52+00:00
P01848,Doctor Consultation,2026-02-05 09:36:52+00:00
P01848,Doctor Consultation,2026-02-05 09:36:52+00:00
P01848,ECG,2026-02-05 10:23:52+00:00
P01848,Doctor Consultation,2026-02-05 10:49:52+00:00
P01848,Diagnosis,2026-02-05 11:23:52+00:00
P01848,Ward Transfer,2026-02-05 12:13:52+00:00
P01848,Treatment,2026-02-05 13:44:52+00:00
P01848,Pharmacy,2026-02-05 14:27:52+00:00
P01848,Billing,2026-02-05 15:13:52+00:00
P01848,Discharge,2026-02-05 15:57:52+00:00
P01852,Patient Arrival,2026-03-14 02:59:45+00:00
P01852,Registration,2026-03-14 03:44:45+00:00
P01852,Waiting,2026-03-14 04:28:45+00:00
P01852,Doctor Consultation,2026-03-14 05:04:45+00:00
P01852,Diagnosis,2026-03-14 05:42:45+00:00
P01852,Ward Transfer,2026-03-14 06:09:45+00:00
P01852,Treatment,2026-03-14 07:05:45+00:00
P01852,Pharmacy,2026-03-14 07:45:45+00:00
P01852,Billing,2026-03-14 08:02:45+00:00
P01852,Discharge,2026-03-14 08:45:45+00:00
P01852,Discharge,2026-03-14 08:45:45+00:00
P01858,Patient Arrival,2026-05-11 12:43:32+00:00
P01858,Registration,2026-05-11 13:01:32+00:00
P01858,Waiting,2026-05-11 14:12:32+00:00
P01858,Doctor Consultation,2026-05-11 14:27:32+00:00
P01858,ECG,2026-05-11 15:00:32+00:00
P01858,Doctor Consultation,2026-05-11 15:41:32+00:00
P01858,Diagnosis,2026-05-11 16:24:32+00:00
P01858,Treatment,2026-05-11 17:59:32+00:00
P01858,Pharmacy,2026-05-11 18:29:32+00:00
P01858,Pharmacy,2026-05-11 18:29:32+00:00
P01858,Billing,2026-05-11 19:12:32+00:00
P01858,Discharge,2026-05-11 19:33:32+00:00
P01860,Patient Arrival,2026-06-03 22:39:42+00:00
P01860,Registration,2026-06-03 23:21:42+00:00
P01860,Waiting,2026-06-04 00:24:42+00:00
P01860,Doctor Consultation,2026-06-04 01:03:42+00:00
P01860,Urine Test,2026-06-04 01:22:42+00:00
P01860,Doctor Consultation,2026-06-04 01:46:42+00:00
P01860,Diagnosis,2026-06-04 02:36:42+00:00
P01860,Ward Transfer,2026-06-04 02:52:42+00:00
P01860,Treatment,2026-06-04 04:33:42+00:00
P01860,Pharmacy,2026-06-04 05:15:42+00:00
P01860,Billing,2026-06-04 05:42:42+00:00
P01860,Discharge,2026-06-04 06:13:42+00:00
P01864,Patient Arrival,2026-09-01 14:36:07+00:00
P01864,Registration,2026-09-01 15:05:07+00:00
P01864,Waiting,2026-09-01 16:50:07+00:00
P01864,Doctor Consultation,2026-09-01 17:10:07+00:00
P01864,Blood Test,2026-09-01 17:33:07+00:00
P01864,Doctor Consultation,2026-09-01 17:49:07+00:00
P01864,Diagnosis,2026-09-01 18:32:07+00:00
P01864,Treatment,2026-09-01 19:27:07+00:00
P01864,Pharmacy,2026-09-01 19:48:07+00:00
P01864,Billing,2026-09-01 20:27:07+00:00
P01864,Discharge,2026-09-01 20:59:07+00:00
P01872,Patient Arrival,2026-05-23 13:34:58+00:00
P01872,Registration,2026-05-23 14:26:58+00:00
P01872,Waiting,2026-05-23 15:50:58+00:00
P01872,Doctor Consultation,2026-05-23 16:23:58+00:00
P01872,X-Ray,2026-05-23 16:46:58+00:00
P01872,Doctor Consultation,2026-05-23 17:09:58+00:00
P01872,Urine Test,2026-05-23 17:27:58+00:00
P01872,Doctor Consultation,2026-05-23 18:03:58+00:00
P01872,Diagnosis,2026-05-23 18:32:58+00:00
P01872,Treatment,2026-05-23 20:22:58+00:00
P01872,Pharmacy,2026-05-23 20:37:58+00:00
P01872,Billing,2026-05-23 21:22:58+00:00
P01872,Discharge,2026-05-23 21:38:58+00:00
P01874,Patient Arrival,2026-02-25 05:17:20+00:00
P01874,Registration,2026-02-25 05:47:20+00:00
P01874,Waiting,2026-02-25 07:02:20+00:00
P01874,Doctor Consultation,2026-02-25 07:44:20+00:00
P01874,Diagnosis,2026-02-25 08:16:20+00:00
P01874,Ward Transfer,2026-02-25 08:56:20+00:00
P01874,Treatment,2026-02-25 10:02:20+00:00
P01874,Pharmacy,2026-02-25 10:46:20+00:00
P01874,Billing,2026-02-25 11:06:20+00:00
P01874,Discharge,2026-02-25 11:41:20+00:00
P01876,Patient Arrival,2026-10-09 16:04:33+00:00
P01876,Registration,2026-10-09 16:27:33+00:00
P01876,Waiting,2026-10-09 18:02:33+00:00
P01876,Doctor Consultation,2026-10-09 18:37:33+00:00
P01876,X-Ray,2026-10-09 19:03:33+00:00
P01876,Doctor Consultation,2026-10-09 19:37:33+00:00
P01876,Diagnosis,2026-10-09 20:15:33+00:00
P01876,Treatment,2026-10-09 22:34:33+00:00
P01876,Pharmacy,2026-10-09 22:58:33+00:00
P01876,Billing,2026-10-09 23:28:33+00:00
P01876,Discharge,2026-10-09 23:51:33+00:00
P01883,Patient Arrival,2026-11-29 06:25:36+00:00
P01883,Registration,2026-11-29 06:51:36+00:00
P01883,Waiting,2026-11-29 08:07:36+00:00
P01883,Doctor Consultation,2026-11-29 08:57:36+00:00
P01883,Diagnosis,2026-11-29 09:21:36+00:00
P01883,Treatment,2026-11-29 10:04:36+00:00
P01883,Pharmacy,2026-11-29 10:48:36+00:00
P01883,Billing,2026-11-29 11:18:36+00:00
P01883,Discharge,2026-11-29 11:50:36+00:00
P01885,Patient Arrival,2026-11-13 14:21:15+00:00
P01885,Registration,2026-11-13 14:46:15+00:00
P01885,Waiting,2026-11-13 16:03:15+00:00
P01885,Doctor Consultation,2026-11-13 16:54:15+00:00
P01885,Diagnosis,2026-11-13 17:31:15+00:00
P01885,Treatment,2026-11-13 18:42:15+00:00
P01885,Pharmacy,2026-11-13 18:57:15+00:00
P01885,Billing,2026-11-13 19:30:15+00:00
P01885,Discharge,2026-11-13 19:57:15+00:00
P01886,Patient Arrival,2026-04-25 03:27:48+00:00
P01886,Registration,2026-04-25 03:36:48+00:00
P01886,Waiting,2026-04-25 04:34:48+00:00
P01886,Doctor Consultation,2026-04-25 05:03:48+00:00
P01886,Diagnosis,2026-04-25 05:36:48+00:00
P01886,Treatment,2026-04-25 07:56:48+00:00
P01886,Pharmacy,2026-04-25 08:37:48+00:00
P01886,Billing,2026-04-25 09:16:48+00:00
P01886,Discharge,2026-04-25 09:55:48+00:00
P01887,Patient Arrival,2026-07-23 00:20:01+00:00
P01887,Registration,2026-07-23 00:50:01+00:00
P01887,Waiting,2026-07-23 02:28:01+00:00
P01887,Doctor Consultation,2026-07-23 02:56:01+00:00
P01887,Blood Test,2026-07-23 03:27:01+00:00
P01887,Doctor Consultation,2026-07-23 04:06:01+00:00
P01887,Diagnosis,2026-07-23 04:36:01+00:00
P01887,Treatment,2026-07-23 05:57:01+00:00
P01887,Pharmacy,2026-07-23 06:41:01+00:00
P01887,Billing,2026-07-23 07:17:01+00:00
P01887,Discharge,2026-07-23 07:41:01+00:00
P01892,Patient Arrival,2026-06-26 14:38:30+00:00
P01892,Registration,2026-06-26 14:58:30+00:00
P01892,Waiting,2026-06-26 15:54:30+00:00
P01892,Doctor Consultation,2026-06-26 16:16:30+00:00
P01892,X-Ray,2026-06-26 16:47:30+00:00
P01892,Doctor Consultation,2026-06-26 17:11:30+00:00
P01892,Diagnosis,2026-06-26 17:39:30+00:00
P01892,Treatment,2026-06-26 19:07:30+00:00
P01892,Pharmacy,2026-06-26 19:34:30+00:00
P01892,Billing,2026-06-26 19:48:30+00:00
P01892,Discharge,2026-06-26 20:09:30+00:00
P01893,Patient Arrival,2026-06-06 05:19:06+00:00
P01893,Patient Arrival,2026-06-06 05:19:06+00:00
P01893,Registration,2026-06-06 05:49:06+00:00
P01893,Waiting,2026-06-06 07:12:06+00:00
P01893,Waiting,2026-06-06 07:12:06+00:00
P01893,Doctor Consultation,2026-06-06 07:43:06+00:00
P01893,Diagnosis,2026-06-06 07:59:06+00:00
P01893,Ward Transfer,2026-06-06 08:22:06+00:00
P01893,Treatment,2026-06-06 09:43:06+00:00
P01893,Pharmacy,2026-06-06 10:13:06+00:00
P01893,Pharmacy,2026-06-06 10:13:06+00:00
P01893,Billing,2026-06-06 10:41:06+00:00
P01893,Discharge,2026-06-06 11:20:06+00:00
P01895,Patient Arrival,2026-07-01 23:59:17+00:00
P01895,Registration,2026-07-02 00:22:17+00:00
P01895,Waiting,2026-07-02 01:44:17+00:00
P01895,Doctor Consultation,2026-07-02 02:04:17+00:00
P01895,Diagnosis,2026-07-02 02:39:17+00:00
P01895,Ward Transfer,2026-07-02 03:02:17+00:00
P01895,Treatment,2026-07-02 04:50:17+00:00
P01895,Pharmacy,2026-07-02 05:30:17+00:00
P01895,Billing,2026-07-02 06:03:17+00:00
P01895,Discharge,2026-07-02 06:27:17+00:00
P01896,Patient Arrival,2026-04-30 14:53:47+00:00
P01896,Registration,2026-04-30 15:30:47+00:00
P01896,Waiting,2026-04-30 16:50:47+00:00
P01896,Doctor Consultation,2026-04-30 17:24:47+00:00
P01896,Blood Test,2026-04-30 17:52:47+00:00
P01896,Doctor Consultation,2026-04-30 18:28:47+00:00
P01896,Diagnosis,2026-04-30 19:02:47+00:00
P01896,Treatment,2026-04-30 19:43:47+00:00
P01896,Pharmacy,2026-04-30 20:06:47+00:00
P01896,Billing,2026-04-30 20:34:47+00:00
P01896,Billing,2026-04-30 20:34:47+00:00
P01896,Discharge,2026-04-30 20:52:47+00:00
P01903,Patient Arrival,2026-11-02 10:53:39+00:00
P01903,Patient Arrival,2026-11-02 10:53:39+00:00
P01903,Registration,2026-11-02 11:29:39+00:00
P01903,Waiting,2026-11-02 12:16:39+00:00
P01903,Doctor Consultation,2026-11-02 12:52:39+00:00
P01903,Blood Test,2026-11-02 13:26:39+00:00
P01903,Doctor Consultation,2026-11-02 13:53:39+00:00
P01903,Diagnosis,2026-11-02 14:48:39+00:00
P01903,Treatment,2026-11-02 16:24:39+00:00
P01903,Pharmacy,2026-11-02 16:46:39+00:00
P01903,Billing,2026-11-02 17:01:39+00:00
P01903,Discharge,2026-11-02 17:43:39+00:00
P01911,Patient Arrival,2026-09-26 21:07:30+00:00
P01911,Registration,2026-09-26 21:47:30+00:00
P01911,Waiting,2026-09-26 22:49:30+00:00
P01911,Doctor Consultation,2026-09-26 23:41:30+00:00
P01911,Urine Test,2026-09-26 23:57:30+00:00
P01911,Doctor Consultation,2026-09-27 00:28:30+00:00
P01911,Diagnosis,2026-09-27 00:58:30+00:00
P01911,Treatment,2026-09-27 02:00:30+00:00
P01911,Pharmacy,2026-09-27 02:38:30+00:00
P01911,Billing,2026-09-27 03:23:30+00:00
P01911,Discharge,2026-09-27 03:47:30+00:00
P01913,Patient Arrival,2026-12-21 21:52:09+00:00
P01913,Registration,2026-12-21 22:28:09+00:00
P01913,Waiting,2026-12-21 23:37:09+00:00
P01913,Doctor Consultation,2026-12-22 00:21:09+00:00
P01913,Blood Test,2026-12-22 00:51:09+00:00
P01913,Doctor Consultation,2026-12-22 01:13:09+00:00
P01913,Diagnosis,2026-12-22 01:37:09+00:00
P01913,Treatment,2026-12-22 02:38:09+00:00
P01913,Pharmacy,2026-12-22 02:54:09+00:00
P01913,Billing,2026-12-22 03:42:09+00:00
P01913,Discharge,2026-12-22 04:27:09+00:00
P01919,Patient Arrival,2026-12-04 08:48:57+00:00
P01919,Registration,2026-12-04 09:39:57+00:00
P01919,Waiting,2026-12-04 10:35:57+00:00
P01919,Doctor Consultation,2026-12-04 11:02:57+00:00
P01919,Diagnosis,2026-12-04 11:38:57+00:00
P01919,Ward Transfer,2026-12-04 12:07:57+00:00
P01919,Treatment,2026-12-04 13:50:57+00:00
P01919,Pharmacy,2026-12-04 14:17:57+00:00
P01919,Billing,2026-12-04 14:48:57+00:00
P01919,Discharge,2026-12-04 15:14:57+00:00
P01920,Patient Arrival,2026-02-18 19:47:28+00:00
P01920,Patient Arrival,2026-02-18 19:47:28+00:00
P01920,Registration,2026-02-18 20:06:28+00:00
P01920,Waiting,2026-02-18 21:29:28+00:00
P01920,Doctor Consultation,2026-02-18 22:11:28+00:00
P01920,Blood Test,2026-02-18 22:52:28+00:00
P01920,Doctor Consultation,2026-02-18 23:24:28+00:00
P01920,Diagnosis,2026-02-18 23:40:28+00:00
P01920,Treatment,2026-02-19 00:38:28+00:00
P01920,Pharmacy,2026-02-19 01:02:28+00:00
P01920,Billing,2026-02-19 01:40:28+00:00
P01920,Discharge,2026-02-19 02:03:28+00:00
P01921,Patient Arrival,2026-07-23 16:36:53+00:00
P01921,Registration,2026-07-23 16:56:53+00:00
P01921,Waiting,2026-07-23 17:48:53+00:00
P01921,Doctor Consultation,2026-07-23 18:15:53+00:00
P01921,ECG,2026-07-23 19:01:53+00:00
P01921,Doctor Consultation,2026-07-23 19:40:53+00:00
P01921,Diagnosis,2026-07-23 19:55:53+00:00
P01921,Treatment,2026-07-23 21:11:53+00:00
P01921,Pharmacy,2026-07-23 21:51:53+00:00
P01921,Billing,2026-07-23 22:23:53+00:00
P01921,Discharge,2026-07-23 22:41:53+00:00
P01922,Patient Arrival,2026-04-07 03:16:34+00:00
P01922,Registration,2026-04-07 04:04:34+00:00
P01922,Waiting,2026-04-07 05:18:34+00:00
P01922,Doctor Consultation,2026-04-07 05:36:34+00:00
P01922,Diagnosis,2026-04-07 05:57:34+00:00
P01922,Ward Transfer,2026-04-07 06:35:34+00:00
P01922,Treatment,2026-04-07 08:32:34+00:00
P01922,Pharmacy,2026-04-07 09:22:34+00:00
P01922,Billing,2026-04-07 09:45:34+00:00
P01922,Discharge,2026-04-07 10:01:34+00:00
P01924,Patient Arrival,2026-05-08 16:15:09+00:00
P01924,Patient Arrival,2026-05-08 16:15:09+00:00
P01924,Registration,2026-05-08 16:39:09+00:00
P01924,Waiting,2026-05-08 18:12:09+00:00
P01924,Doctor Consultation,2026-05-08 18:38:09+00:00
P01924,Diagnosis,2026-05-08 18:58:09+00:00
P01924,Treatment,2026-05-08 21:12:09+00:00
P01924,Pharmacy,2026-05-08 21:49:09+00:00
P01924,Billing,2026-05-08 22:07:09+00:00
P01924,Discharge,2026-05-08 22:34:09+00:00
P01925,Patient Arrival,2026-08-12 20:11:25+00:00
P01925,Registration,2026-08-12 20:54:25+00:00
P01925,Waiting,2026-08-12 21:31:25+00:00
P01925,Doctor Consultation,2026-08-12 22:06:25+00:00
P01925,ECG,2026-08-12 22:40:25+00:00
P01925,Doctor Consultation,2026-08-12 23:11:25+00:00
P01925,Diagnosis,2026-08-13 00:03:25+00:00
P01925,Ward Transfer,2026-08-13 00:31:25+00:00
P01925,Treatment,2026-08-13 01:47:25+00:00
P01925,Pharmacy,2026-08-13 02:13:25+00:00
P01925,Billing,2026-08-13 03:05:25+00:00
P01925,Discharge,2026-08-13 03:52:25+00:00
P01926,Patient Arrival,2026-03-29 04:28:15+00:00
P01926,Registration,2026-03-29 05:03:15+00:00
P01926,Waiting,2026-03-29 06:43:15+00:00
P01926,Doctor Consultation,2026-03-29 07:16:15+00:00
P01926,Diagnosis,2026-03-29 07:31:15+00:00
P01926,Treatment,2026-03-29 08:23:15+00:00
P01926,Pharmacy,2026-03-29 09:02:15+00:00
P01926,Billing,2026-03-29 09:33:15+00:00
P01926,Discharge,2026-03-29 09:51:15+00:00
P01927,Patient Arrival,2026-04-13 10:24:00+00:00
P01927,Registration,2026-04-13 10:52:00+00:00
P01927,Waiting,2026-04-13 12:02:00+00:00
P01927,Doctor Consultation,2026-04-13 12:35:00+00:00
P01927,Urine Test,2026-04-13 13:12:00+00:00
P01927,Doctor Consultation,2026-04-13 13:39:00+00:00
P01927,Diagnosis,2026-04-13 14:08:00+00:00
P01927,Treatment,2026-04-13 16:02:00+00:00
P01927,Pharmacy,2026-04-13 16:45:00+00:00
P01927,Billing,2026-04-13 17:23:00+00:00
P01927,Discharge,2026-04-13 17:59:00+00:00
P01930,Patient Arrival,2026-04-03 00:27:50+00:00
P01930,Registration,2026-04-03 01:03:50+00:00
P01930,Waiting,2026-04-03 02:42:50+00:00
P01930,Doctor Consultation,2026-04-03 02:50:50+00:00
P01930,X-Ray,2026-04-03 03:18:50+00:00
P01930,Doctor Consultation,2026-04-03 03:52:50+00:00
P01930,Diagnosis,2026-04-03 04:29:50+00:00
P01930,Treatment,2026-04-03 05:21:50+00:00
P01930,Pharmacy,2026-04-03 06:00:50+00:00
P01930,Billing,2026-04-03 06:42:50+00:00
P01930,Discharge,2026-04-03 07:10:50+00:00
P01931,Patient Arrival,2026-02-12 02:50:00+00:00
P01931,Registration,2026-02-12 03:32:00+00:00
P01931,Waiting,2026-02-12 04:46:00+00:00
P01931,Doctor Consultation,2026-02-12 05:14:00+00:00
P01931,Diagnosis,2026-02-12 05:47:00+00:00
P01931,Treatment,2026-02-12 06:58:00+00:00
P01931,Pharmacy,2026-02-12 07:42:00+00:00
P01931,Billing,2026-02-12 08:02:00+00:00
P01931,Discharge,2026-02-12 08:41:00+00:00
P01933,Patient Arrival,2026-11-26 03:12:52+00:00
P01933,Registration,2026-11-26 03:39:52+00:00
P01933,Waiting,2026-11-26 04:57:52+00:00
P01933,Doctor Consultation,2026-11-26 05:43:52+00:00
P01933,X-Ray,2026-11-26 06:09:52+00:00
P01933,Doctor Consultation,2026-11-26 06:56:52+00:00
P01933,Diagnosis,2026-11-26 07:33:52+00:00
P01933,Treatment,2026-11-26 09:04:52+00:00
P01933,Pharmacy,2026-11-26 09:35:52+00:00
P01933,Billing,2026-11-26 10:21:52+00:00
P01933,Discharge,2026-11-26 10:53:52+00:00
P01935,Patient Arrival,2026-10-12 19:41:41+00:00
P01935,Registration,2026-10-12 20:24:41+00:00
P01935,Waiting,2026-10-12 21:04:41+00:00
P01935,Doctor Consultation,2026-10-12 21:35:41+00:00
P01935,X-Ray,2026-10-12 21:58:41+00:00
P01935,Doctor Consultation,2026-10-12 22:43:41+00:00
P01935,Diagnosis,2026-10-12 23:12:41+00:00
P01935,Treatment,2026-10-13 01:17:41+00:00
P01935,Pharmacy,2026-10-13 01:26:41+00:00
P01935,Billing,2026-10-13 02:15:41+00:00
P01935,Discharge,2026-10-13 02:54:41+00:00
P01938,Patient Arrival,2026-02-24 00:52:42+00:00
P01938,Registration,2026-02-24 01:38:42+00:00
P01938,Waiting,2026-02-24 02:05:42+00:00
P01938,Doctor Consultation,2026-02-24 02:17:42+00:00
P01938,Diagnosis,2026-02-24 02:33:42+00:00
P01938,Treatment,2026-02-24 04:54:42+00:00
P01938,Pharmacy,2026-02-24 05:36:42+00:00
P01938,Billing,2026-02-24 06:08:42+00:00
P01938,Discharge,2026-02-24 06:33:42+00:00
P01941,Patient Arrival,2026-01-03 19:00:28+00:00
P01941,Registration,2026-01-03 19:52:28+00:00
P01941,Waiting,2026-01-03 20:27:28+00:00
P01941,Doctor Consultation,2026-01-03 20:50:28+00:00
P01941,Diagnosis,2026-01-03 21:33:28+00:00
P01941,Treatment,2026-01-03 22:52:28+00:00
P01941,Pharmacy,2026-01-03 23:00:28+00:00
P01941,Billing,2026-01-03 23:25:28+00:00
P01941,Discharge,2026-01-04 00:00:28+00:00
P01945,Patient Arrival,2026-11-27 14:06:44+00:00
P01945,Registration,2026-11-27 14:42:44+00:00
P01945,Waiting,2026-11-27 15:59:44+00:00
P01945,Doctor Consultation,2026-11-27 16:50:44+00:00
P01945,Diagnosis,2026-11-27 17:33:44+00:00
P01945,Ward Transfer,2026-11-27 18:06:44+00:00
P01945,Treatment,2026-11-27 18:50:44+00:00
P01945,Pharmacy,2026-11-27 19:28:44+00:00
P01945,Billing,2026-11-27 20:00:44+00:00
P01945,Discharge,2026-11-27 20:39:44+00:00
P01947,Patient Arrival,2026-11-13 07:28:46+00:00
P01947,Registration,2026-11-13 07:39:46+00:00
P01947,Waiting,2026-11-13 08:28:46+00:00
P01947,Doctor Consultation,2026-11-13 09:11:46+00:00
P01947,Urine Test,2026-11-13 09:28:46+00:00
P01947,Urine Test,2026-11-13 09:28:46+00:00
P01947,Doctor Consultation,2026-11-13 09:47:46+00:00
P01947,Diagnosis,2026-11-13 10:41:46+00:00
P01947,Ward Transfer,2026-11-13 11:30:46+00:00
P01947,Treatment,2026-11-13 12:51:46+00:00
P01947,Pharmacy,2026-11-13 13:43:46+00:00
P01947,Billing,2026-11-13 14:30:46+00:00
P01947,Discharge,2026-11-13 14:58:46+00:00
P01949,Patient Arrival,2026-06-11 15:54:37+00:00
P01949,Registration,2026-06-11 16:03:37+00:00
P01949,Waiting,2026-06-11 17:20:37+00:00
P01949,Doctor Consultation,2026-06-11 17:42:37+00:00
P01949,Urine Test,2026-06-11 18:01:37+00:00
P01949,Doctor Consultation,2026-06-11 18:26:37+00:00
P01949,Diagnosis,2026-06-11 18:51:37+00:00
P01949,Ward Transfer,2026-06-11 19:42:37+00:00
P01949,Treatment,2026-06-11 21:34:37+00:00
P01949,Pharmacy,2026-06-11 22:03:37+00:00
P01949,Billing,2026-06-11 22:33:37+00:00
P01949,Discharge,2026-06-11 22:55:37+00:00
P01952,Patient Arrival,2026-08-29 14:26:38+00:00
P01952,Registration,2026-08-29 15:14:38+00:00
P01952,Waiting,2026-08-29 17:04:38+00:00
P01952,Doctor Consultation,2026-08-29 17:35:38+00:00
P01952,ECG,2026-08-29 18:05:38+00:00
P01952,Doctor Consultation,2026-08-29 18:34:38+00:00
P01952,Diagnosis,2026-08-29 18:46:38+00:00
P01952,Ward Transfer,2026-08-29 19:13:38+00:00
P01952,Treatment,2026-08-29 21:06:38+00:00
P01952,Pharmacy,2026-08-29 21:45:38+00:00
P01952,Billing,2026-08-29 22:13:38+00:00
P01952,Discharge,2026-08-29 22:51:38+00:00
P01959,Patient Arrival,2026-01-08 22:47:55+00:00
P01959,Registration,2026-01-08 23:12:55+00:00
P01959,Waiting,2026-01-09 00:12:55+00:00
P01959,Doctor Consultation,2026-01-09 00:37:55+00:00
P01959,ECG,2026-01-09 01:10:55+00:00
P01959,Doctor Consultation,2026-01-09 01:51:55+00:00
P01959,Diagnosis,2026-01-09 02:29:55+00:00
P01959,Ward Transfer,2026-01-09 03:23:55+00:00
P01959,Treatment,2026-01-09 05:20:55+00:00
P01959,Pharmacy,2026-01-09 05:50:55+00:00
P01959,Billing,2026-01-09 06:13:55+00:00
P01959,Discharge,2026-01-09 06:46:55+00:00
P01961,Patient Arrival,2026-04-07 01:36:50+00:00
P01961,Registration,2026-04-07 02:09:50+00:00
P01961,Waiting,2026-04-07 03:34:50+00:00
P01961,Doctor Consultation,2026-04-07 04:06:50+00:00
P01961,Blood Test,2026-04-07 04:35:50+00:00
P01961,Doctor Consultation,2026-04-07 04:56:50+00:00
P01961,Diagnosis,2026-04-07 05:25:50+00:00
P01961,Treatment,2026-04-07 07:39:50+00:00
P01961,Pharmacy,2026-04-07 08:11:50+00:00
P01961,Billing,2026-04-07 08:50:50+00:00
P01961,Discharge,2026-04-07 09:25:50+00:00
P01963,Patient Arrival,2026-02-08 14:46:44+00:00
P01963,Registration,2026-02-08 15:14:44+00:00
P01963,Waiting,2026-02-08 16:32:44+00:00
P01963,Doctor Consultation,2026-02-08 16:42:44+00:00
P01963,Blood Test,2026-02-08 17:30:44+00:00
P01963,Doctor Consultation,2026-02-08 18:04:44+00:00
P01963,Diagnosis,2026-02-08 18:31:44+00:00
P01963,Treatment,2026-02-08 19:27:44+00:00
P01963,Pharmacy,2026-02-08 20:03:44+00:00
P01963,Billing,2026-02-08 20:26:44+00:00
P01963,Discharge,2026-02-08 21:19:44+00:00
P01966,Patient Arrival,2026-04-03 07:39:50+00:00
P01966,Registration,2026-04-03 08:22:50+00:00
P01966,Waiting,2026-04-03 09:33:50+00:00
P01966,Doctor Consultation,2026-04-03 10:13:50+00:00
P01966,Diagnosis,2026-04-03 10:28:50+00:00
P01966,Treatment,2026-04-03 11:41:50+00:00
P01966,Pharmacy,2026-04-03 12:17:50+00:00
P01966,Billing,2026-04-03 12:58:50+00:00
P01966,Discharge,2026-04-03 13:43:50+00:00
P01970,Patient Arrival,2026-12-04 09:39:47+00:00
P01970,Registration,2026-12-04 10:12:47+00:00
P01970,Waiting,2026-12-04 11:34:47+00:00
P01970,Doctor Consultation,2026-12-04 12:11:47+00:00
P01970,ECG,2026-12-04 12:45:47+00:00
P01970,Doctor Consultation,2026-12-04 13:23:47+00:00
P01970,Diagnosis,2026-12-04 14:10:47+00:00
P01970,Treatment,2026-12-04 15:25:47+00:00
P01970,Pharmacy,2026-12-04 15:58:47+00:00
P01970,Billing,2026-12-04 16:44:47+00:00
P01970,Discharge,2026-12-04 17:24:47+00:00
P01973,Patient Arrival,2026-08-24 15:07:46+00:00
P01973,Registration,2026-08-24 15:38:46+00:00
P01973,Waiting,2026-08-24 16:16:46+00:00
P01973,Doctor Consultation,2026-08-24 16:51:46+00:00
P01973,Diagnosis,2026-08-24 17:43:46+00:00
P01973,Ward Transfer,2026-08-24 18:10:46+00:00
P01973,Treatment,2026-08-24 19:18:46+00:00
P01973,Pharmacy,2026-08-24 19:33:46+00:00
P01973,Billing,2026-08-24 19:43:46+00:00
P01973,Discharge,2026-08-24 20:13:46+00:00
P01976,Patient Arrival,2026-09-14 19:13:20+00:00
P01976,Registration,2026-09-14 19:42:20+00:00
P01976,Waiting,2026-09-14 20:35:20+00:00
P01976,Doctor Consultation,2026-09-14 21:08:20+00:00
P01976,Blood Test,2026-09-14 21:41:20+00:00
P01976,Doctor Consultation,2026-09-14 22:16:20+00:00
P01976,Diagnosis,2026-09-14 22:39:20+00:00
P01976,Treatment,2026-09-15 00:11:20+00:00
P01976,Pharmacy,2026-09-15 00:52:20+00:00
P01976,Billing,2026-09-15 01:38:20+00:00
P01976,Discharge,2026-09-15 02:12:20+00:00
P01978,Patient Arrival,2026-05-08 05:00:55+00:00
P01978,Registration,2026-05-08 05:48:55+00:00
P01978,Waiting,2026-05-08 07:14:55+00:00
P01978,Doctor Consultation,2026-05-08 07:43:55+00:00
P01978,Diagnosis,2026-05-08 08:11:55+00:00
P01978,Ward Transfer,2026-05-08 08:24:55+00:00
P01978,Treatment,2026-05-08 09:21:55+00:00
P01978,Pharmacy,2026-05-08 10:03:55+00:00
P01978,Billing,2026-05-08 10:13:55+00:00
P01978,Discharge,2026-05-08 10:41:55+00:00
P01982,Patient Arrival,2026-01-11 20:33:04+00:00
P01982,Registration,2026-01-11 21:08:04+00:00
P01982,Waiting,2026-01-11 22:45:04+00:00
P01982,Doctor Consultation,2026-01-11 23:11:04+00:00
P01982,Doctor Consultation,2026-01-11 23:11:04+00:00
P01982,Diagnosis,2026-01-11 23:42:04+00:00
P01982,Treatment,2026-01-12 01:22:04+00:00
P01982,Pharmacy,2026-01-12 01:54:04+00:00
P01982,Billing,2026-01-12 02:10:04+00:00
P01982,Discharge,2026-01-12 02:23:04+00:00
P01983,Patient Arrival,2026-06-14 10:12:38+00:00
P01983,Registration,2026-06-14 10:58:38+00:00
P01983,Waiting,2026-06-14 11:41:38+00:00
P01983,Doctor Consultation,2026-06-14 12:09:38+00:00
P01983,Diagnosis,2026-06-14 12:33:38+00:00
P01983,Treatment,2026-06-14 13:31:38+00:00
P01983,Pharmacy,2026-06-14 13:54:38+00:00
P01983,Billing,2026-06-14 14:34:38+00:00
P01983,Discharge,2026-06-14 14:55:38+00:00
P01988,Patient Arrival,2026-05-16 12:31:40+00:00
P01988,Registration,2026-05-16 13:03:40+00:00
P01988,Waiting,2026-05-16 14:15:40+00:00
P01988,Doctor Consultation,2026-05-16 14:48:40+00:00
P01988,Diagnosis,2026-05-16 15:22:40+00:00
P01988,Treatment,2026-05-16 16:43:40+00:00
P01988,Pharmacy,2026-05-16 17:17:40+00:00
P01988,Billing,2026-05-16 17:54:40+00:00
P01988,Discharge,2026-05-16 18:41:40+00:00
P01991,Patient Arrival,2026-06-14 22:44:05+00:00
P01991,Registration,2026-06-14 23:04:05+00:00
P01991,Waiting,2026-06-15 00:01:05+00:00
P01991,Doctor Consultation,2026-06-15 00:19:05+00:00
P01991,ECG,2026-06-15 00:33:05+00:00
P01991,Doctor Consultation,2026-06-15 01:06:05+00:00
P01991,Diagnosis,2026-06-15 01:47:05+00:00
P01991,Treatment,2026-06-15 03:00:05+00:00
P01991,Treatment,2026-06-15 03:00:05+00:00
P01991,Pharmacy,2026-06-15 03:21:05+00:00
P01991,Billing,2026-06-15 03:32:05+00:00
P01991,Discharge,2026-06-15 04:08:05+00:00
P01993,Patient Arrival,2026-06-26 06:17:20+00:00
P01993,Registration,2026-06-26 06:38:20+00:00
P01993,Waiting,2026-06-26 07:34:20+00:00
P01993,Doctor Consultation,2026-06-26 08:01:20+00:00
P01993,Doctor Consultation,2026-06-26 08:01:20+00:00
P01993,ECG,2026-06-26 08:33:20+00:00
P01993,Doctor Consultation,2026-06-26 08:55:20+00:00
P01993,Diagnosis,2026-06-26 09:07:20+00:00
P01993,Treatment,2026-06-26 11:11:20+00:00
P01993,Pharmacy,2026-06-26 11:38:20+00:00
P01993,Billing,2026-06-26 12:08:20+00:00
P01993,Discharge,2026-06-26 12:30:20+00:00
P01996,Patient Arrival,2026-03-21 19:18:18+00:00
P01996,Registration,2026-03-21 19:28:18+00:00
P01996,Waiting,2026-03-21 20:11:18+00:00
P01996,Doctor Consultation,2026-03-21 20:42:18+00:00
P01996,ECG,2026-03-21 21:22:18+00:00
P01996,Doctor Consultation,2026-03-21 22:05:18+00:00
P01996,Diagnosis,2026-03-21 22:30:18+00:00
P01996,Treatment,2026-03-22 00:13:18+00:00
P01996,Pharmacy,2026-03-22 00:46:18+00:00
P01996,Billing,2026-03-22 01:20:18+00:00
P01996,Discharge,2026-03-22 01:52:18+00:00
P02000,Patient Arrival,2026-08-17 21:32:02+00:00
P02000,Registration,2026-08-17 21:46:02+00:00
P02000,Waiting,2026-08-17 23:25:02+00:00
P02000,Doctor Consultation,2026-08-17 23:53:02+00:00
P02000,Diagnosis,2026-08-18 00:16:02+00:00
P02000,Ward Transfer,2026-08-18 00:37:02+00:00
P02000,Treatment,2026-08-18 02:27:02+00:00
P02000,Pharmacy,2026-08-18 03:03:02+00:00
P02000,Billing,2026-08-18 03:21:02+00:00
P02000,Discharge,2026-08-18 03:46:02+00:00
P02000,Discharge,2026-08-18 03:46:02+00:00
P02002,Patient Arrival,2026-09-17 16:01:19+00:00
P02002,Registration,2026-09-17 16:32:19+00:00
P02002,Waiting,2026-09-17 17:35:19+00:00
P02002,Doctor Consultation,2026-09-17 18:23:19+00:00
P02002,X-Ray,2026-09-17 18:50:19+00:00
P02002,Doctor Consultation,2026-09-17 19:19:19+00:00
P02002,Diagnosis,2026-09-17 19:46:19+00:00
P02002,Treatment,2026-09-17 21:12:19+00:00
P02002,Pharmacy,2026-09-17 21:27:19+00:00
P02002,Billing,2026-09-17 21:57:19+00:00
P02002,Discharge,2026-09-17 22:29:19+00:00
P02003,Patient Arrival,2026-08-18 08:46:47+00:00
P02003,Registration,2026-08-18 09:06:47+00:00
P02003,Waiting,2026-08-18 10:29:47+00:00
P02003,Doctor Consultation,2026-08-18 10:50:47+00:00
P02003,Blood Test,2026-08-18 11:34:47+00:00
P02003,Blood Test,2026-08-18 11:34:47+00:00
P02003,Doctor Consultation,2026-08-18 12:06:47+00:00
P02003,Diagnosis,2026-08-18 12:23:47+00:00
P02003,Ward Transfer,2026-08-18 13:10:47+00:00
P02003,Treatment,2026-08-18 14:05:47+00:00
P02003,Pharmacy,2026-08-18 14:34:47+00:00
P02003,Billing,2026-08-18 15:22:47+00:00
P02003,Discharge,2026-08-18 15:34:47+00:00
P02005,Patient Arrival,2026-04-25 00:09:44+00:00
P02005,Registration,2026-04-25 00:58:44+00:00
P02005,Waiting,2026-04-25 01:46:44+00:00
P02005,Doctor Consultation,2026-04-25 02:19:44+00:00
P02005,Diagnosis,2026-04-25 02:35:44+00:00
P02005,Treatment,2026-04-25 04:30:44+00:00
P02005,Pharmacy,2026-04-25 05:14:44+00:00
P02005,Billing,2026-04-25 05:37:44+00:00
P02005,Discharge,2026-04-25 06:14:44+00:00
P02007,Patient Arrival,2026-07-20 11:59:55+00:00
P02007,Registration,2026-07-20 12:29:55+00:00
P02007,Waiting,2026-07-20 13:41:55+00:00
P02007,Doctor Consultation,2026-07-20 14:25:55+00:00
P02007,X-Ray,2026-07-20 14:50:55+00:00
P02007,Doctor Consultation,2026-07-20 15:23:55+00:00
P02007,Diagnosis,2026-07-20 15:36:55+00:00
P02007,Treatment,2026-07-20 17:14:55+00:00
P02007,Pharmacy,2026-07-20 17:41:55+00:00
P02007,Billing,2026-07-20 18:29:55+00:00
P02007,Discharge,2026-07-20 18:41:55+00:00
P02009,Patient Arrival,2026-11-15 18:03:03+00:00
P02009,Registration,2026-11-15 18:33:03+00:00
P02009,Waiting,2026-11-15 20:06:03+00:00
P02009,Doctor Consultation,2026-11-15 20:34:03+00:00
P02009,Blood Test,2026-11-15 20:46:03+00:00
P02009,Doctor Consultation,2026-11-15 21:14:03+00:00
P02009,Diagnosis,2026-11-15 21:44:03+00:00
P02009,Treatment,2026-11-15 23:28:03+00:00
P02009,Pharmacy,2026-11-16 00:07:03+00:00
P02009,Billing,2026-11-16 00:42:03+00:00
P02009,Discharge,2026-11-16 01:04:03+00:00
P02014,Patient Arrival,2026-12-09 04:12:50+00:00
P02014,Registration,2026-12-09 04:51:50+00:00
P02014,Waiting,2026-12-09 06:43:50+00:00
P02014,Doctor Consultation,2026-12-09 07:13:50+00:00
P02014,ECG,2026-12-09 07:57:50+00:00
P02014,Doctor Consultation,2026-12-09 08:14:50+00:00
P02014,Diagnosis,2026-12-09 08:56:50+00:00
P02014,Treatment,2026-12-09 10:01:50+00:00
P02014,Pharmacy,2026-12-09 10:40:50+00:00
P02014,Billing,2026-12-09 11:18:50+00:00
P02014,Discharge,2026-12-09 11:54:50+00:00
P02015,Patient Arrival,2026-12-29 12:19:41+00:00
P02015,Registration,2026-12-29 13:05:41+00:00
P02015,Waiting,2026-12-29 14:12:41+00:00
P02015,Doctor Consultation,2026-12-29 14:42:41+00:00
P02015,Diagnosis,2026-12-29 15:02:41+00:00
P02015,Treatment,2026-12-29 16:11:41+00:00
P02015,Pharmacy,2026-12-29 16:50:41+00:00
P02015,Billing,2026-12-29 17:30:41+00:00
P02015,Discharge,2026-12-29 17:45:41+00:00
P02016,Patient Arrival,2026-09-17 05:41:48+00:00
P02016,Registration,2026-09-17 06:09:48+00:00
P02016,Waiting,2026-09-17 07:18:48+00:00
P02016,Doctor Consultation,2026-09-17 07:41:48+00:00
P02016,Diagnosis,2026-09-17 07:59:48+00:00
P02016,Treatment,2026-09-17 09:56:48+00:00
P02016,Pharmacy,2026-09-17 10:32:48+00:00
P02016,Billing,2026-09-17 11:15:48+00:00
P02016,Discharge,2026-09-17 11:32:48+00:00
P02021,Patient Arrival,2026-11-11 08:03:44+00:00
P02021,Registration,2026-11-11 08:30:44+00:00
P02021,Waiting,2026-11-11 10:09:44+00:00
P02021,Doctor Consultation,2026-11-11 10:36:44+00:00
P02021,Diagnosis,2026-11-11 11:16:44+00:00
P02021,Treatment,2026-11-11 12:56:44+00:00
P02021,Pharmacy,2026-11-11 13:19:44+00:00
P02021,Billing,2026-11-11 13:50:44+00:00
P02021,Discharge,2026-11-11 14:24:44+00:00
P02022,Patient Arrival,2026-11-30 22:43:52+00:00
P02022,Registration,2026-11-30 23:02:52+00:00
P02022,Waiting,2026-12-01 00:46:52+00:00
P02022,Doctor Consultation,2026-12-01 01:24:52+00:00
P02022,Urine Test,2026-12-01 01:55:52+00:00
P02022,Doctor Consultation,2026-12-01 02:10:52+00:00
P02022,Diagnosis,2026-12-01 02:54:52+00:00
P02022,Treatment,2026-12-01 04:42:52+00:00
P02022,Pharmacy,2026-12-01 05:12:52+00:00
P02022,Billing,2026-12-01 05:36:52+00:00
P02022,Discharge,2026-12-01 06:08:52+00:00
P02023,Patient Arrival,2026-09-30 23:30:01+00:00
P02023,Registration,2026-10-01 00:12:01+00:00
P02023,Waiting,2026-10-01 01:37:01+00:00
P02023,Doctor Consultation,2026-10-01 01:55:01+00:00
P02023,ECG,2026-10-01 02:39:01+00:00
P02023,Doctor Consultation,2026-10-01 03:12:01+00:00
P02023,Diagnosis,2026-10-01 03:50:01+00:00
P02023,Treatment,2026-10-01 05:18:01+00:00
P02023,Pharmacy,2026-10-01 05:47:01+00:00
P02023,Billing,2026-10-01 05:59:01+00:00
P02023,Discharge,2026-10-01 06:38:01+00:00
P02025,Patient Arrival,2026-03-04 10:04:41+00:00
P02025,Registration,2026-03-04 10:39:41+00:00
P02025,Waiting,2026-03-04 11:58:41+00:00
P02025,Doctor Consultation,2026-03-04 12:32:41+00:00
P02025,Diagnosis,2026-03-04 13:03:41+00:00
P02025,Ward Transfer,2026-03-04 13:41:41+00:00
P02025,Treatment,2026-03-04 14:55:41+00:00
P02025,Pharmacy,2026-03-04 15:35:41+00:00
P02025,Billing,2026-03-04 16:04:41+00:00
P02025,Discharge,2026-03-04 16:41:41+00:00
P02031,Patient Arrival,2026-07-18 20:11:16+00:00
P02031,Patient Arrival,2026-07-18 20:11:16+00:00
P02031,Registration,2026-07-18 20:21:16+00:00
P02031,Waiting,2026-07-18 21:05:16+00:00
P02031,Doctor Consultation,2026-07-18 21:55:16+00:00
P02031,Blood Test,2026-07-18 22:21:16+00:00
P02031,Doctor Consultation,2026-07-18 22:49:16+00:00
P02031,Diagnosis,2026-07-18 23:23:16+00:00
P02031,Treatment,2026-07-19 00:43:16+00:00
P02031,Pharmacy,2026-07-19 01:15:16+00:00
P02031,Pharmacy,2026-07-19 01:15:16+00:00
P02031,Billing,2026-07-19 02:02:16+00:00
P02031,Discharge,2026-07-19 02:37:16+00:00
P02032,Patient Arrival,2026-07-12 19:53:06+00:00
P02032,Registration,2026-07-12 20:15:06+00:00
P02032,Waiting,2026-07-12 20:42:06+00:00
P02032,Waiting,2026-07-12 20:42:06+00:00
P02032,Doctor Consultation,2026-07-12 21:28:06+00:00
P02032,Blood Test,2026-07-12 22:10:06+00:00
P02032,Doctor Consultation,2026-07-12 22:38:06+00:00
P02032,Blood Test,2026-07-12 23:11:06+00:00
P02032,Doctor Consultation,2026-07-12 23:32:06+00:00
P02032,Diagnosis,2026-07-12 23:59:06+00:00
P02032,Treatment,2026-07-13 00:46:06+00:00
P02032,Pharmacy,2026-07-13 01:00:06+00:00
P02032,Billing,2026-07-13 01:50:06+00:00
P02032,Discharge,2026-07-13 02:16:06+00:00
P02035,Patient Arrival,2026-01-02 11:19:42+00:00
P02035,Registration,2026-01-02 11:33:42+00:00
P02035,Waiting,2026-01-02 12:18:42+00:00
P02035,Doctor Consultation,2026-01-02 12:46:42+00:00
P02035,Blood Test,2026-01-02 13:40:42+00:00
P02035,Doctor Consultation,2026-01-02 14:04:42+00:00
P02035,Diagnosis,2026-01-02 14:52:42+00:00
P02035,Treatment,2026-01-02 16:31:42+00:00
P02035,Pharmacy,2026-01-02 16:56:42+00:00
P02035,Billing,2026-01-02 17:24:42+00:00
P02035,Discharge,2026-01-02 17:52:42+00:00
P02036,Patient Arrival,2026-11-26 14:36:02+00:00
P02036,Registration,2026-11-26 15:06:02+00:00
P02036,Waiting,2026-11-26 15:57:02+00:00
P02036,Waiting,2026-11-26 15:57:02+00:00
P02036,Doctor Consultation,2026-11-26 16:50:02+00:00
P02036,Diagnosis,2026-11-26 17:23:02+00:00
P02036,Treatment,2026-11-26 19:25:02+00:00
P02036,Pharmacy,2026-11-26 20:03:02+00:00
P02036,Billing,2026-11-26 20:36:02+00:00
P02036,Discharge,2026-11-26 20:58:02+00:00
P02037,Patient Arrival,2026-06-14 07:20:01+00:00
P02037,Registration,2026-06-14 07:46:01+00:00
P02037,Waiting,2026-06-14 08:56:01+00:00
P02037,Doctor Consultation,2026-06-14 09:27:01+00:00
P02037,Diagnosis,2026-06-14 10:01:01+00:00
P02037,Treatment,2026-06-14 11:43:01+00:00
P02037,Pharmacy,2026-06-14 12:04:01+00:00
P02037,Billing,2026-06-14 12:33:01+00:00
P02037,Discharge,2026-06-14 13:21:01+00:00
P02038,Patient Arrival,2026-06-21 08:42:41+00:00
P02038,Registration,2026-06-21 09:03:41+00:00
P02038,Waiting,2026-06-21 10:10:41+00:00
P02038,Doctor Consultation,2026-06-21 10:52:41+00:00
P02038,Diagnosis,2026-06-21 11:36:41+00:00
P02038,Ward Transfer,2026-06-21 12:15:41+00:00
P02038,Treatment,2026-06-21 13:52:41+00:00
P02038,Pharmacy,2026-06-21 14:26:41+00:00
P02038,Billing,2026-06-21 15:15:41+00:00
P02038,Discharge,2026-06-21 15:54:41+00:00
P02039,Patient Arrival,2026-05-03 02:52:02+00:00
P02039,Patient Arrival,2026-05-03 02:52:02+00:00
P02039,Registration,2026-05-03 03:13:02+00:00
P02039,Registration,2026-05-03 03:13:02+00:00
P02039,Waiting,2026-05-03 04:51:02+00:00
P02039,Doctor Consultation,2026-05-03 05:18:02+00:00
P02039,Diagnosis,2026-05-03 05:54:02+00:00
P02039,Treatment,2026-05-03 08:09:02+00:00
P02039,Pharmacy,2026-05-03 08:38:02+00:00
P02039,Billing,2026-05-03 09:09:02+00:00
P02039,Discharge,2026-05-03 09:27:02+00:00
P02040,Patient Arrival,2026-09-25 07:50:22+00:00
P02040,Registration,2026-09-25 08:13:22+00:00
P02040,Waiting,2026-09-25 09:51:22+00:00
P02040,Doctor Consultation,2026-09-25 10:36:22+00:00
P02040,Diagnosis,2026-09-25 11:06:22+00:00
P02040,Ward Transfer,2026-09-25 11:43:22+00:00
P02040,Treatment,2026-09-25 13:22:22+00:00
P02040,Pharmacy,2026-09-25 13:47:22+00:00
P02040,Billing,2026-09-25 14:42:22+00:00
P02040,Discharge,2026-09-25 15:10:22+00:00
P02042,Patient Arrival,2026-05-03 11:04:31+00:00
P02042,Registration,2026-05-03 11:56:31+00:00
P02042,Waiting,2026-05-03 12:40:31+00:00
P02042,Doctor Consultation,2026-05-03 13:23:31+00:00
P02042,Diagnosis,2026-05-03 13:40:31+00:00
P02042,Ward Transfer,2026-05-03 14:15:31+00:00
P02042,Treatment,2026-05-03 15:40:31+00:00
P02042,Pharmacy,2026-05-03 16:07:31+00:00
P02042,Billing,2026-05-03 16:40:31+00:00
P02042,Discharge,2026-05-03 17:06:31+00:00
P02043,Patient Arrival,2026-07-08 22:04:49+00:00
P02043,Registration,2026-07-08 22:33:49+00:00
P02043,Waiting,2026-07-08 23:47:49+00:00
P02043,Doctor Consultation,2026-07-09 00:08:49+00:00
P02043,Urine Test,2026-07-09 00:30:49+00:00
P02043,Doctor Consultation,2026-07-09 00:58:49+00:00
P02043,Diagnosis,2026-07-09 01:28:49+00:00
P02043,Treatment,2026-07-09 03:32:49+00:00
P02043,Pharmacy,2026-07-09 04:15:49+00:00
P02043,Pharmacy,2026-07-09 04:15:49+00:00
P02043,Billing,2026-07-09 04:53:49+00:00
P02043,Discharge,2026-07-09 05:13:49+00:00
P02044,Patient Arrival,2026-08-14 17:39:00+00:00
P02044,Registration,2026-08-14 18:05:00+00:00
P02044,Waiting,2026-08-14 19:15:00+00:00
P02044,Doctor Consultation,2026-08-14 19:43:00+00:00
P02044,Diagnosis,2026-08-14 19:55:00+00:00
P02044,Ward Transfer,2026-08-14 20:28:00+00:00
P02044,Treatment,2026-08-14 21:31:00+00:00
P02044,Pharmacy,2026-08-14 22:03:00+00:00
P02044,Billing,2026-08-14 22:23:00+00:00
P02044,Discharge,2026-08-14 22:44:00+00:00
P02045,Patient Arrival,2026-08-27 13:42:48+00:00
P02045,Registration,2026-08-27 14:27:48+00:00
P02045,Waiting,2026-08-27 15:28:48+00:00
P02045,Doctor Consultation,2026-08-27 15:47:48+00:00
P02045,Blood Test,2026-08-27 16:34:48+00:00
P02045,Doctor Consultation,2026-08-27 17:01:48+00:00
P02045,Diagnosis,2026-08-27 17:41:48+00:00
P02045,Treatment,2026-08-27 18:45:48+00:00
P02045,Pharmacy,2026-08-27 19:28:48+00:00
P02045,Pharmacy,2026-08-27 19:28:48+00:00
P02045,Billing,2026-08-27 19:40:48+00:00
P02045,Discharge,2026-08-27 20:11:48+00:00
P02050,Patient Arrival,2026-12-29 06:14:52+00:00
P02050,Registration,2026-12-29 06:43:52+00:00
P02050,Waiting,2026-12-29 08:10:52+00:00
P02050,Doctor Consultation,2026-12-29 08:28:52+00:00
P02050,Blood Test,2026-12-29 09:17:52+00:00
P02050,Doctor Consultation,2026-12-29 09:36:52+00:00
P02050,Diagnosis,2026-12-29 10:28:52+00:00
P02050,Treatment,2026-12-29 11:33:52+00:00
P02050,Pharmacy,2026-12-29 12:03:52+00:00
P02050,Billing,2026-12-29 12:22:52+00:00
P02050,Discharge,2026-12-29 12:44:52+00:00
P02051,Patient Arrival,2026-12-09 15:34:59+00:00
P02051,Registration,2026-12-09 16:27:59+00:00
P02051,Waiting,2026-12-09 17:26:59+00:00
P02051,Doctor Consultation,2026-12-09 18:02:59+00:00
P02051,Diagnosis,2026-12-09 18:45:59+00:00
P02051,Treatment,2026-12-09 19:45:59+00:00
P02051,Pharmacy,2026-12-09 20:35:59+00:00
P02051,Billing,2026-12-09 21:08:59+00:00
P02051,Discharge,2026-12-09 21:41:59+00:00
P02053,Patient Arrival,2026-04-08 21:55:48+00:00
P02053,Registration,2026-04-08 22:19:48+00:00
P02053,Waiting,2026-04-08 23:46:48+00:00
P02053,Doctor Consultation,2026-04-09 00:21:48+00:00
P02053,Diagnosis,2026-04-09 00:41:48+00:00
P02053,Ward Transfer,2026-04-09 01:15:48+00:00
P02053,Treatment,2026-04-09 03:14:48+00:00
P02053,Pharmacy,2026-04-09 03:58:48+00:00
P02053,Billing,2026-04-09 04:49:48+00:00
P02053,Discharge,2026-04-09 05:10:48+00:00
P02057,Patient Arrival,2026-07-25 16:56:04+00:00
P02057,Patient Arrival,2026-07-25 16:56:04+00:00
P02057,Registration,2026-07-25 17:15:04+00:00
P02057,Waiting,2026-07-25 18:18:04+00:00
P02057,Doctor Consultation,2026-07-25 18:56:04+00:00
P02057,Diagnosis,2026-07-25 19:24:04+00:00
P02057,Ward Transfer,2026-07-25 20:01:04+00:00
P02057,Treatment,2026-07-25 21:27:04+00:00
P02057,Pharmacy,2026-07-25 21:55:04+00:00
P02057,Billing,2026-07-25 22:34:04+00:00
P02057,Discharge,2026-07-25 23:12:04+00:00
P02060,Patient Arrival,2026-09-20 19:34:17+00:00
P02060,Patient Arrival,2026-09-20 19:34:17+00:00
P02060,Registration,2026-09-20 19:59:17+00:00
P02060,Waiting,2026-09-20 21:19:17+00:00
P02060,Doctor Consultation,2026-09-20 21:47:17+00:00
P02060,ECG,2026-09-20 22:10:17+00:00
P02060,Doctor Consultation,2026-09-20 22:45:17+00:00
P02060,Diagnosis,2026-09-20 23:21:17+00:00
P02060,Treatment,2026-09-21 00:42:17+00:00
P02060,Pharmacy,2026-09-21 01:02:17+00:00
P02060,Billing,2026-09-21 01:19:17+00:00
P02060,Discharge,2026-09-21 02:06:17+00:00
P02067,Patient Arrival,2026-12-14 11:17:57+00:00
P02067,Registration,2026-12-14 11:45:57+00:00
P02067,Waiting,2026-12-14 12:28:57+00:00
P02067,Doctor Consultation,2026-12-14 12:56:57+00:00
P02067,Blood Test,2026-12-14 13:46:57+00:00
P02067,Doctor Consultation,2026-12-14 14:21:57+00:00
P02067,Diagnosis,2026-12-14 14:38:57+00:00
P02067,Treatment,2026-12-14 16:28:57+00:00
P02067,Pharmacy,2026-12-14 17:10:57+00:00
P02067,Billing,2026-12-14 17:39:57+00:00
P02067,Discharge,2026-12-14 18:22:57+00:00
P02068,Patient Arrival,2026-10-15 20:37:17+00:00
P02068,Registration,2026-10-15 21:08:17+00:00
P02068,Waiting,2026-10-15 22:56:17+00:00
P02068,Doctor Consultation,2026-10-15 23:13:17+00:00
P02068,Urine Test,2026-10-16 00:01:17+00:00
P02068,Doctor Consultation,2026-10-16 00:30:17+00:00
P02068,Diagnosis,2026-10-16 01:07:17+00:00
P02068,Ward Transfer,2026-10-16 01:38:17+00:00
P02068,Treatment,2026-10-16 03:32:17+00:00
P02068,Pharmacy,2026-10-16 04:09:17+00:00
P02068,Billing,2026-10-16 04:42:17+00:00
P02068,Discharge,2026-10-16 04:56:17+00:00
P02069,Patient Arrival,2026-04-19 15:32:32+00:00
P02069,Registration,2026-04-19 15:57:32+00:00
P02069,Waiting,2026-04-19 17:33:32+00:00
P02069,Doctor Consultation,2026-04-19 17:58:32+00:00
P02069,X-Ray,2026-04-19 18:36:32+00:00
P02069,Doctor Consultation,2026-04-19 19:19:32+00:00
P02069,Diagnosis,2026-04-19 19:58:32+00:00
P02069,Ward Transfer,2026-04-19 20:29:32+00:00
P02069,Treatment,2026-04-19 21:53:32+00:00
P02069,Pharmacy,2026-04-19 22:44:32+00:00
P02069,Billing,2026-04-19 23:29:32+00:00
P02069,Discharge,2026-04-20 00:15:32+00:00
P02070,Patient Arrival,2026-07-28 03:48:32+00:00
P02070,Registration,2026-07-28 04:15:32+00:00
P02070,Waiting,2026-07-28 05:26:32+00:00
P02070,Doctor Consultation,2026-07-28 05:58:32+00:00
P02070,Diagnosis,2026-07-28 06:41:32+00:00
P02070,Treatment,2026-07-28 08:24:32+00:00
P02070,Pharmacy,2026-07-28 09:01:32+00:00
P02070,Billing,2026-07-28 09:36:32+00:00
P02070,Discharge,2026-07-28 09:54:32+00:00
P02071,Patient Arrival,2026-09-07 14:41:17+00:00
P02071,Registration,2026-09-07 15:12:17+00:00
P02071,Waiting,2026-09-07 16:06:17+00:00
P02071,Doctor Consultation,2026-09-07 16:32:17+00:00
P02071,Diagnosis,2026-09-07 17:20:17+00:00
P02071,Treatment,2026-09-07 18:22:17+00:00
P02071,Treatment,2026-09-07 18:22:17+00:00
P02071,Pharmacy,2026-09-07 18:59:17+00:00
P02071,Billing,2026-09-07 19:07:17+00:00
P02071,Discharge,2026-09-07 19:46:17+00:00
P02072,Patient Arrival,2026-09-15 01:58:24+00:00
P02072,Registration,2026-09-15 02:32:24+00:00
P02072,Waiting,2026-09-15 03:15:24+00:00
P02072,Doctor Consultation,2026-09-15 03:45:24+00:00
P02072,X-Ray,2026-09-15 04:01:24+00:00
P02072,Doctor Consultation,2026-09-15 04:23:24+00:00
P02072,Diagnosis,2026-09-15 04:52:24+00:00
P02072,Treatment,2026-09-15 06:53:24+00:00
P02072,Pharmacy,2026-09-15 07:08:24+00:00
P02072,Billing,2026-09-15 07:37:24+00:00
P02072,Discharge,2026-09-15 08:06:24+00:00
P02073,Patient Arrival,2026-10-29 21:22:37+00:00
P02073,Registration,2026-10-29 21:42:37+00:00
P02073,Waiting,2026-10-29 23:23:37+00:00
P02073,Doctor Consultation,2026-10-29 23:49:37+00:00
P02073,Blood Test,2026-10-30 00:29:37+00:00
P02073,Doctor Consultation,2026-10-30 01:12:37+00:00
P02073,Diagnosis,2026-10-30 01:49:37+00:00
P02073,Treatment,2026-10-30 02:44:37+00:00
P02073,Pharmacy,2026-10-30 03:07:37+00:00
P02073,Billing,2026-10-30 03:22:37+00:00
P02073,Discharge,2026-10-30 04:07:37+00:00
P02075,Patient Arrival,2026-12-02 01:34:16+00:00
P02075,Registration,2026-12-02 02:13:16+00:00
P02075,Waiting,2026-12-02 03:46:16+00:00
P02075,Doctor Consultation,2026-12-02 04:28:16+00:00
P02075,Blood Test,2026-12-02 05:14:16+00:00
P02075,Doctor Consultation,2026-12-02 05:37:16+00:00
P02075,Diagnosis,2026-12-02 06:23:16+00:00
P02075,Treatment,2026-12-02 07:10:16+00:00
P02075,Pharmacy,2026-12-02 07:47:16+00:00
P02075,Billing,2026-12-02 08:09:16+00:00
P02075,Discharge,2026-12-02 08:58:16+00:00
P02079,Patient Arrival,2026-02-15 18:27:01+00:00
P02079,Registration,2026-02-15 19:05:01+00:00
P02079,Waiting,2026-02-15 19:55:01+00:00
P02079,Doctor Consultation,2026-02-15 20:28:01+00:00
P02079,Diagnosis,2026-02-15 20:47:01+00:00
P02079,Treatment,2026-02-15 21:39:01+00:00
P02079,Pharmacy,2026-02-15 22:15:01+00:00
P02079,Billing,2026-02-15 22:54:01+00:00
P02079,Discharge,2026-02-15 23:30:01+00:00
P02080,Patient Arrival,2026-05-28 16:31:12+00:00
P02080,Registration,2026-05-28 17:06:12+00:00
P02080,Waiting,2026-05-28 17:54:12+00:00
P02080,Doctor Consultation,2026-05-28 18:31:12+00:00
P02080,Urine Test,2026-05-28 19:11:12+00:00
P02080,Doctor Consultation,2026-05-28 19:28:12+00:00
P02080,Diagnosis,2026-05-28 20:12:12+00:00
P02080,Ward Transfer,2026-05-28 20:51:12+00:00
P02080,Treatment,2026-05-28 22:17:12+00:00
P02080,Pharmacy,2026-05-28 22:46:12+00:00
P02080,Billing,2026-05-28 23:31:12+00:00
P02080,Discharge,2026-05-29 00:22:12+00:00
P02081,Patient Arrival,2026-05-31 08:28:36+00:00
P02081,Registration,2026-05-31 08:49:36+00:00
P02081,Waiting,2026-05-31 10:34:36+00:00
P02081,Doctor Consultation,2026-05-31 10:52:36+00:00
P02081,Diagnosis,2026-05-31 11:24:36+00:00
P02081,Ward Transfer,2026-05-31 12:03:36+00:00
P02081,Treatment,2026-05-31 13:32:36+00:00
P02081,Pharmacy,2026-05-31 14:20:36+00:00
P02081,Pharmacy,2026-05-31 14:20:36+00:00
P02081,Billing,2026-05-31 14:34:36+00:00
P02081,Discharge,2026-05-31 15:06:36+00:00
P02082,Patient Arrival,2026-10-09 17:30:05+00:00
P02082,Registration,2026-10-09 17:50:05+00:00
P02082,Waiting,2026-10-09 18:38:05+00:00
P02082,Doctor Consultation,2026-10-09 19:15:05+00:00
P02082,Diagnosis,2026-10-09 19:55:05+00:00
P02082,Ward Transfer,2026-10-09 20:42:05+00:00
P02082,Treatment,2026-10-09 23:01:05+00:00
P02082,Pharmacy,2026-10-09 23:37:05+00:00
P02082,Billing,2026-10-10 00:07:05+00:00
P02082,Discharge,2026-10-10 00:37:05+00:00
P02084,Patient Arrival,2026-09-20 23:49:51+00:00
P02084,Registration,2026-09-21 00:05:51+00:00
P02084,Waiting,2026-09-21 00:44:51+00:00
P02084,Doctor Consultation,2026-09-21 01:33:51+00:00
P02084,Diagnosis,2026-09-21 01:51:51+00:00
P02084,Treatment,2026-09-21 03:48:51+00:00
P02084,Pharmacy,2026-09-21 04:32:51+00:00
P02084,Billing,2026-09-21 04:49:51+00:00
P02084,Discharge,2026-09-21 05:23:51+00:00
P02086,Patient Arrival,2026-12-18 00:25:18+00:00
P02086,Registration,2026-12-18 00:41:18+00:00
P02086,Waiting,2026-12-18 01:31:18+00:00
P02086,Doctor Consultation,2026-12-18 01:49:18+00:00
P02086,Blood Test,2026-12-18 02:23:18+00:00
P02086,Doctor Consultation,2026-12-18 02:54:18+00:00
P02086,Diagnosis,2026-12-18 03:20:18+00:00
P02086,Treatment,2026-12-18 04:39:18+00:00
P02086,Pharmacy,2026-12-18 04:56:18+00:00
P02086,Billing,2026-12-18 05:34:18+00:00
P02086,Discharge,2026-12-18 06:17:18+00:00
P02089,Patient Arrival,2026-01-07 04:30:26+00:00
P02089,Registration,2026-01-07 05:03:26+00:00
P02089,Waiting,2026-01-07 06:10:26+00:00
P02089,Doctor Consultation,2026-01-07 07:02:26+00:00
P02089,Urine Test,2026-01-07 07:21:26+00:00
P02089,Doctor Consultation,2026-01-07 07:42:26+00:00
P02089,Diagnosis,2026-01-07 08:15:26+00:00
P02089,Ward Transfer,2026-01-07 09:07:26+00:00
P02089,Treatment,2026-01-07 10:35:26+00:00
P02089,Pharmacy,2026-01-07 11:21:26+00:00
P02089,Billing,2026-01-07 12:02:26+00:00
P02089,Discharge,2026-01-07 12:30:26+00:00
P02091,Patient Arrival,2026-08-05 01:47:49+00:00
P02091,Registration,2026-08-05 02:39:49+00:00
P02091,Waiting,2026-08-05 03:27:49+00:00
P02091,Doctor Consultation,2026-08-05 03:43:49+00:00
P02091,Diagnosis,2026-08-05 04:00:49+00:00
P02091,Treatment,2026-08-05 04:50:49+00:00
P02091,Pharmacy,2026-08-05 05:04:49+00:00
P02091,Billing,2026-08-05 05:29:49+00:00
P02091,Discharge,2026-08-05 06:06:49+00:00
P02092,Patient Arrival,2026-08-27 22:39:56+00:00
P02092,Registration,2026-08-27 23:16:56+00:00
P02092,Waiting,2026-08-28 01:02:56+00:00
P02092,Waiting,2026-08-28 01:02:56+00:00
P02092,Doctor Consultation,2026-08-28 01:35:56+00:00
P02092,Diagnosis,2026-08-28 02:20:56+00:00
P02092,Ward Transfer,2026-08-28 03:09:56+00:00
P02092,Treatment,2026-08-28 05:20:56+00:00
P02092,Pharmacy,2026-08-28 05:58:56+00:00
P02092,Billing,2026-08-28 06:29:56+00:00
P02092,Discharge,2026-08-28 07:13:56+00:00
P02096,Patient Arrival,2026-05-21 15:03:32+00:00
P02096,Registration,2026-05-21 15:34:32+00:00
P02096,Waiting,2026-05-21 16:54:32+00:00
P02096,Doctor Consultation,2026-05-21 17:22:32+00:00
P02096,Urine Test,2026-05-21 17:54:32+00:00
P02096,Doctor Consultation,2026-05-21 18:25:32+00:00
P02096,Diagnosis,2026-05-21 18:57:32+00:00
P02096,Treatment,2026-05-21 19:59:32+00:00
P02096,Pharmacy,2026-05-21 20:38:32+00:00
P02096,Billing,2026-05-21 21:07:32+00:00
P02096,Discharge,2026-05-21 21:33:32+00:00
P02099,Patient Arrival,2026-03-05 13:01:56+00:00
P02099,Registration,2026-03-05 13:41:56+00:00
P02099,Waiting,2026-03-05 15:08:56+00:00
P02099,Doctor Consultation,2026-03-05 15:28:56+00:00
P02099,Diagnosis,2026-03-05 15:48:56+00:00
P02099,Ward Transfer,2026-03-05 16:17:56+00:00
P02099,Treatment,2026-03-05 17:04:56+00:00
P02099,Pharmacy,2026-03-05 17:35:56+00:00
P02099,Billing,2026-03-05 18:03:56+00:00
P02099,Discharge,2026-03-05 18:29:56+00:00
P02102,Patient Arrival,2026-12-05 02:27:53+00:00
P02102,Registration,2026-12-05 03:07:53+00:00
P02102,Waiting,2026-12-05 03:52:53+00:00
P02102,Doctor Consultation,2026-12-05 04:05:53+00:00
P02102,Diagnosis,2026-12-05 04:43:53+00:00
P02102,Ward Transfer,2026-12-05 05:16:53+00:00
P02102,Treatment,2026-12-05 06:56:53+00:00
P02102,Pharmacy,2026-12-05 07:24:53+00:00
P02102,Billing,2026-12-05 07:43:53+00:00
P02102,Discharge,2026-12-05 07:55:53+00:00
P02104,Patient Arrival,2026-12-03 02:40:47+00:00
P02104,Registration,2026-12-03 03:02:47+00:00
P02104,Waiting,2026-12-03 03:53:47+00:00
P02104,Doctor Consultation,2026-12-03 04:28:47+00:00
P02104,Diagnosis,2026-12-03 05:02:47+00:00
P02104,Treatment,2026-12-03 07:01:47+00:00
P02104,Pharmacy,2026-12-03 07:39:47+00:00
P02104,Billing,2026-12-03 08:03:47+00:00
P02104,Discharge,2026-12-03 08:25:47+00:00
P02107,Patient Arrival,2026-08-07 18:57:27+00:00
P02107,Registration,2026-08-07 19:25:27+00:00
P02107,Waiting,2026-08-07 21:09:27+00:00
P02107,Doctor Consultation,2026-08-07 21:30:27+00:00
P02107,Diagnosis,2026-08-07 22:06:27+00:00
P02107,Treatment,2026-08-07 23:09:27+00:00
P02107,Pharmacy,2026-08-07 23:38:27+00:00
P02107,Billing,2026-08-08 00:06:27+00:00
P02107,Billing,2026-08-08 00:06:27+00:00
P02107,Discharge,2026-08-08 00:36:27+00:00
P02109,Patient Arrival,2026-03-30 15:51:26+00:00
P02109,Registration,2026-03-30 16:20:26+00:00
P02109,Waiting,2026-03-30 17:57:26+00:00
P02109,Doctor Consultation,2026-03-30 18:29:26+00:00
P02109,Diagnosis,2026-03-30 19:09:26+00:00
P02109,Ward Transfer,2026-03-30 19:36:26+00:00
P02109,Treatment,2026-03-30 21:42:26+00:00
P02109,Pharmacy,2026-03-30 22:05:26+00:00
P02109,Billing,2026-03-30 22:39:26+00:00
P02109,Discharge,2026-03-30 23:10:26+00:00
P02111,Patient Arrival,2026-07-16 03:37:53+00:00
P02111,Registration,2026-07-16 04:18:53+00:00
P02111,Waiting,2026-07-16 05:58:53+00:00
P02111,Doctor Consultation,2026-07-16 06:45:53+00:00
P02111,Blood Test,2026-07-16 07:19:53+00:00
P02111,Doctor Consultation,2026-07-16 08:11:53+00:00
P02111,Diagnosis,2026-07-16 08:28:53+00:00
P02111,Ward Transfer,2026-07-16 08:41:53+00:00
P02111,Treatment,2026-07-16 10:09:53+00:00
P02111,Pharmacy,2026-07-16 10:46:53+00:00
P02111,Billing,2026-07-16 11:21:53+00:00
P02111,Discharge,2026-07-16 11:47:53+00:00
P02112,Patient Arrival,2026-07-23 01:00:17+00:00
P02112,Registration,2026-07-23 01:35:17+00:00
P02112,Waiting,2026-07-23 02:27:17+00:00
P02112,Doctor Consultation,2026-07-23 02:51:17+00:00
P02112,Diagnosis,2026-07-23 03:21:17+00:00
P02112,Ward Transfer,2026-07-23 04:11:17+00:00
P02112,Treatment,2026-07-23 06:34:17+00:00
P02112,Pharmacy,2026-07-23 06:55:17+00:00
P02112,Billing,2026-07-23 07:33:17+00:00
P02112,Discharge,2026-07-23 08:05:17+00:00
P02114,Patient Arrival,2026-05-02 02:10:30+00:00
P02114,Registration,2026-05-02 02:41:30+00:00
P02114,Waiting,2026-05-02 04:11:30+00:00
P02114,Doctor Consultation,2026-05-02 04:32:30+00:00
P02114,Diagnosis,2026-05-02 04:52:30+00:00
P02114,Treatment,2026-05-02 05:37:30+00:00
P02114,Pharmacy,2026-05-02 06:07:30+00:00
P02114,Billing,2026-05-02 06:29:30+00:00
P02114,Discharge,2026-05-02 06:56:30+00:00
P02116,Patient Arrival,2026-03-25 05:01:59+00:00
P02116,Registration,2026-03-25 05:32:59+00:00
P02116,Waiting,2026-03-25 06:30:59+00:00
P02116,Waiting,2026-03-25 06:30:59+00:00
P02116,Doctor Consultation,2026-03-25 07:13:59+00:00
P02116,ECG,2026-03-25 07:26:59+00:00
P02116,Doctor Consultation,2026-03-25 07:47:59+00:00
P02116,Blood Test,2026-03-25 08:30:59+00:00
P02116,Doctor Consultation,2026-03-25 08:57:59+00:00
P02116,Diagnosis,2026-03-25 09:30:59+00:00
P02116,Treatment,2026-03-25 10:53:59+00:00
P02116,Pharmacy,2026-03-25 11:12:59+00:00
P02116,Billing,2026-03-25 11:40:59+00:00
P02116,Discharge,2026-03-25 12:13:59+00:00
P02118,Patient Arrival,2026-08-02 03:51:54+00:00
P02118,Registration,2026-08-02 04:25:54+00:00
P02118,Waiting,2026-08-02 05:17:54+00:00
P02118,Doctor Consultation,2026-08-02 05:42:54+00:00
P02118,Diagnosis,2026-08-02 06:15:54+00:00
P02118,Ward Transfer,2026-08-02 06:33:54+00:00
P02118,Treatment,2026-08-02 08:01:54+00:00
P02118,Pharmacy,2026-08-02 08:23:54+00:00
P02118,Billing,2026-08-02 08:34:54+00:00
P02118,Discharge,2026-08-02 09:28:54+00:00
P02119,Patient Arrival,2026-03-30 20:12:47+00:00
P02119,Registration,2026-03-30 20:46:47+00:00
P02119,Waiting,2026-03-30 21:34:47+00:00
P02119,Doctor Consultation,2026-03-30 22:15:47+00:00
P02119,Diagnosis,2026-03-30 22:40:47+00:00
P02119,Treatment,2026-03-31 00:07:47+00:00
P02119,Pharmacy,2026-03-31 00:17:47+00:00
P02119,Billing,2026-03-31 00:55:47+00:00
P02119,Discharge,2026-03-31 01:07:47+00:00
P02121,Patient Arrival,2026-02-01 10:37:42+00:00
P02121,Registration,2026-02-01 10:49:42+00:00
P02121,Waiting,2026-02-01 12:47:42+00:00
P02121,Doctor Consultation,2026-02-01 13:16:42+00:00
P02121,Diagnosis,2026-02-01 13:48:42+00:00
P02121,Treatment,2026-02-01 15:26:42+00:00
P02121,Pharmacy,2026-02-01 16:12:42+00:00
P02121,Billing,2026-02-01 16:39:42+00:00
P02121,Discharge,2026-02-01 17:02:42+00:00
P02122,Patient Arrival,2026-12-31 05:15:09+00:00
P02122,Registration,2026-12-31 05:49:09+00:00
P02122,Waiting,2026-12-31 07:10:09+00:00
P02122,Doctor Consultation,2026-12-31 07:24:09+00:00
P02122,X-Ray,2026-12-31 08:02:09+00:00
P02122,Doctor Consultation,2026-12-31 08:18:09+00:00
P02122,Diagnosis,2026-12-31 09:05:09+00:00
P02122,Ward Transfer,2026-12-31 09:32:09+00:00
P02122,Treatment,2026-12-31 10:46:09+00:00
P02122,Pharmacy,2026-12-31 11:07:09+00:00
P02122,Billing,2026-12-31 11:53:09+00:00
P02122,Discharge,2026-12-31 12:09:09+00:00
P02130,Patient Arrival,2026-10-01 19:51:30+00:00
P02130,Registration,2026-10-01 20:12:30+00:00
P02130,Waiting,2026-10-01 21:06:30+00:00
P02130,Doctor Consultation,2026-10-01 21:41:30+00:00
P02130,X-Ray,2026-10-01 22:25:30+00:00
P02130,Doctor Consultation,2026-10-01 22:59:30+00:00
P02130,Diagnosis,2026-10-01 23:26:30+00:00
P02130,Ward Transfer,2026-10-01 23:53:30+00:00
P02130,Treatment,2026-10-02 02:13:30+00:00
P02130,Pharmacy,2026-10-02 02:32:30+00:00
P02130,Billing,2026-10-02 02:46:30+00:00
P02130,Discharge,2026-10-02 03:25:30+00:00
P02132,Patient Arrival,2026-03-26 07:57:35+00:00
P02132,Registration,2026-03-26 08:27:35+00:00
P02132,Waiting,2026-03-26 09:56:35+00:00
P02132,Doctor Consultation,2026-03-26 10:26:35+00:00
P02132,Urine Test,2026-03-26 11:03:35+00:00
P02132,Doctor Consultation,2026-03-26 11:22:35+00:00
P02132,Diagnosis,2026-03-26 11:55:35+00:00
P02132,Ward Transfer,2026-03-26 12:16:35+00:00
P02132,Treatment,2026-03-26 14:14:35+00:00
P02132,Pharmacy,2026-03-26 14:28:35+00:00
P02132,Billing,2026-03-26 15:08:35+00:00
P02132,Discharge,2026-03-26 15:44:35+00:00
P02133,Patient Arrival,2026-03-25 15:59:20+00:00
P02133,Registration,2026-03-25 16:41:20+00:00
P02133,Waiting,2026-03-25 17:16:20+00:00
P02133,Doctor Consultation,2026-03-25 17:29:20+00:00
P02133,Blood Test,2026-03-25 17:48:20+00:00
P02133,Doctor Consultation,2026-03-25 18:12:20+00:00
P02133,Diagnosis,2026-03-25 18:41:20+00:00
P02133,Treatment,2026-03-25 20:08:20+00:00
P02133,Pharmacy,2026-03-25 20:24:20+00:00
P02133,Billing,2026-03-25 20:56:20+00:00
P02133,Discharge,2026-03-25 21:10:20+00:00
P02134,Patient Arrival,2026-12-20 16:55:04+00:00
P02134,Registration,2026-12-20 17:21:04+00:00
P02134,Waiting,2026-12-20 18:35:04+00:00
P02134,Doctor Consultation,2026-12-20 19:11:04+00:00
P02134,ECG,2026-12-20 19:33:04+00:00
P02134,Doctor Consultation,2026-12-20 20:06:04+00:00
P02134,Diagnosis,2026-12-20 20:39:04+00:00
P02134,Treatment,2026-12-20 22:10:04+00:00
P02134,Pharmacy,2026-12-20 22:59:04+00:00
P02134,Billing,2026-12-20 23:20:04+00:00
P02134,Billing,2026-12-20 23:20:04+00:00
P02134,Discharge,2026-12-20 23:46:04+00:00
P02136,Patient Arrival,2026-06-08 15:15:26+00:00
P02136,Registration,2026-06-08 16:00:26+00:00
P02136,Waiting,2026-06-08 17:07:26+00:00
P02136,Doctor Consultation,2026-06-08 17:35:26+00:00
P02136,Urine Test,2026-06-08 18:26:26+00:00
P02136,Doctor Consultation,2026-06-08 18:54:26+00:00
P02136,Diagnosis,2026-06-08 19:32:26+00:00
P02136,Treatment,2026-06-08 20:58:26+00:00
P02136,Pharmacy,2026-06-08 21:35:26+00:00
P02136,Billing,2026-06-08 22:00:26+00:00
P02136,Discharge,2026-06-08 22:28:26+00:00
P02137,Patient Arrival,2026-11-17 10:52:46+00:00
P02137,Registration,2026-11-17 11:30:46+00:00
P02137,Waiting,2026-11-17 12:19:46+00:00
P02137,Doctor Consultation,2026-11-17 13:00:46+00:00
P02137,Diagnosis,2026-11-17 13:46:46+00:00
P02137,Treatment,2026-11-17 16:01:46+00:00
P02137,Pharmacy,2026-11-17 16:33:46+00:00
P02137,Pharmacy,2026-11-17 16:33:46+00:00
P02137,Billing,2026-11-17 17:13:46+00:00
P02137,Discharge,2026-11-17 18:01:46+00:00
P02138,Patient Arrival,2026-07-06 08:59:08+00:00
P02138,Registration,2026-07-06 09:16:08+00:00
P02138,Waiting,2026-07-06 10:29:08+00:00
P02138,Doctor Consultation,2026-07-06 11:13:08+00:00
P02138,Blood Test,2026-07-06 11:43:08+00:00
P02138,Doctor Consultation,2026-07-06 12:35:08+00:00
P02138,Diagnosis,2026-07-06 13:09:08+00:00
P02138,Treatment,2026-07-06 14:10:08+00:00
P02138,Pharmacy,2026-07-06 14:20:08+00:00
P02138,Billing,2026-07-06 14:49:08+00:00
P02138,Discharge,2026-07-06 15:15:08+00:00
P02140,Patient Arrival,2026-05-27 17:58:47+00:00
P02140,Registration,2026-05-27 18:32:47+00:00
P02140,Waiting,2026-05-27 19:55:47+00:00
P02140,Doctor Consultation,2026-05-27 20:20:47+00:00
P02140,Diagnosis,2026-05-27 20:40:47+00:00
P02140,Treatment,2026-05-27 22:42:47+00:00
P02140,Pharmacy,2026-05-27 23:23:47+00:00
P02140,Billing,2026-05-27 23:39:47+00:00
P02140,Discharge,2026-05-28 00:22:47+00:00
P02141,Patient Arrival,2026-03-24 21:17:52+00:00
P02141,Registration,2026-03-24 21:32:52+00:00
P02141,Waiting,2026-03-24 22:58:52+00:00
P02141,Doctor Consultation,2026-03-24 23:17:52+00:00
P02141,Diagnosis,2026-03-24 23:50:52+00:00
P02141,Ward Transfer,2026-03-25 00:36:52+00:00
P02141,Treatment,2026-03-25 02:38:52+00:00
P02141,Pharmacy,2026-03-25 02:57:52+00:00
P02141,Billing,2026-03-25 03:28:52+00:00
P02141,Discharge,2026-03-25 03:39:52+00:00
P02142,Patient Arrival,2026-01-25 02:40:36+00:00
P02142,Registration,2026-01-25 03:22:36+00:00
P02142,Waiting,2026-01-25 05:08:36+00:00
P02142,Doctor Consultation,2026-01-25 05:40:36+00:00
P02142,Diagnosis,2026-01-25 06:19:36+00:00
P02142,Treatment,2026-01-25 07:15:36+00:00
P02142,Pharmacy,2026-01-25 07:43:36+00:00
P02142,Billing,2026-01-25 07:57:36+00:00
P02142,Discharge,2026-01-25 08:26:36+00:00
P02143,Patient Arrival,2026-11-29 19:05:18+00:00
P02143,Registration,2026-11-29 19:33:18+00:00
P02143,Registration,2026-11-29 19:33:18+00:00
P02143,Waiting,2026-11-29 20:38:18+00:00
P02143,Doctor Consultation,2026-11-29 20:55:18+00:00
P02143,Diagnosis,2026-11-29 21:18:18+00:00
P02143,Treatment,2026-11-29 22:26:18+00:00
P02143,Pharmacy,2026-11-29 22:56:18+00:00
P02143,Billing,2026-11-29 23:34:18+00:00
P02143,Discharge,2026-11-30 00:12:18+00:00
P02145,Patient Arrival,2026-03-01 04:20:22+00:00
P02145,Registration,2026-03-01 04:58:22+00:00
P02145,Waiting,2026-03-01 06:10:22+00:00
P02145,Doctor Consultation,2026-03-01 06:29:22+00:00
P02145,X-Ray,2026-03-01 07:16:22+00:00
P02145,X-Ray,2026-03-01 07:16:22+00:00
P02145,Doctor Consultation,2026-03-01 07:55:22+00:00
P02145,Diagnosis,2026-03-01 08:33:22+00:00
P02145,Treatment,2026-03-01 10:05:22+00:00
P02145,Pharmacy,2026-03-01 10:47:22+00:00
P02145,Billing,2026-03-01 10:54:22+00:00
P02145,Discharge,2026-03-01 11:36:22+00:00
P02147,Patient Arrival,2026-08-09 00:19:53+00:00
P02147,Registration,2026-08-09 01:13:53+00:00
P02147,Waiting,2026-08-09 03:00:53+00:00
P02147,Doctor Consultation,2026-08-09 03:49:53+00:00
P02147,Diagnosis,2026-08-09 04:36:53+00:00
P02147,Ward Transfer,2026-08-09 05:15:53+00:00
P02147,Treatment,2026-08-09 06:45:53+00:00
P02147,Pharmacy,2026-08-09 07:29:53+00:00
P02147,Billing,2026-08-09 08:07:53+00:00
P02147,Discharge,2026-08-09 08:43:53+00:00
P02151,Patient Arrival,2026-09-30 08:42:30+00:00
P02151,Registration,2026-09-30 08:54:30+00:00
P02151,Waiting,2026-09-30 10:19:30+00:00
P02151,Doctor Consultation,2026-09-30 11:00:30+00:00
P02151,Diagnosis,2026-09-30 11:45:30+00:00
P02151,Ward Transfer,2026-09-30 12:00:30+00:00
P02151,Treatment,2026-09-30 13:09:30+00:00
P02151,Pharmacy,2026-09-30 13:31:30+00:00
P02151,Billing,2026-09-30 14:21:30+00:00
P02151,Discharge,2026-09-30 14:38:30+00:00
P02152,Patient Arrival,2026-07-23 03:59:35+00:00
P02152,Registration,2026-07-23 04:40:35+00:00
P02152,Waiting,2026-07-23 05:58:35+00:00
P02152,Doctor Consultation,2026-07-23 06:28:35+00:00
P02152,Blood Test,2026-07-23 07:11:35+00:00
P02152,Doctor Consultation,2026-07-23 07:32:35+00:00
P02152,Diagnosis,2026-07-23 07:46:35+00:00
P02152,Ward Transfer,2026-07-23 08:14:35+00:00
P02152,Treatment,2026-07-23 09:04:35+00:00
P02152,Pharmacy,2026-07-23 09:30:35+00:00
P02152,Billing,2026-07-23 09:54:35+00:00
P02152,Discharge,2026-07-23 10:37:35+00:00
P02153,Patient Arrival,2026-03-24 11:04:34+00:00
P02153,Registration,2026-03-24 11:39:34+00:00
P02153,Waiting,2026-03-24 13:13:34+00:00
P02153,Doctor Consultation,2026-03-24 13:39:34+00:00
P02153,X-Ray,2026-03-24 13:52:34+00:00
P02153,Doctor Consultation,2026-03-24 14:22:34+00:00
P02153,Diagnosis,2026-03-24 15:04:34+00:00
P02153,Treatment,2026-03-24 16:21:34+00:00
P02153,Pharmacy,2026-03-24 16:51:34+00:00
P02153,Billing,2026-03-24 17:29:34+00:00
P02153,Discharge,2026-03-24 17:59:34+00:00
P02156,Patient Arrival,2026-12-20 05:36:15+00:00
P02156,Registration,2026-12-20 06:20:15+00:00
P02156,Waiting,2026-12-20 07:40:15+00:00
P02156,Doctor Consultation,2026-12-20 08:10:15+00:00
P02156,Blood Test,2026-12-20 08:50:15+00:00
P02156,Doctor Consultation,2026-12-20 09:28:15+00:00
P02156,Diagnosis,2026-12-20 10:03:15+00:00
P02156,Ward Transfer,2026-12-20 10:39:15+00:00
P02156,Treatment,2026-12-20 12:27:15+00:00
P02156,Pharmacy,2026-12-20 12:59:15+00:00
P02156,Billing,2026-12-20 13:32:15+00:00
P02156,Discharge,2026-12-20 14:11:15+00:00
P02159,Patient Arrival,2026-09-12 16:13:32+00:00
P02159,Registration,2026-09-12 16:40:32+00:00
P02159,Waiting,2026-09-12 18:12:32+00:00
P02159,Doctor Consultation,2026-09-12 18:25:32+00:00
P02159,Blood Test,2026-09-12 18:38:32+00:00
P02159,Doctor Consultation,2026-09-12 18:56:32+00:00
P02159,Diagnosis,2026-09-12 19:37:32+00:00
P02159,Treatment,2026-09-12 21:29:32+00:00
P02159,Pharmacy,2026-09-12 22:13:32+00:00
P02159,Billing,2026-09-12 23:00:32+00:00
P02159,Discharge,2026-09-12 23:12:32+00:00
P02160,Patient Arrival,2026-10-04 07:04:52+00:00
P02160,Registration,2026-10-04 07:32:52+00:00
P02160,Waiting,2026-10-04 09:04:52+00:00
P02160,Doctor Consultation,2026-10-04 09:36:52+00:00
P02160,X-Ray,2026-10-04 10:03:52+00:00
P02160,Doctor Consultation,2026-10-04 10:29:52+00:00
P02160,Diagnosis,2026-10-04 11:03:52+00:00
P02160,Treatment,2026-10-04 12:17:52+00:00
P02160,Treatment,2026-10-04 12:17:52+00:00
P02160,Pharmacy,2026-10-04 12:46:52+00:00
P02160,Billing,2026-10-04 13:27:52+00:00
P02160,Discharge,2026-10-04 14:07:52+00:00
P02162,Patient Arrival,2026-02-19 18:15:59+00:00
P02162,Registration,2026-02-19 18:49:59+00:00
P02162,Waiting,2026-02-19 20:15:59+00:00
P02162,Doctor Consultation,2026-02-19 20:42:59+00:00
P02162,ECG,2026-02-19 21:13:59+00:00
P02162,Doctor Consultation,2026-02-19 21:41:59+00:00
P02162,Diagnosis,2026-02-19 22:08:59+00:00
P02162,Treatment,2026-02-19 23:28:59+00:00
P02162,Pharmacy,2026-02-20 00:01:59+00:00
P02162,Billing,2026-02-20 00:35:59+00:00
P02162,Discharge,2026-02-20 01:12:59+00:00
P02163,Patient Arrival,2026-06-12 15:52:39+00:00
P02163,Registration,2026-06-12 16:30:39+00:00
P02163,Waiting,2026-06-12 17:40:39+00:00
P02163,Doctor Consultation,2026-06-12 18:21:39+00:00
P02163,Diagnosis,2026-06-12 19:02:39+00:00
P02163,Ward Transfer,2026-06-12 19:22:39+00:00
P02163,Treatment,2026-06-12 20:02:39+00:00
P02163,Pharmacy,2026-06-12 20:41:39+00:00
P02163,Billing,2026-06-12 21:18:39+00:00
P02163,Discharge,2026-06-12 21:43:39+00:00
P02164,Patient Arrival,2026-11-05 08:29:08+00:00
P02164,Registration,2026-11-05 08:55:08+00:00
P02164,Waiting,2026-11-05 10:20:08+00:00
P02164,Doctor Consultation,2026-11-05 10:50:08+00:00
P02164,Diagnosis,2026-11-05 11:37:08+00:00
P02164,Ward Transfer,2026-11-05 11:54:08+00:00
P02164,Treatment,2026-11-05 14:10:08+00:00
P02164,Pharmacy,2026-11-05 14:49:08+00:00
P02164,Billing,2026-11-05 15:25:08+00:00
P02164,Discharge,2026-11-05 15:48:08+00:00
P02166,Patient Arrival,2026-07-02 18:20:06+00:00
P02166,Registration,2026-07-02 18:48:06+00:00
P02166,Waiting,2026-07-02 19:34:06+00:00
P02166,Doctor Consultation,2026-07-02 19:56:06+00:00
P02166,X-Ray,2026-07-02 20:24:06+00:00
P02166,Doctor Consultation,2026-07-02 20:56:06+00:00
P02166,Diagnosis,2026-07-02 21:33:06+00:00
P02166,Ward Transfer,2026-07-02 21:46:06+00:00
P02166,Treatment,2026-07-02 23:21:06+00:00
P02166,Pharmacy,2026-07-02 23:47:06+00:00
P02166,Billing,2026-07-03 00:31:06+00:00
P02166,Discharge,2026-07-03 01:02:06+00:00
P02171,Patient Arrival,2026-10-24 16:43:01+00:00
P02171,Registration,2026-10-24 17:00:01+00:00
P02171,Waiting,2026-10-24 17:59:01+00:00
P02171,Doctor Consultation,2026-10-24 18:25:01+00:00
P02171,Diagnosis,2026-10-24 18:54:01+00:00
P02171,Treatment,2026-10-24 19:56:01+00:00
P02171,Pharmacy,2026-10-24 20:21:01+00:00
P02171,Billing,2026-10-24 21:09:01+00:00
P02171,Discharge,2026-10-24 21:51:01+00:00
P02173,Patient Arrival,2026-03-16 01:24:36+00:00
P02173,Registration,2026-03-16 02:03:36+00:00
P02173,Waiting,2026-03-16 02:49:36+00:00
P02173,Doctor Consultation,2026-03-16 03:32:36+00:00
P02173,Urine Test,2026-03-16 04:13:36+00:00
P02173,Doctor Consultation,2026-03-16 04:46:36+00:00
P02173,Diagnosis,2026-03-16 05:18:36+00:00
P02173,Ward Transfer,2026-03-16 05:54:36+00:00
P02173,Treatment,2026-03-16 07:00:36+00:00
P02173,Pharmacy,2026-03-16 07:44:36+00:00
P02173,Pharmacy,2026-03-16 07:44:36+00:00
P02173,Billing,2026-03-16 08:04:36+00:00
P02173,Discharge,2026-03-16 08:29:36+00:00
P02175,Patient Arrival,2026-07-20 05:52:52+00:00
P02175,Registration,2026-07-20 06:26:52+00:00
P02175,Waiting,2026-07-20 07:22:52+00:00
P02175,Doctor Consultation,2026-07-20 07:57:52+00:00
P02175,Blood Test,2026-07-20 08:45:52+00:00
P02175,Doctor Consultation,2026-07-20 09:09:52+00:00
P02175,Diagnosis,2026-07-20 09:34:52+00:00
P02175,Treatment,2026-07-20 10:50:52+00:00
P02175,Pharmacy,2026-07-20 11:24:52+00:00
P02175,Billing,2026-07-20 11:42:52+00:00
P02175,Discharge,2026-07-20 12:11:52+00:00
P02176,Patient Arrival,2026-02-08 10:40:43+00:00
P02176,Registration,2026-02-08 11:04:43+00:00
P02176,Waiting,2026-02-08 12:49:43+00:00
P02176,Doctor Consultation,2026-02-08 13:26:43+00:00
P02176,Diagnosis,2026-02-08 14:01:43+00:00
P02176,Treatment,2026-02-08 14:59:43+00:00
P02176,Pharmacy,2026-02-08 15:29:43+00:00
P02176,Billing,2026-02-08 16:02:43+00:00
P02176,Discharge,2026-02-08 16:30:43+00:00
P02178,Patient Arrival,2026-04-20 18:06:46+00:00
P02178,Registration,2026-04-20 18:34:46+00:00
P02178,Waiting,2026-04-20 19:33:46+00:00
P02178,Doctor Consultation,2026-04-20 20:23:46+00:00
P02178,Diagnosis,2026-04-20 20:52:46+00:00
P02178,Treatment,2026-04-20 22:41:46+00:00
P02178,Pharmacy,2026-04-20 23:09:46+00:00
P02178,Billing,2026-04-20 23:47:46+00:00
P02178,Discharge,2026-04-21 00:37:46+00:00
P02182,Patient Arrival,2026-10-08 15:36:26+00:00
P02182,Registration,2026-10-08 16:18:26+00:00
P02182,Waiting,2026-10-08 17:42:26+00:00
P02182,Doctor Consultation,2026-10-08 18:36:26+00:00
P02182,Diagnosis,2026-10-08 18:51:26+00:00
P02182,Ward Transfer,2026-10-08 19:29:26+00:00
P02182,Treatment,2026-10-08 21:23:26+00:00
P02182,Pharmacy,2026-10-08 21:58:26+00:00
P02182,Billing,2026-10-08 22:17:26+00:00
P02182,Discharge,2026-10-08 22:36:26+00:00
P02183,Patient Arrival,2026-11-30 06:50:54+00:00
P02183,Registration,2026-11-30 07:04:54+00:00
P02183,Waiting,2026-11-30 08:01:54+00:00
P02183,Doctor Consultation,2026-11-30 08:27:54+00:00
P02183,Urine Test,2026-11-30 08:43:54+00:00
P02183,Doctor Consultation,2026-11-30 09:29:54+00:00
P02183,Diagnosis,2026-11-30 09:56:54+00:00
P02183,Treatment,2026-11-30 11:18:54+00:00
P02183,Pharmacy,2026-11-30 11:33:54+00:00
P02183,Billing,2026-11-30 11:49:54+00:00
P02183,Discharge,2026-11-30 12:08:54+00:00
P02184,Patient Arrival,2026-12-19 04:34:02+00:00
P02184,Registration,2026-12-19 05:21:02+00:00
P02184,Waiting,2026-12-19 06:39:02+00:00
P02184,Doctor Consultation,2026-12-19 07:02:02+00:00
P02184,Diagnosis,2026-12-19 07:22:02+00:00
P02184,Treatment,2026-12-19 09:02:02+00:00
P02184,Pharmacy,2026-12-19 09:33:02+00:00
P02184,Billing,2026-12-19 09:56:02+00:00
P02184,Discharge,2026-12-19 10:26:02+00:00
P02186,Patient Arrival,2026-08-20 19:19:20+00:00
P02186,Registration,2026-08-20 19:32:20+00:00
P02186,Waiting,2026-08-20 20:28:20+00:00
P02186,Doctor Consultation,2026-08-20 20:49:20+00:00
P02186,Diagnosis,2026-08-20 21:09:20+00:00
P02186,Ward Transfer,2026-08-20 21:45:20+00:00
P02186,Treatment,2026-08-20 23:10:20+00:00
P02186,Pharmacy,2026-08-20 23:43:20+00:00
P02186,Billing,2026-08-21 00:16:20+00:00
P02186,Discharge,2026-08-21 00:41:20+00:00
P02193,Patient Arrival,2026-12-15 10:08:34+00:00
P02193,Registration,2026-12-15 10:25:34+00:00
P02193,Waiting,2026-12-15 11:37:34+00:00
P02193,Doctor Consultation,2026-12-15 12:07:34+00:00
P02193,Diagnosis,2026-12-15 13:00:34+00:00
P02193,Ward Transfer,2026-12-15 13:23:34+00:00
P02193,Treatment,2026-12-15 15:40:34+00:00
P02193,Pharmacy,2026-12-15 16:22:34+00:00
P02193,Billing,2026-12-15 16:34:34+00:00
P02193,Discharge,2026-12-15 16:58:34+00:00
P02195,Patient Arrival,2026-11-15 22:49:12+00:00
P02195,Registration,2026-11-15 23:10:12+00:00
P02195,Registration,2026-11-15 23:10:12+00:00
P02195,Waiting,2026-11-16 00:46:12+00:00
P02195,Doctor Consultation,2026-11-16 01:16:12+00:00
P02195,Blood Test,2026-11-16 01:27:12+00:00
P02195,Doctor Consultation,2026-11-16 01:51:12+00:00
P02195,Blood Test,2026-11-16 02:24:12+00:00
P02195,Doctor Consultation,2026-11-16 02:59:12+00:00
P02195,Diagnosis,2026-11-16 03:33:12+00:00
P02195,Treatment,2026-11-16 05:25:12+00:00
P02195,Pharmacy,2026-11-16 05:47:12+00:00
P02195,Billing,2026-11-16 06:12:12+00:00
P02195,Discharge,2026-11-16 06:39:12+00:00
P02198,Patient Arrival,2026-09-14 00:13:49+00:00
P02198,Registration,2026-09-14 00:55:49+00:00
P02198,Waiting,2026-09-14 02:15:49+00:00
P02198,Doctor Consultation,2026-09-14 02:59:49+00:00
P02198,Blood Test,2026-09-14 03:27:49+00:00
P02198,Doctor Consultation,2026-09-14 03:57:49+00:00
P02198,Diagnosis,2026-09-14 04:19:49+00:00
P02198,Ward Transfer,2026-09-14 04:58:49+00:00
P02198,Treatment,2026-09-14 06:35:49+00:00
P02198,Pharmacy,2026-09-14 07:09:49+00:00
P02198,Billing,2026-09-14 07:41:49+00:00
P02198,Discharge,2026-09-14 07:58:49+00:00
P02202,Patient Arrival,2026-10-08 07:15:12+00:00
P02202,Registration,2026-10-08 07:57:12+00:00
P02202,Waiting,2026-10-08 09:26:12+00:00
P02202,Doctor Consultation,2026-10-08 09:53:12+00:00
P02202,Blood Test,2026-10-08 10:34:12+00:00
P02202,Doctor Consultation,2026-10-08 10:54:12+00:00
P02202,Diagnosis,2026-10-08 11:15:12+00:00
P02202,Treatment,2026-10-08 13:26:12+00:00
P02202,Pharmacy,2026-10-08 14:10:12+00:00
P02202,Billing,2026-10-08 14:25:12+00:00
P02202,Discharge,2026-10-08 14:53:12+00:00
P02204,Patient Arrival,2026-09-06 20:54:30+00:00
P02204,Registration,2026-09-06 21:30:30+00:00
P02204,Waiting,2026-09-06 22:33:30+00:00
P02204,Doctor Consultation,2026-09-06 23:06:30+00:00
P02204,Urine Test,2026-09-06 23:44:30+00:00
P02204,Doctor Consultation,2026-09-07 00:18:30+00:00
P02204,Diagnosis,2026-09-07 00:36:30+00:00
P02204,Ward Transfer,2026-09-07 00:58:30+00:00
P02204,Treatment,2026-09-07 02:47:30+00:00
P02204,Pharmacy,2026-09-07 03:29:30+00:00
P02204,Billing,2026-09-07 03:57:30+00:00
P02204,Discharge,2026-09-07 04:26:30+00:00
P02206,Patient Arrival,2026-01-14 20:44:19+00:00
P02206,Registration,2026-01-14 21:11:19+00:00
P02206,Waiting,2026-01-14 21:41:19+00:00
P02206,Doctor Consultation,2026-01-14 22:00:19+00:00
P02206,Urine Test,2026-01-14 22:18:19+00:00
P02206,Doctor Consultation,2026-01-14 22:58:19+00:00
P02206,Diagnosis,2026-01-14 23:11:19+00:00
P02206,Treatment,2026-01-15 00:45:19+00:00
P02206,Pharmacy,2026-01-15 01:28:19+00:00
P02206,Billing,2026-01-15 01:53:19+00:00
P02206,Discharge,2026-01-15 02:47:19+00:00
P02208,Patient Arrival,2026-07-11 04:42:26+00:00
P02208,Registration,2026-07-11 04:58:26+00:00
P02208,Waiting,2026-07-11 05:58:26+00:00
P02208,Doctor Consultation,2026-07-11 06:38:26+00:00
P02208,Diagnosis,2026-07-11 07:14:26+00:00
P02208,Treatment,2026-07-11 09:18:26+00:00
P02208,Pharmacy,2026-07-11 09:53:26+00:00
P02208,Billing,2026-07-11 10:17:26+00:00
P02208,Discharge,2026-07-11 10:44:26+00:00
P02212,Patient Arrival,2026-09-04 20:41:34+00:00
P02212,Registration,2026-09-04 21:06:34+00:00
P02212,Waiting,2026-09-04 22:05:34+00:00
P02212,Doctor Consultation,2026-09-04 22:36:34+00:00
P02212,Diagnosis,2026-09-04 23:24:34+00:00
P02212,Treatment,2026-09-05 00:19:34+00:00
P02212,Pharmacy,2026-09-05 00:52:34+00:00
P02212,Billing,2026-09-05 01:40:34+00:00
P02212,Discharge,2026-09-05 02:01:34+00:00
P02213,Patient Arrival,2026-10-06 22:54:56+00:00
P02213,Registration,2026-10-06 23:34:56+00:00
P02213,Waiting,2026-10-07 00:25:56+00:00
P02213,Doctor Consultation,2026-10-07 01:06:56+00:00
P02213,Doctor Consultation,2026-10-07 01:06:56+00:00
P02213,X-Ray,2026-10-07 01:46:56+00:00
P02213,X-Ray,2026-10-07 01:46:56+00:00
P02213,Doctor Consultation,2026-10-07 02:23:56+00:00
P02213,Diagnosis,2026-10-07 02:51:56+00:00
P02213,Ward Transfer,2026-10-07 03:15:56+00:00
P02213,Treatment,2026-10-07 04:33:56+00:00
P02213,Pharmacy,2026-10-07 05:03:56+00:00
P02213,Billing,2026-10-07 05:49:56+00:00
P02213,Discharge,2026-10-07 06:06:56+00:00
P02218,Patient Arrival,2026-08-11 01:37:19+00:00
P02218,Registration,2026-08-11 02:00:19+00:00
P02218,Waiting,2026-08-11 03:03:19+00:00
P02218,Doctor Consultation,2026-08-11 03:40:19+00:00
P02218,X-Ray,2026-08-11 04:24:19+00:00
P02218,Doctor Consultation,2026-08-11 04:54:19+00:00
P02218,Diagnosis,2026-08-11 05:30:19+00:00
P02218,Ward Transfer,2026-08-11 06:25:19+00:00
P02218,Treatment,2026-08-11 08:18:19+00:00
P02218,Pharmacy,2026-08-11 08:33:19+00:00
P02218,Billing,2026-08-11 09:17:19+00:00
P02218,Discharge,2026-08-11 09:42:19+00:00
P02219,Patient Arrival,2026-05-05 00:23:37+00:00
P02219,Registration,2026-05-05 00:56:37+00:00
P02219,Waiting,2026-05-05 02:33:37+00:00
P02219,Doctor Consultation,2026-05-05 03:11:37+00:00
P02219,X-Ray,2026-05-05 03:47:37+00:00
P02219,Doctor Consultation,2026-05-05 03:58:37+00:00
P02219,Diagnosis,2026-05-05 04:14:37+00:00
P02219,Treatment,2026-05-05 05:17:37+00:00
P02219,Pharmacy,2026-05-05 05:35:37+00:00
P02219,Billing,2026-05-05 06:15:37+00:00
P02219,Discharge,2026-05-05 06:42:37+00:00
P02221,Patient Arrival,2026-10-08 07:38:33+00:00
P02221,Registration,2026-10-08 08:10:33+00:00
P02221,Waiting,2026-10-08 09:25:33+00:00
P02221,Waiting,2026-10-08 09:25:33+00:00
P02221,Doctor Consultation,2026-10-08 09:55:33+00:00
P02221,ECG,2026-10-08 10:12:33+00:00
P02221,Doctor Consultation,2026-10-08 10:41:33+00:00
P02221,Diagnosis,2026-10-08 11:10:33+00:00
P02221,Ward Transfer,2026-10-08 11:25:33+00:00
P02221,Treatment,2026-10-08 12:52:33+00:00
P02221,Pharmacy,2026-10-08 13:17:33+00:00
P02221,Billing,2026-10-08 13:50:33+00:00
P02221,Discharge,2026-10-08 14:20:33+00:00
P02223,Patient Arrival,2026-12-04 00:20:52+00:00
P02223,Registration,2026-12-04 01:06:52+00:00
P02223,Waiting,2026-12-04 02:49:52+00:00
P02223,Doctor Consultation,2026-12-04 03:31:52+00:00
P02223,Blood Test,2026-12-04 04:16:52+00:00
P02223,Doctor Consultation,2026-12-04 04:37:52+00:00
P02223,Diagnosis,2026-12-04 05:16:52+00:00
P02223,Treatment,2026-12-04 06:08:52+00:00
P02223,Pharmacy,2026-12-04 06:45:52+00:00
P02223,Billing,2026-12-04 07:25:52+00:00
P02223,Discharge,2026-12-04 08:01:52+00:00
P02224,Patient Arrival,2026-10-20 08:43:42+00:00
P02224,Registration,2026-10-20 09:27:42+00:00
P02224,Waiting,2026-10-20 10:45:42+00:00
P02224,Doctor Consultation,2026-10-20 11:16:42+00:00
P02224,Diagnosis,2026-10-20 11:54:42+00:00
P02224,Treatment,2026-10-20 14:16:42+00:00
P02224,Pharmacy,2026-10-20 14:55:42+00:00
P02224,Billing,2026-10-20 15:27:42+00:00
P02224,Discharge,2026-10-20 15:51:42+00:00
P02225,Patient Arrival,2026-07-23 13:19:44+00:00
P02225,Registration,2026-07-23 13:47:44+00:00
P02225,Waiting,2026-07-23 14:35:44+00:00
P02225,Doctor Consultation,2026-07-23 14:54:44+00:00
P02225,Diagnosis,2026-07-23 15:32:44+00:00
P02225,Treatment,2026-07-23 17:07:44+00:00
P02225,Pharmacy,2026-07-23 17:50:44+00:00
P02225,Billing,2026-07-23 18:21:44+00:00
P02225,Discharge,2026-07-23 18:49:44+00:00
P02227,Patient Arrival,2026-08-30 18:28:51+00:00
P02227,Registration,2026-08-30 19:14:51+00:00
P02227,Waiting,2026-08-30 20:43:51+00:00
P02227,Doctor Consultation,2026-08-30 21:13:51+00:00
P02227,Urine Test,2026-08-30 22:03:51+00:00
P02227,Doctor Consultation,2026-08-30 22:29:51+00:00
P02227,Diagnosis,2026-08-30 23:09:51+00:00
P02227,Treatment,2026-08-31 00:50:51+00:00
P02227,Pharmacy,2026-08-31 01:28:51+00:00
P02227,Billing,2026-08-31 01:48:51+00:00
P02227,Discharge,2026-08-31 02:18:51+00:00
P02229,Patient Arrival,2026-10-09 22:34:48+00:00
P02229,Registration,2026-10-09 22:45:48+00:00
P02229,Waiting,2026-10-09 23:47:48+00:00
P02229,Doctor Consultation,2026-10-10 00:28:48+00:00
P02229,Blood Test,2026-10-10 00:53:48+00:00
P02229,Doctor Consultation,2026-10-10 01:36:48+00:00
P02229,Diagnosis,2026-10-10 02:03:48+00:00
P02229,Treatment,2026-10-10 03:59:48+00:00
P02229,Treatment,2026-10-10 03:59:48+00:00
P02229,Pharmacy,2026-10-10 04:46:48+00:00
P02229,Billing,2026-10-10 05:17:48+00:00
P02229,Discharge,2026-10-10 05:47:48+00:00
P02232,Patient Arrival,2026-05-01 10:17:48+00:00
P02232,Patient Arrival,2026-05-01 10:17:48+00:00
P02232,Registration,2026-05-01 10:55:48+00:00
P02232,Waiting,2026-05-01 12:36:48+00:00
P02232,Doctor Consultation,2026-05-01 13:02:48+00:00
P02232,Diagnosis,2026-05-01 13:27:48+00:00
P02232,Ward Transfer,2026-05-01 14:11:48+00:00
P02232,Treatment,2026-05-01 14:58:48+00:00
P02232,Pharmacy,2026-05-01 15:35:48+00:00
P02232,Billing,2026-05-01 15:54:48+00:00
P02232,Discharge,2026-05-01 16:39:48+00:00
P02234,Patient Arrival,2026-06-08 07:15:30+00:00
P02234,Registration,2026-06-08 07:59:30+00:00
P02234,Waiting,2026-06-08 09:21:30+00:00
P02234,Doctor Consultation,2026-06-08 09:55:30+00:00
P02234,Blood Test,2026-06-08 10:47:30+00:00
P02234,Doctor Consultation,2026-06-08 11:24:30+00:00
P02234,Diagnosis,2026-06-08 11:56:30+00:00
P02234,Treatment,2026-06-08 13:50:30+00:00
P02234,Pharmacy,2026-06-08 14:17:30+00:00
P02234,Billing,2026-06-08 14:39:30+00:00
P02234,Discharge,2026-06-08 15:01:30+00:00
P02235,Patient Arrival,2026-06-16 00:57:47+00:00
P02235,Registration,2026-06-16 01:28:47+00:00
P02235,Waiting,2026-06-16 02:02:47+00:00
P02235,Doctor Consultation,2026-06-16 02:49:47+00:00
P02235,Blood Test,2026-06-16 03:20:47+00:00
P02235,Doctor Consultation,2026-06-16 03:41:47+00:00
P02235,Doctor Consultation,2026-06-16 03:41:47+00:00
P02235,Diagnosis,2026-06-16 04:34:47+00:00
P02235,Ward Transfer,2026-06-16 05:15:47+00:00
P02235,Treatment,2026-06-16 06:39:47+00:00
P02235,Pharmacy,2026-06-16 07:26:47+00:00
P02235,Billing,2026-06-16 08:03:47+00:00
P02235,Discharge,2026-06-16 08:35:47+00:00
P02237,Patient Arrival,2026-02-13 03:02:39+00:00
P02237,Registration,2026-02-13 03:31:39+00:00
P02237,Waiting,2026-02-13 04:08:39+00:00
P02237,Doctor Consultation,2026-02-13 04:25:39+00:00
P02237,Diagnosis,2026-02-13 04:39:39+00:00
P02237,Ward Transfer,2026-02-13 05:08:39+00:00
P02237,Treatment,2026-02-13 06:35:39+00:00
P02237,Pharmacy,2026-02-13 06:57:39+00:00
P02237,Billing,2026-02-13 07:12:39+00:00
P02237,Discharge,2026-02-13 07:29:39+00:00
P02238,Patient Arrival,2026-08-27 20:07:16+00:00
P02238,Registration,2026-08-27 20:41:16+00:00
P02238,Waiting,2026-08-27 22:05:16+00:00
P02238,Doctor Consultation,2026-08-27 22:24:16+00:00
P02238,ECG,2026-08-27 22:59:16+00:00
P02238,Doctor Consultation,2026-08-27 23:43:16+00:00
P02238,Diagnosis,2026-08-28 00:29:16+00:00
P02238,Treatment,2026-08-28 01:58:16+00:00
P02238,Pharmacy,2026-08-28 02:52:16+00:00
P02238,Billing,2026-08-28 03:17:16+00:00
P02238,Discharge,2026-08-28 03:44:16+00:00
P02241,Patient Arrival,2026-04-05 12:34:22+00:00
P02241,Registration,2026-04-05 13:03:22+00:00
P02241,Waiting,2026-04-05 14:07:22+00:00
P02241,Doctor Consultation,2026-04-05 14:41:22+00:00
P02241,Diagnosis,2026-04-05 14:57:22+00:00
P02241,Ward Transfer,2026-04-05 15:41:22+00:00
P02241,Treatment,2026-04-05 17:40:22+00:00
P02241,Pharmacy,2026-04-05 18:18:22+00:00
P02241,Billing,2026-04-05 19:00:22+00:00
P02241,Discharge,2026-04-05 19:36:22+00:00
P02242,Patient Arrival,2026-04-13 19:20:29+00:00
P02242,Registration,2026-04-13 19:56:29+00:00
P02242,Waiting,2026-04-13 21:02:29+00:00
P02242,Doctor Consultation,2026-04-13 21:53:29+00:00
P02242,X-Ray,2026-04-13 22:24:29+00:00
P02242,Doctor Consultation,2026-04-13 23:13:29+00:00
P02242,Diagnosis,2026-04-13 23:42:29+00:00
P02242,Ward Transfer,2026-04-14 00:03:29+00:00
P02242,Treatment,2026-04-14 01:47:29+00:00
P02242,Pharmacy,2026-04-14 02:10:29+00:00
P02242,Billing,2026-04-14 02:49:29+00:00
P02242,Discharge,2026-04-14 03:08:29+00:00
P02243,Patient Arrival,2026-07-14 17:37:16+00:00
P02243,Registration,2026-07-14 18:03:16+00:00
P02243,Waiting,2026-07-14 18:46:16+00:00
P02243,Doctor Consultation,2026-07-14 19:14:16+00:00
P02243,Diagnosis,2026-07-14 19:42:16+00:00
P02243,Treatment,2026-07-14 21:42:16+00:00
P02243,Pharmacy,2026-07-14 22:12:16+00:00
P02243,Billing,2026-07-14 22:39:16+00:00
P02243,Discharge,2026-07-14 23:05:16+00:00
P02246,Patient Arrival,2026-04-22 20:12:36+00:00
P02246,Registration,2026-04-22 20:43:36+00:00
P02246,Waiting,2026-04-22 22:41:36+00:00
P02246,Waiting,2026-04-22 22:41:36+00:00
P02246,Doctor Consultation,2026-04-22 23:11:36+00:00
P02246,Diagnosis,2026-04-22 23:36:36+00:00
P02246,Treatment,2026-04-23 00:47:36+00:00
P02246,Pharmacy,2026-04-23 01:12:36+00:00
P02246,Billing,2026-04-23 01:29:36+00:00
P02246,Discharge,2026-04-23 01:46:36+00:00
P02248,Patient Arrival,2026-08-09 09:20:53+00:00
P02248,Registration,2026-08-09 09:59:53+00:00
P02248,Waiting,2026-08-09 10:56:53+00:00
P02248,Doctor Consultation,2026-08-09 11:34:53+00:00
P02248,Diagnosis,2026-08-09 12:07:53+00:00
P02248,Treatment,2026-08-09 13:06:53+00:00
P02248,Pharmacy,2026-08-09 13:37:53+00:00
P02248,Billing,2026-08-09 14:07:53+00:00
P02248,Discharge,2026-08-09 14:38:53+00:00
P02255,Patient Arrival,2026-10-16 07:11:44+00:00
P02255,Registration,2026-10-16 07:47:44+00:00
P02255,Waiting,2026-10-16 09:16:44+00:00
P02255,Waiting,2026-10-16 09:16:44+00:00
P02255,Doctor Consultation,2026-10-16 09:30:44+00:00
P02255,Diagnosis,2026-10-16 09:48:44+00:00
P02255,Treatment,2026-10-16 11:04:44+00:00
P02255,Pharmacy,2026-10-16 11:41:44+00:00
P02255,Billing,2026-10-16 11:48:44+00:00
P02255,Discharge,2026-10-16 12:36:44+00:00
P02258,Patient Arrival,2026-11-24 03:36:28+00:00
P02258,Registration,2026-11-24 04:28:28+00:00
P02258,Waiting,2026-11-24 05:56:28+00:00
P02258,Doctor Consultation,2026-11-24 06:12:28+00:00
P02258,Blood Test,2026-11-24 06:49:28+00:00
P02258,Doctor Consultation,2026-11-24 07:02:28+00:00
P02258,Diagnosis,2026-11-24 07:37:28+00:00
P02258,Treatment,2026-11-24 09:10:28+00:00
P02258,Pharmacy,2026-11-24 10:01:28+00:00
P02258,Billing,2026-11-24 10:27:28+00:00
P02258,Discharge,2026-11-24 11:13:28+00:00
P02260,Patient Arrival,2026-02-22 04:30:30+00:00
P02260,Registration,2026-02-22 05:11:30+00:00
P02260,Waiting,2026-02-22 06:39:30+00:00
P02260,Doctor Consultation,2026-02-22 07:11:30+00:00
P02260,X-Ray,2026-02-22 07:34:30+00:00
P02260,Doctor Consultation,2026-02-22 08:01:30+00:00
P02260,Diagnosis,2026-02-22 08:15:30+00:00
P02260,Ward Transfer,2026-02-22 08:32:30+00:00
P02260,Treatment,2026-02-22 10:32:30+00:00
P02260,Pharmacy,2026-02-22 10:46:30+00:00
P02260,Pharmacy,2026-02-22 10:46:30+00:00
P02260,Billing,2026-02-22 11:06:30+00:00
P02260,Discharge,2026-02-22 11:54:30+00:00
P02261,Patient Arrival,2026-03-26 01:21:00+00:00
P02261,Registration,2026-03-26 01:51:00+00:00
P02261,Waiting,2026-03-26 03:01:00+00:00
P02261,Doctor Consultation,2026-03-26 03:14:00+00:00
P02261,Urine Test,2026-03-26 03:33:00+00:00
P02261,Doctor Consultation,2026-03-26 04:12:00+00:00
P02261,Urine Test,2026-03-26 04:37:00+00:00
P02261,Doctor Consultation,2026-03-26 05:10:00+00:00
P02261,Diagnosis,2026-03-26 05:35:00+00:00
P02261,Treatment,2026-03-26 06:52:00+00:00
P02261,Pharmacy,2026-03-26 07:40:00+00:00
P02261,Billing,2026-03-26 08:09:00+00:00
P02261,Discharge,2026-03-26 08:33:00+00:00
P02262,Patient Arrival,2026-09-27 05:07:44+00:00
P02262,Registration,2026-09-27 05:39:44+00:00
P02262,Waiting,2026-09-27 07:07:44+00:00
P02262,Doctor Consultation,2026-09-27 07:40:44+00:00
P02262,Doctor Consultation,2026-09-27 07:40:44+00:00
P02262,Blood Test,2026-09-27 08:12:44+00:00
P02262,Doctor Consultation,2026-09-27 08:40:44+00:00
P02262,Diagnosis,2026-09-27 09:09:44+00:00
P02262,Treatment,2026-09-27 10:36:44+00:00
P02262,Pharmacy,2026-09-27 11:01:44+00:00
P02262,Billing,2026-09-27 11:19:44+00:00
P02262,Discharge,2026-09-27 11:54:44+00:00
P02264,Patient Arrival,2026-05-25 03:08:06+00:00
P02264,Registration,2026-05-25 03:35:06+00:00
P02264,Waiting,2026-05-25 05:04:06+00:00
P02264,Doctor Consultation,2026-05-25 05:53:06+00:00
P02264,Blood Test,2026-05-25 06:07:06+00:00
P02264,Doctor Consultation,2026-05-25 06:31:06+00:00
P02264,Diagnosis,2026-05-25 06:59:06+00:00
P02264,Ward Transfer,2026-05-25 07:46:06+00:00
P02264,Treatment,2026-05-25 09:32:06+00:00
P02264,Pharmacy,2026-05-25 10:03:06+00:00
P02264,Billing,2026-05-25 10:35:06+00:00
P02264,Discharge,2026-05-25 11:07:06+00:00
P02265,Patient Arrival,2026-01-12 15:18:14+00:00
P02265,Registration,2026-01-12 15:49:14+00:00
P02265,Waiting,2026-01-12 17:03:14+00:00
P02265,Doctor Consultation,2026-01-12 17:23:14+00:00
P02265,Diagnosis,2026-01-12 17:55:14+00:00
P02265,Ward Transfer,2026-01-12 18:34:14+00:00
P02265,Treatment,2026-01-12 20:27:14+00:00
P02265,Pharmacy,2026-01-12 20:47:14+00:00
P02265,Billing,2026-01-12 21:35:14+00:00
P02265,Discharge,2026-01-12 22:10:14+00:00
P02266,Patient Arrival,2026-11-06 22:26:00+00:00
P02266,Registration,2026-11-06 23:11:00+00:00
P02266,Waiting,2026-11-07 00:46:00+00:00
P02266,Doctor Consultation,2026-11-07 01:40:00+00:00
P02266,Blood Test,2026-11-07 02:16:00+00:00
P02266,Doctor Consultation,2026-11-07 02:48:00+00:00
P02266,Diagnosis,2026-11-07 03:24:00+00:00
P02266,Treatment,2026-11-07 04:09:00+00:00
P02266,Pharmacy,2026-11-07 04:24:00+00:00
P02266,Billing,2026-11-07 04:49:00+00:00
P02266,Discharge,2026-11-07 05:32:00+00:00
P02267,Patient Arrival,2026-12-09 12:33:40+00:00
P02267,Registration,2026-12-09 13:06:40+00:00
P02267,Waiting,2026-12-09 13:50:40+00:00
P02267,Doctor Consultation,2026-12-09 14:25:40+00:00
P02267,Diagnosis,2026-12-09 14:49:40+00:00
P02267,Treatment,2026-12-09 15:47:40+00:00
P02267,Pharmacy,2026-12-09 16:16:40+00:00
P02267,Billing,2026-12-09 16:26:40+00:00
P02267,Discharge,2026-12-09 17:07:40+00:00
P02268,Patient Arrival,2026-06-29 23:59:51+00:00
P02268,Registration,2026-06-30 00:37:51+00:00
P02268,Waiting,2026-06-30 02:13:51+00:00
P02268,Doctor Consultation,2026-06-30 02:48:51+00:00
P02268,Urine Test,2026-06-30 03:25:51+00:00
P02268,Doctor Consultation,2026-06-30 03:40:51+00:00
P02268,Diagnosis,2026-06-30 04:21:51+00:00
P02268,Ward Transfer,2026-06-30 05:09:51+00:00
P02268,Treatment,2026-06-30 05:42:51+00:00
P02268,Pharmacy,2026-06-30 06:18:51+00:00
P02268,Billing,2026-06-30 06:45:51+00:00
P02268,Discharge,2026-06-30 07:23:51+00:00
P02271,Patient Arrival,2026-01-26 05:50:10+00:00
P02271,Registration,2026-01-26 06:18:10+00:00
P02271,Waiting,2026-01-26 07:11:10+00:00
P02271,Doctor Consultation,2026-01-26 07:42:10+00:00
P02271,Urine Test,2026-01-26 07:59:10+00:00
P02271,Doctor Consultation,2026-01-26 08:24:10+00:00
P02271,Diagnosis,2026-01-26 08:51:10+00:00
P02271,Treatment,2026-01-26 10:13:10+00:00
P02271,Pharmacy,2026-01-26 10:47:10+00:00
P02271,Billing,2026-01-26 11:16:10+00:00
P02271,Billing,2026-01-26 11:16:10+00:00
P02271,Discharge,2026-01-26 11:47:10+00:00
P02274,Patient Arrival,2026-06-28 04:17:25+00:00
P02274,Registration,2026-06-28 04:43:25+00:00
P02274,Waiting,2026-06-28 05:10:25+00:00
P02274,Doctor Consultation,2026-06-28 05:51:25+00:00
P02274,Diagnosis,2026-06-28 06:20:25+00:00
P02274,Treatment,2026-06-28 07:29:25+00:00
P02274,Pharmacy,2026-06-28 07:55:25+00:00
P02274,Billing,2026-06-28 08:42:25+00:00
P02274,Discharge,2026-06-28 09:23:25+00:00
P02279,Patient Arrival,2026-05-05 20:06:06+00:00
P02279,Registration,2026-05-05 20:33:06+00:00
P02279,Waiting,2026-05-05 21:33:06+00:00
P02279,Doctor Consultation,2026-05-05 22:08:06+00:00
P02279,Diagnosis,2026-05-05 22:28:06+00:00
P02279,Treatment,2026-05-06 00:23:06+00:00
P02279,Pharmacy,2026-05-06 00:54:06+00:00
P02279,Billing,2026-05-06 01:29:06+00:00
P02279,Discharge,2026-05-06 01:48:06+00:00
P02281,Patient Arrival,2026-11-23 19:26:33+00:00
P02281,Registration,2026-11-23 19:59:33+00:00
P02281,Waiting,2026-11-23 20:58:33+00:00
P02281,Doctor Consultation,2026-11-23 21:15:33+00:00
P02281,Diagnosis,2026-11-23 21:44:33+00:00
P02281,Ward Transfer,2026-11-23 22:29:33+00:00
P02281,Treatment,2026-11-24 00:28:33+00:00
P02281,Pharmacy,2026-11-24 01:12:33+00:00
P02281,Billing,2026-11-24 01:41:33+00:00
P02281,Discharge,2026-11-24 02:18:33+00:00
P02282,Patient Arrival,2026-05-26 15:51:47+00:00
P02282,Registration,2026-05-26 16:38:47+00:00
P02282,Waiting,2026-05-26 18:18:47+00:00
P02282,Doctor Consultation,2026-05-26 18:57:47+00:00
P02282,Diagnosis,2026-05-26 19:20:47+00:00
P02282,Treatment,2026-05-26 21:23:47+00:00
P02282,Pharmacy,2026-05-26 22:07:47+00:00
P02282,Billing,2026-05-26 22:44:47+00:00
P02282,Discharge,2026-05-26 23:20:47+00:00
P02283,Patient Arrival,2026-09-23 03:56:54+00:00
P02283,Registration,2026-09-23 04:32:54+00:00
P02283,Waiting,2026-09-23 05:42:54+00:00
P02283,Doctor Consultation,2026-09-23 06:14:54+00:00
P02283,ECG,2026-09-23 06:45:54+00:00
P02283,Doctor Consultation,2026-09-23 07:15:54+00:00
P02283,Diagnosis,2026-09-23 07:36:54+00:00
P02283,Ward Transfer,2026-09-23 08:30:54+00:00
P02283,Treatment,2026-09-23 10:33:54+00:00
P02283,Pharmacy,2026-09-23 11:17:54+00:00
P02283,Billing,2026-09-23 11:49:54+00:00
P02283,Discharge,2026-09-23 12:16:54+00:00
P02286,Patient Arrival,2026-11-11 17:50:04+00:00
P02286,Registration,2026-11-11 18:05:04+00:00
P02286,Registration,2026-11-11 18:05:04+00:00
P02286,Waiting,2026-11-11 19:12:04+00:00
P02286,Doctor Consultation,2026-11-11 19:57:04+00:00
P02286,Diagnosis,2026-11-11 20:14:04+00:00
P02286,Treatment,2026-11-11 22:08:04+00:00
P02286,Pharmacy,2026-11-11 22:54:04+00:00
P02286,Billing,2026-11-11 23:39:04+00:00
P02286,Discharge,2026-11-12 00:03:04+00:00
P02287,Patient Arrival,2026-01-29 01:10:54+00:00
P02287,Registration,2026-01-29 01:38:54+00:00
P02287,Waiting,2026-01-29 03:14:54+00:00
P02287,Doctor Consultation,2026-01-29 03:49:54+00:00
P02287,Blood Test,2026-01-29 04:07:54+00:00
P02287,Doctor Consultation,2026-01-29 04:32:54+00:00
P02287,Diagnosis,2026-01-29 05:06:54+00:00
P02287,Treatment,2026-01-29 07:05:54+00:00
P02287,Pharmacy,2026-01-29 07:47:54+00:00
P02287,Billing,2026-01-29 08:35:54+00:00
P02287,Discharge,2026-01-29 08:54:54+00:00
P02287,Discharge,2026-01-29 08:54:54+00:00
P02288,Patient Arrival,2026-06-06 13:32:30+00:00
P02288,Registration,2026-06-06 14:03:30+00:00
P02288,Waiting,2026-06-06 15:36:30+00:00
P02288,Doctor Consultation,2026-06-06 16:04:30+00:00
P02288,ECG,2026-06-06 16:47:30+00:00
P02288,Doctor Consultation,2026-06-06 17:40:30+00:00
P02288,Diagnosis,2026-06-06 18:14:30+00:00
P02288,Treatment,2026-06-06 19:09:30+00:00
P02288,Pharmacy,2026-06-06 19:42:30+00:00
P02288,Billing,2026-06-06 20:19:30+00:00
P02288,Discharge,2026-06-06 20:55:30+00:00
P02290,Patient Arrival,2026-09-09 08:34:08+00:00
P02290,Registration,2026-09-09 09:10:08+00:00
P02290,Waiting,2026-09-09 09:47:08+00:00
P02290,Doctor Consultation,2026-09-09 10:32:08+00:00
P02290,ECG,2026-09-09 11:22:08+00:00
P02290,Doctor Consultation,2026-09-09 12:04:08+00:00
P02290,Diagnosis,2026-09-09 12:30:08+00:00
P02290,Ward Transfer,2026-09-09 13:05:08+00:00
P02290,Treatment,2026-09-09 14:46:08+00:00
P02290,Pharmacy,2026-09-09 15:23:08+00:00
P02290,Billing,2026-09-09 15:47:08+00:00
P02290,Discharge,2026-09-09 16:37:08+00:00
P02291,Patient Arrival,2026-08-12 05:23:15+00:00
P02291,Registration,2026-08-12 05:48:15+00:00
P02291,Waiting,2026-08-12 06:47:15+00:00
P02291,Doctor Consultation,2026-08-12 07:14:15+00:00
P02291,Urine Test,2026-08-12 07:36:15+00:00
P02291,Doctor Consultation,2026-08-12 08:12:15+00:00
P02291,Diagnosis,2026-08-12 08:29:15+00:00
P02291,Ward Transfer,2026-08-12 08:46:15+00:00
P02291,Treatment,2026-08-12 09:39:15+00:00
P02291,Pharmacy,2026-08-12 10:06:15+00:00
P02291,Pharmacy,2026-08-12 10:06:15+00:00
P02291,Billing,2026-08-12 10:59:15+00:00
P02291,Discharge,2026-08-12 11:40:15+00:00
P02293,Patient Arrival,2026-07-29 10:23:56+00:00
P02293,Registration,2026-07-29 10:55:56+00:00
P02293,Waiting,2026-07-29 12:22:56+00:00
P02293,Doctor Consultation,2026-07-29 12:51:56+00:00
P02293,Diagnosis,2026-07-29 13:04:56+00:00
P02293,Ward Transfer,2026-07-29 13:36:56+00:00
P02293,Treatment,2026-07-29 14:19:56+00:00
P02293,Pharmacy,2026-07-29 15:03:56+00:00
P02293,Billing,2026-07-29 15:52:56+00:00
P02293,Discharge,2026-07-29 16:15:56+00:00
P02295,Patient Arrival,2026-11-22 11:21:19+00:00
P02295,Registration,2026-11-22 11:31:19+00:00
P02295,Waiting,2026-11-22 12:09:19+00:00
P02295,Doctor Consultation,2026-11-22 12:28:19+00:00
P02295,Diagnosis,2026-11-22 13:19:19+00:00
P02295,Treatment,2026-11-22 14:19:19+00:00
P02295,Pharmacy,2026-11-22 14:40:19+00:00
P02295,Billing,2026-11-22 15:31:19+00:00
P02295,Discharge,2026-11-22 16:25:19+00:00
P02296,Patient Arrival,2026-07-24 00:31:28+00:00
P02296,Registration,2026-07-24 00:59:28+00:00
P02296,Waiting,2026-07-24 02:16:28+00:00
P02296,Doctor Consultation,2026-07-24 03:00:28+00:00
P02296,Diagnosis,2026-07-24 03:20:28+00:00
P02296,Ward Transfer,2026-07-24 03:45:28+00:00
P02296,Treatment,2026-07-24 04:29:28+00:00
P02296,Treatment,2026-07-24 04:29:28+00:00
P02296,Pharmacy,2026-07-24 05:08:28+00:00
P02296,Billing,2026-07-24 06:02:28+00:00
P02296,Discharge,2026-07-24 06:40:28+00:00
P02297,Patient Arrival,2026-12-05 07:30:13+00:00
P02297,Registration,2026-12-05 08:23:13+00:00
P02297,Waiting,2026-12-05 09:28:13+00:00
P02297,Doctor Consultation,2026-12-05 10:09:13+00:00
P02297,ECG,2026-12-05 10:18:13+00:00
P02297,Doctor Consultation,2026-12-05 10:47:13+00:00
P02297,Diagnosis,2026-12-05 11:14:13+00:00
P02297,Treatment,2026-12-05 12:38:13+00:00
P02297,Pharmacy,2026-12-05 12:58:13+00:00
P02297,Billing,2026-12-05 13:42:13+00:00
P02297,Discharge,2026-12-05 14:08:13+00:00
P02299,Patient Arrival,2026-01-19 00:07:51+00:00
P02299,Registration,2026-01-19 00:24:51+00:00
P02299,Waiting,2026-01-19 01:12:51+00:00
P02299,Doctor Consultation,2026-01-19 01:38:51+00:00
P02299,ECG,2026-01-19 01:53:51+00:00
P02299,Doctor Consultation,2026-01-19 02:29:51+00:00
P02299,Diagnosis,2026-01-19 02:40:51+00:00
P02299,Treatment,2026-01-19 04:55:51+00:00
P02299,Pharmacy,2026-01-19 05:18:51+00:00
P02299,Billing,2026-01-19 05:47:51+00:00
P02299,Billing,2026-01-19 05:47:51+00:00
P02299,Discharge,2026-01-19 06:14:51+00:00
P02301,Patient Arrival,2026-11-17 21:25:15+00:00
P02301,Registration,2026-11-17 22:07:15+00:00
P02301,Waiting,2026-11-17 23:02:15+00:00
P02301,Doctor Consultation,2026-11-17 23:21:15+00:00
P02301,Diagnosis,2026-11-17 23:43:15+00:00
P02301,Treatment,2026-11-18 00:27:15+00:00
P02301,Pharmacy,2026-11-18 00:59:15+00:00
P02301,Billing,2026-11-18 01:50:15+00:00
P02301,Discharge,2026-11-18 02:05:15+00:00
P02302,Patient Arrival,2026-07-19 20:21:44+00:00
P02302,Registration,2026-07-19 20:46:44+00:00
P02302,Waiting,2026-07-19 21:41:44+00:00
P02302,Doctor Consultation,2026-07-19 22:10:44+00:00
P02302,ECG,2026-07-19 22:32:44+00:00
P02302,Doctor Consultation,2026-07-19 22:56:44+00:00
P02302,Diagnosis,2026-07-19 23:16:44+00:00
P02302,Ward Transfer,2026-07-19 23:35:44+00:00
P02302,Treatment,2026-07-20 00:40:44+00:00
P02302,Pharmacy,2026-07-20 01:32:44+00:00
P02302,Billing,2026-07-20 02:07:44+00:00
P02302,Discharge,2026-07-20 02:56:44+00:00
P02305,Patient Arrival,2026-07-25 23:39:34+00:00
P02305,Registration,2026-07-26 00:24:34+00:00
P02305,Waiting,2026-07-26 01:31:34+00:00
P02305,Doctor Consultation,2026-07-26 02:11:34+00:00
P02305,Diagnosis,2026-07-26 02:26:34+00:00
P02305,Ward Transfer,2026-07-26 02:52:34+00:00
P02305,Treatment,2026-07-26 04:27:34+00:00
P02305,Pharmacy,2026-07-26 05:09:34+00:00
P02305,Billing,2026-07-26 05:56:34+00:00
P02305,Discharge,2026-07-26 06:23:34+00:00
P02307,Patient Arrival,2026-12-29 22:00:55+00:00
P02307,Registration,2026-12-29 22:19:55+00:00
P02307,Waiting,2026-12-29 23:09:55+00:00
P02307,Doctor Consultation,2026-12-29 23:28:55+00:00
P02307,ECG,2026-12-30 00:16:55+00:00
P02307,Doctor Consultation,2026-12-30 00:30:55+00:00
P02307,Diagnosis,2026-12-30 00:57:55+00:00
P02307,Treatment,2026-12-30 01:52:55+00:00
P02307,Pharmacy,2026-12-30 02:01:55+00:00
P02307,Billing,2026-12-30 02:28:55+00:00
P02307,Discharge,2026-12-30 02:57:55+00:00
P02310,Patient Arrival,2026-01-01 16:23:50+00:00
P02310,Registration,2026-01-01 16:46:50+00:00
P02310,Waiting,2026-01-01 17:49:50+00:00
P02310,Doctor Consultation,2026-01-01 18:17:50+00:00
P02310,Urine Test,2026-01-01 18:38:50+00:00
P02310,Doctor Consultation,2026-01-01 19:12:50+00:00
P02310,Diagnosis,2026-01-01 19:33:50+00:00
P02310,Treatment,2026-01-01 21:13:50+00:00
P02310,Pharmacy,2026-01-01 21:40:50+00:00
P02310,Billing,2026-01-01 21:50:50+00:00
P02310,Discharge,2026-01-01 22:22:50+00:00
P02313,Patient Arrival,2026-12-15 04:34:29+00:00
P02313,Registration,2026-12-15 04:49:29+00:00
P02313,Waiting,2026-12-15 05:48:29+00:00
P02313,Doctor Consultation,2026-12-15 06:15:29+00:00
P02313,Diagnosis,2026-12-15 06:46:29+00:00
P02313,Ward Transfer,2026-12-15 07:21:29+00:00
P02313,Treatment,2026-12-15 08:45:29+00:00
P02313,Pharmacy,2026-12-15 09:03:29+00:00
P02313,Billing,2026-12-15 09:39:29+00:00
P02313,Discharge,2026-12-15 10:01:29+00:00
P02317,Patient Arrival,2026-02-28 20:35:43+00:00
P02317,Patient Arrival,2026-02-28 20:35:43+00:00
P02317,Registration,2026-02-28 21:03:43+00:00
P02317,Waiting,2026-02-28 22:49:43+00:00
P02317,Doctor Consultation,2026-02-28 23:18:43+00:00
P02317,Urine Test,2026-02-28 23:37:43+00:00
P02317,Doctor Consultation,2026-02-28 23:54:43+00:00
P02317,Diagnosis,2026-03-01 00:24:43+00:00
P02317,Treatment,2026-03-01 02:35:43+00:00
P02317,Pharmacy,2026-03-01 03:21:43+00:00
P02317,Pharmacy,2026-03-01 03:21:43+00:00
P02317,Billing,2026-03-01 03:53:43+00:00
P02317,Discharge,2026-03-01 04:16:43+00:00
P02322,Patient Arrival,2026-09-22 08:00:33+00:00
P02322,Registration,2026-09-22 08:24:33+00:00
P02322,Waiting,2026-09-22 10:05:33+00:00
P02322,Doctor Consultation,2026-09-22 10:38:33+00:00
P02322,Diagnosis,2026-09-22 11:04:33+00:00
P02322,Ward Transfer,2026-09-22 11:35:33+00:00
P02322,Treatment,2026-09-22 12:48:33+00:00
P02322,Pharmacy,2026-09-22 13:16:33+00:00
P02322,Billing,2026-09-22 13:49:33+00:00
P02322,Discharge,2026-09-22 14:16:33+00:00
P02323,Patient Arrival,2026-08-25 14:16:05+00:00
P02323,Registration,2026-08-25 14:39:05+00:00
P02323,Waiting,2026-08-25 15:34:05+00:00
P02323,Doctor Consultation,2026-08-25 15:59:05+00:00
P02323,Urine Test,2026-08-25 16:18:05+00:00
P02323,Urine Test,2026-08-25 16:18:05+00:00
P02323,Doctor Consultation,2026-08-25 16:55:05+00:00
P02323,Diagnosis,2026-08-25 17:29:05+00:00
P02323,Treatment,2026-08-25 18:31:05+00:00
P02323,Pharmacy,2026-08-25 18:55:05+00:00
P02323,Billing,2026-08-25 19:21:05+00:00
P02323,Discharge,2026-08-25 20:01:05+00:00
P02324,Patient Arrival,2026-03-22 10:58:46+00:00
P02324,Registration,2026-03-22 11:15:46+00:00
P02324,Waiting,2026-03-22 12:35:46+00:00
P02324,Doctor Consultation,2026-03-22 13:23:46+00:00
P02324,Diagnosis,2026-03-22 13:55:46+00:00
P02324,Diagnosis,2026-03-22 13:55:46+00:00
P02324,Ward Transfer,2026-03-22 14:33:46+00:00
P02324,Treatment,2026-03-22 15:31:46+00:00
P02324,Pharmacy,2026-03-22 16:08:46+00:00
P02324,Billing,2026-03-22 16:41:46+00:00
P02324,Discharge,2026-03-22 17:26:46+00:00
P02326,Patient Arrival,2026-05-08 05:14:26+00:00
P02326,Registration,2026-05-08 05:53:26+00:00
P02326,Waiting,2026-05-08 07:14:26+00:00
P02326,Doctor Consultation,2026-05-08 07:45:26+00:00
P02326,ECG,2026-05-08 08:08:26+00:00
P02326,Doctor Consultation,2026-05-08 08:36:26+00:00
P02326,Diagnosis,2026-05-08 09:01:26+00:00
P02326,Treatment,2026-05-08 10:33:26+00:00
P02326,Pharmacy,2026-05-08 11:11:26+00:00
P02326,Billing,2026-05-08 11:34:26+00:00
P02326,Discharge,2026-05-08 12:15:26+00:00
P02327,Patient Arrival,2026-06-05 18:54:19+00:00
P02327,Registration,2026-06-05 19:36:19+00:00
P02327,Waiting,2026-06-05 20:15:19+00:00
P02327,Doctor Consultation,2026-06-05 20:33:19+00:00
P02327,Diagnosis,2026-06-05 20:53:19+00:00
P02327,Treatment,2026-06-05 21:47:19+00:00
P02327,Pharmacy,2026-06-05 22:32:19+00:00
P02327,Billing,2026-06-05 23:05:19+00:00
P02327,Discharge,2026-06-05 23:37:19+00:00
P02331,Patient Arrival,2026-12-22 18:32:08+00:00
P02331,Registration,2026-12-22 19:15:08+00:00
P02331,Waiting,2026-12-22 19:52:08+00:00
P02331,Doctor Consultation,2026-12-22 20:09:08+00:00
P02331,Blood Test,2026-12-22 20:35:08+00:00
P02331,Doctor Consultation,2026-12-22 21:10:08+00:00
P02331,Diagnosis,2026-12-22 21:35:08+00:00
P02331,Ward Transfer,2026-12-22 22:14:08+00:00
P02331,Treatment,2026-12-22 23:17:08+00:00
P02331,Pharmacy,2026-12-22 23:45:08+00:00
P02331,Billing,2026-12-23 00:25:08+00:00
P02331,Discharge,2026-12-23 00:56:08+00:00
P02334,Patient Arrival,2026-08-10 12:22:32+00:00
P02334,Registration,2026-08-10 12:49:32+00:00
P02334,Waiting,2026-08-10 13:21:32+00:00
P02334,Doctor Consultation,2026-08-10 13:48:32+00:00
P02334,Diagnosis,2026-08-10 14:23:32+00:00
P02334,Ward Transfer,2026-08-10 14:48:32+00:00
P02334,Treatment,2026-08-10 16:04:32+00:00
P02334,Pharmacy,2026-08-10 16:21:32+00:00
P02334,Billing,2026-08-10 16:55:32+00:00
P02334,Discharge,2026-08-10 17:23:32+00:00
P02337,Patient Arrival,2026-04-17 20:35:36+00:00
P02337,Registration,2026-04-17 20:56:36+00:00
P02337,Waiting,2026-04-17 22:24:36+00:00
P02337,Doctor Consultation,2026-04-17 22:59:36+00:00
P02337,Urine Test,2026-04-17 23:34:36+00:00
P02337,Doctor Consultation,2026-04-18 00:04:36+00:00
P02337,Diagnosis,2026-04-18 00:31:36+00:00
P02337,Ward Transfer,2026-04-18 01:04:36+00:00
P02337,Treatment,2026-04-18 02:13:36+00:00
P02337,Pharmacy,2026-04-18 02:37:36+00:00
P02337,Billing,2026-04-18 03:07:36+00:00
P02337,Discharge,2026-04-18 03:38:36+00:00
P02344,Patient Arrival,2026-03-14 03:02:09+00:00
P02344,Registration,2026-03-14 03:33:09+00:00
P02344,Waiting,2026-03-14 04:34:09+00:00
P02344,Doctor Consultation,2026-03-14 05:22:09+00:00
P02344,Diagnosis,2026-03-14 05:58:09+00:00
P02344,Ward Transfer,2026-03-14 06:34:09+00:00
P02344,Treatment,2026-03-14 08:05:09+00:00
P02344,Pharmacy,2026-03-14 08:29:09+00:00
P02344,Billing,2026-03-14 08:48:09+00:00
P02344,Discharge,2026-03-14 09:06:09+00:00
P02346,Patient Arrival,2026-09-20 12:54:04+00:00
P02346,Registration,2026-09-20 13:19:04+00:00
P02346,Waiting,2026-09-20 14:16:04+00:00
P02346,Doctor Consultation,2026-09-20 14:59:04+00:00
P02346,Diagnosis,2026-09-20 15:40:04+00:00
P02346,Ward Transfer,2026-09-20 16:06:04+00:00
P02346,Treatment,2026-09-20 18:04:04+00:00
P02346,Pharmacy,2026-09-20 18:51:04+00:00
P02346,Billing,2026-09-20 19:40:04+00:00
P02346,Discharge,2026-09-20 20:25:04+00:00
P02347,Patient Arrival,2026-12-01 01:06:09+00:00
P02347,Registration,2026-12-01 01:26:09+00:00
P02347,Waiting,2026-12-01 02:39:09+00:00
P02347,Waiting,2026-12-01 02:39:09+00:00
P02347,Doctor Consultation,2026-12-01 03:05:09+00:00
P02347,Diagnosis,2026-12-01 03:14:09+00:00
P02347,Ward Transfer,2026-12-01 03:53:09+00:00
P02347,Ward Transfer,2026-12-01 03:53:09+00:00
P02347,Treatment,2026-12-01 05:08:09+00:00
P02347,Pharmacy,2026-12-01 05:51:09+00:00
P02347,Billing,2026-12-01 06:27:09+00:00
P02347,Discharge,2026-12-01 07:06:09+00:00
P02348,Patient Arrival,2026-05-11 20:10:14+00:00
P02348,Registration,2026-05-11 20:46:14+00:00
P02348,Waiting,2026-05-11 22:19:14+00:00
P02348,Doctor Consultation,2026-05-11 22:51:14+00:00
P02348,Diagnosis,2026-05-11 23:15:14+00:00
P02348,Ward Transfer,2026-05-11 23:52:14+00:00
P02348,Treatment,2026-05-12 00:41:14+00:00
P02348,Pharmacy,2026-05-12 01:01:14+00:00
P02348,Billing,2026-05-12 01:18:14+00:00
P02348,Discharge,2026-05-12 02:03:14+00:00
P02349,Patient Arrival,2026-07-03 12:03:44+00:00
P02349,Registration,2026-07-03 12:46:44+00:00
P02349,Waiting,2026-07-03 13:36:44+00:00
P02349,Doctor Consultation,2026-07-03 14:10:44+00:00
P02349,Diagnosis,2026-07-03 14:25:44+00:00
P02349,Treatment,2026-07-03 16:12:44+00:00
P02349,Pharmacy,2026-07-03 16:38:44+00:00
P02349,Billing,2026-07-03 17:04:44+00:00
P02349,Discharge,2026-07-03 17:37:44+00:00
P02351,Patient Arrival,2026-06-28 19:08:57+00:00
P02351,Registration,2026-06-28 19:38:57+00:00
P02351,Waiting,2026-06-28 20:30:57+00:00
P02351,Doctor Consultation,2026-06-28 21:01:57+00:00
P02351,Diagnosis,2026-06-28 21:33:57+00:00
P02351,Ward Transfer,2026-06-28 22:00:57+00:00
P02351,Treatment,2026-06-28 23:12:57+00:00
P02351,Pharmacy,2026-06-28 23:23:57+00:00
P02351,Billing,2026-06-28 23:50:57+00:00
P02351,Discharge,2026-06-29 00:21:57+00:00
P02355,Patient Arrival,2026-05-04 01:29:03+00:00
P02355,Registration,2026-05-04 02:11:03+00:00
P02355,Waiting,2026-05-04 03:14:03+00:00
P02355,Doctor Consultation,2026-05-04 03:34:03+00:00
P02355,Diagnosis,2026-05-04 04:01:03+00:00
P02355,Treatment,2026-05-04 05:20:03+00:00
P02355,Pharmacy,2026-05-04 05:29:03+00:00
P02355,Billing,2026-05-04 05:49:03+00:00
P02355,Discharge,2026-05-04 06:28:03+00:00
P02356,Patient Arrival,2026-05-08 12:45:23+00:00
P02356,Registration,2026-05-08 13:01:23+00:00
P02356,Waiting,2026-05-08 14:38:23+00:00
P02356,Doctor Consultation,2026-05-08 15:04:23+00:00
P02356,Blood Test,2026-05-08 15:36:23+00:00
P02356,Doctor Consultation,2026-05-08 16:17:23+00:00
P02356,Diagnosis,2026-05-08 16:58:23+00:00
P02356,Treatment,2026-05-08 18:41:23+00:00
P02356,Pharmacy,2026-05-08 19:10:23+00:00
P02356,Billing,2026-05-08 19:41:23+00:00
P02356,Discharge,2026-05-08 20:12:23+00:00
P02357,Patient Arrival,2026-09-24 14:21:25+00:00
P02357,Registration,2026-09-24 14:39:25+00:00
P02357,Waiting,2026-09-24 16:25:25+00:00
P02357,Doctor Consultation,2026-09-24 17:13:25+00:00
P02357,Diagnosis,2026-09-24 17:33:25+00:00
P02357,Treatment,2026-09-24 18:47:25+00:00
P02357,Pharmacy,2026-09-24 19:22:25+00:00
P02357,Billing,2026-09-24 19:52:25+00:00
P02357,Discharge,2026-09-24 20:36:25+00:00
P02360,Patient Arrival,2026-08-12 16:48:56+00:00
P02360,Registration,2026-08-12 17:22:56+00:00
P02360,Waiting,2026-08-12 18:31:56+00:00
P02360,Doctor Consultation,2026-08-12 19:03:56+00:00
P02360,Diagnosis,2026-08-12 19:44:56+00:00
P02360,Ward Transfer,2026-08-12 20:06:56+00:00
P02360,Treatment,2026-08-12 22:16:56+00:00
P02360,Pharmacy,2026-08-12 22:39:56+00:00
P02360,Billing,2026-08-12 23:09:56+00:00
P02360,Discharge,2026-08-12 23:53:56+00:00
P02363,Patient Arrival,2026-04-26 21:44:52+00:00
P02363,Registration,2026-04-26 22:00:52+00:00
P02363,Waiting,2026-04-26 22:38:52+00:00
P02363,Doctor Consultation,2026-04-26 23:00:52+00:00
P02363,Urine Test,2026-04-26 23:28:52+00:00
P02363,Doctor Consultation,2026-04-26 23:49:52+00:00
P02363,Diagnosis,2026-04-27 00:30:52+00:00
P02363,Ward Transfer,2026-04-27 01:10:52+00:00
P02363,Treatment,2026-04-27 02:50:52+00:00
P02363,Pharmacy,2026-04-27 03:06:52+00:00
P02363,Billing,2026-04-27 03:45:52+00:00
P02363,Discharge,2026-04-27 04:19:52+00:00
P02364,Patient Arrival,2026-05-25 09:37:01+00:00
P02364,Registration,2026-05-25 10:07:01+00:00
P02364,Waiting,2026-05-25 11:41:01+00:00
P02364,Doctor Consultation,2026-05-25 12:00:01+00:00
P02364,Blood Test,2026-05-25 12:16:01+00:00
P02364,Doctor Consultation,2026-05-25 13:10:01+00:00
P02364,Diagnosis,2026-05-25 13:26:01+00:00
P02364,Treatment,2026-05-25 14:40:01+00:00
P02364,Pharmacy,2026-05-25 15:07:01+00:00
P02364,Billing,2026-05-25 15:37:01+00:00
P02364,Discharge,2026-05-25 16:05:01+00:00
P02365,Patient Arrival,2026-02-13 12:13:13+00:00
P02365,Registration,2026-02-13 12:43:13+00:00
P02365,Waiting,2026-02-13 13:25:13+00:00
P02365,Doctor Consultation,2026-02-13 14:02:13+00:00
P02365,Diagnosis,2026-02-13 14:26:13+00:00
P02365,Ward Transfer,2026-02-13 14:57:13+00:00
P02365,Treatment,2026-02-13 15:48:13+00:00
P02365,Pharmacy,2026-02-13 16:10:13+00:00
P02365,Billing,2026-02-13 16:28:13+00:00
P02365,Discharge,2026-02-13 17:06:13+00:00
P02366,Patient Arrival,2026-12-15 19:14:15+00:00
P02366,Registration,2026-12-15 19:46:15+00:00
P02366,Waiting,2026-12-15 21:25:15+00:00
P02366,Doctor Consultation,2026-12-15 21:58:15+00:00
P02366,Blood Test,2026-12-15 22:50:15+00:00
P02366,Doctor Consultation,2026-12-15 23:36:15+00:00
P02366,Diagnosis,2026-12-16 00:06:15+00:00
P02366,Treatment,2026-12-16 02:21:15+00:00
P02366,Pharmacy,2026-12-16 02:44:15+00:00
P02366,Billing,2026-12-16 03:01:15+00:00
P02366,Discharge,2026-12-16 03:36:15+00:00
P02367,Patient Arrival,2026-12-01 06:54:14+00:00
P02367,Registration,2026-12-01 07:41:14+00:00
P02367,Waiting,2026-12-01 09:07:14+00:00
P02367,Doctor Consultation,2026-12-01 09:22:14+00:00
P02367,Diagnosis,2026-12-01 09:54:14+00:00
P02367,Treatment,2026-12-01 11:21:14+00:00
P02367,Pharmacy,2026-12-01 11:56:14+00:00
P02367,Pharmacy,2026-12-01 11:56:14+00:00
P02367,Billing,2026-12-01 12:11:14+00:00
P02367,Discharge,2026-12-01 12:39:14+00:00
P02370,Patient Arrival,2026-02-14 16:06:26+00:00
P02370,Registration,2026-02-14 16:59:26+00:00
P02370,Waiting,2026-02-14 17:46:26+00:00
P02370,Doctor Consultation,2026-02-14 18:17:26+00:00
P02370,Diagnosis,2026-02-14 18:51:26+00:00
P02370,Treatment,2026-02-14 20:43:26+00:00
P02370,Pharmacy,2026-02-14 21:13:26+00:00
P02370,Billing,2026-02-14 21:47:26+00:00
P02370,Discharge,2026-02-14 22:32:26+00:00
P02375,Patient Arrival,2026-08-12 22:12:49+00:00
P02375,Registration,2026-08-12 22:29:49+00:00
P02375,Waiting,2026-08-12 23:08:49+00:00
P02375,Doctor Consultation,2026-08-12 23:33:49+00:00
P02375,Urine Test,2026-08-13 00:04:49+00:00
P02375,Doctor Consultation,2026-08-13 00:46:49+00:00
P02375,Diagnosis,2026-08-13 01:11:49+00:00
P02375,Treatment,2026-08-13 01:55:49+00:00
P02375,Pharmacy,2026-08-13 02:13:49+00:00
P02375,Billing,2026-08-13 02:34:49+00:00
P02375,Discharge,2026-08-13 03:15:49+00:00
P02380,Patient Arrival,2026-03-23 12:18:19+00:00
P02380,Registration,2026-03-23 12:29:19+00:00
P02380,Waiting,2026-03-23 13:23:19+00:00
P02380,Doctor Consultation,2026-03-23 13:57:19+00:00
P02380,X-Ray,2026-03-23 14:06:19+00:00
P02380,Doctor Consultation,2026-03-23 14:46:19+00:00
P02380,Diagnosis,2026-03-23 15:16:19+00:00
P02380,Ward Transfer,2026-03-23 15:46:19+00:00
P02380,Treatment,2026-03-23 17:49:19+00:00
P02380,Pharmacy,2026-03-23 18:25:19+00:00
P02380,Billing,2026-03-23 19:05:19+00:00
P02380,Discharge,2026-03-23 19:32:19+00:00
P02381,Patient Arrival,2026-09-04 03:36:03+00:00
P02381,Registration,2026-09-04 04:30:03+00:00
P02381,Waiting,2026-09-04 05:15:03+00:00
P02381,Doctor Consultation,2026-09-04 05:42:03+00:00
P02381,Diagnosis,2026-09-04 06:31:03+00:00
P02381,Treatment,2026-09-04 08:02:03+00:00
P02381,Pharmacy,2026-09-04 08:42:03+00:00
P02381,Billing,2026-09-04 09:04:03+00:00
P02381,Discharge,2026-09-04 09:31:03+00:00
P02383,Patient Arrival,2026-01-17 21:37:33+00:00
P02383,Registration,2026-01-17 22:11:33+00:00
P02383,Waiting,2026-01-17 23:25:33+00:00
P02383,Doctor Consultation,2026-01-17 23:56:33+00:00
P02383,Blood Test,2026-01-18 00:36:33+00:00
P02383,Doctor Consultation,2026-01-18 00:47:33+00:00
P02383,Doctor Consultation,2026-01-18 00:47:33+00:00
P02383,Diagnosis,2026-01-18 01:13:33+00:00
P02383,Treatment,2026-01-18 02:58:33+00:00
P02383,Pharmacy,2026-01-18 03:25:33+00:00
P02383,Billing,2026-01-18 04:09:33+00:00
P02383,Discharge,2026-01-18 04:53:33+00:00
P02384,Patient Arrival,2026-06-14 04:02:11+00:00
P02384,Registration,2026-06-14 04:43:11+00:00
P02384,Waiting,2026-06-14 05:31:11+00:00
P02384,Doctor Consultation,2026-06-14 06:26:11+00:00
P02384,X-Ray,2026-06-14 06:59:11+00:00
P02384,Doctor Consultation,2026-06-14 07:29:11+00:00
P02384,Diagnosis,2026-06-14 08:14:11+00:00
P02384,Treatment,2026-06-14 09:36:11+00:00
P02384,Pharmacy,2026-06-14 09:58:11+00:00
P02384,Billing,2026-06-14 10:32:11+00:00
P02384,Discharge,2026-06-14 11:00:11+00:00
P02385,Patient Arrival,2026-05-28 00:48:17+00:00
P02385,Registration,2026-05-28 01:16:17+00:00
P02385,Waiting,2026-05-28 01:57:17+00:00
P02385,Doctor Consultation,2026-05-28 02:17:17+00:00
P02385,Diagnosis,2026-05-28 02:50:17+00:00
P02385,Treatment,2026-05-28 04:02:17+00:00
P02385,Pharmacy,2026-05-28 04:50:17+00:00
P02385,Billing,2026-05-28 05:20:17+00:00
P02385,Discharge,2026-05-28 05:47:17+00:00
P02386,Patient Arrival,2026-06-29 16:45:28+00:00
P02386,Registration,2026-06-29 17:27:28+00:00
P02386,Waiting,2026-06-29 19:08:28+00:00
P02386,Doctor Consultation,2026-06-29 19:29:28+00:00
P02386,Diagnosis,2026-06-29 20:04:28+00:00
P02386,Treatment,2026-06-29 21:33:28+00:00
P02386,Pharmacy,2026-06-29 21:59:28+00:00
P02386,Billing,2026-06-29 22:15:28+00:00
P02386,Discharge,2026-06-29 22:40:28+00:00
P02387,Patient Arrival,2026-06-09 10:03:58+00:00
P02387,Registration,2026-06-09 10:33:58+00:00
P02387,Waiting,2026-06-09 11:29:58+00:00
P02387,Doctor Consultation,2026-06-09 11:57:58+00:00
P02387,Diagnosis,2026-06-09 12:18:58+00:00
P02387,Diagnosis,2026-06-09 12:18:58+00:00
P02387,Ward Transfer,2026-06-09 12:55:58+00:00
P02387,Treatment,2026-06-09 13:59:58+00:00
P02387,Pharmacy,2026-06-09 14:39:58+00:00
P02387,Billing,2026-06-09 15:12:58+00:00
P02387,Billing,2026-06-09 15:12:58+00:00
P02387,Discharge,2026-06-09 15:44:58+00:00
P02388,Patient Arrival,2026-03-25 10:42:40+00:00
P02388,Registration,2026-03-25 11:12:40+00:00
P02388,Waiting,2026-03-25 12:37:40+00:00
P02388,Doctor Consultation,2026-03-25 12:45:40+00:00
P02388,Blood Test,2026-03-25 13:02:40+00:00
P02388,Doctor Consultation,2026-03-25 13:39:40+00:00
P02388,Diagnosis,2026-03-25 14:31:40+00:00
P02388,Ward Transfer,2026-03-25 14:44:40+00:00
P02388,Treatment,2026-03-25 16:47:40+00:00
P02388,Pharmacy,2026-03-25 17:17:40+00:00
P02388,Billing,2026-03-25 17:47:40+00:00
P02388,Discharge,2026-03-25 18:26:40+00:00
P02389,Patient Arrival,2026-04-12 00:11:29+00:00
P02389,Registration,2026-04-12 00:55:29+00:00
P02389,Waiting,2026-04-12 02:03:29+00:00
P02389,Doctor Consultation,2026-04-12 02:30:29+00:00
P02389,ECG,2026-04-12 03:18:29+00:00
P02389,Doctor Consultation,2026-04-12 04:01:29+00:00
P02389,Diagnosis,2026-04-12 04:32:29+00:00
P02389,Ward Transfer,2026-04-12 04:53:29+00:00
P02389,Treatment,2026-04-12 05:39:29+00:00
P02389,Pharmacy,2026-04-12 05:59:29+00:00
P02389,Billing,2026-04-12 06:13:29+00:00
P02389,Discharge,2026-04-12 06:55:29+00:00
P02399,Patient Arrival,2026-04-13 02:17:02+00:00
P02399,Registration,2026-04-13 02:53:02+00:00
P02399,Waiting,2026-04-13 04:43:02+00:00
P02399,Doctor Consultation,2026-04-13 05:09:02+00:00
P02399,Urine Test,2026-04-13 05:48:02+00:00
P02399,Doctor Consultation,2026-04-13 06:06:02+00:00
P02399,Diagnosis,2026-04-13 06:49:02+00:00
P02399,Treatment,2026-04-13 08:15:02+00:00
P02399,Pharmacy,2026-04-13 08:53:02+00:00
P02399,Pharmacy,2026-04-13 08:53:02+00:00
P02399,Billing,2026-04-13 09:20:02+00:00
P02399,Discharge,2026-04-13 09:55:02+00:00
P02401,Patient Arrival,2026-11-23 03:19:40+00:00
P02401,Registration,2026-11-23 03:37:40+00:00
P02401,Waiting,2026-11-23 05:23:40+00:00
P02401,Doctor Consultation,2026-11-23 05:45:40+00:00
P02401,Urine Test,2026-11-23 06:39:40+00:00
P02401,Doctor Consultation,2026-11-23 06:57:40+00:00
P02401,Diagnosis,2026-11-23 07:44:40+00:00
P02401,Ward Transfer,2026-11-23 08:11:40+00:00
P02401,Treatment,2026-11-23 10:04:40+00:00
P02401,Pharmacy,2026-11-23 10:40:40+00:00
P02401,Billing,2026-11-23 11:05:40+00:00
P02401,Discharge,2026-11-23 11:39:40+00:00
P02404,Patient Arrival,2026-03-13 13:34:49+00:00
P02404,Registration,2026-03-13 14:06:49+00:00
P02404,Waiting,2026-03-13 15:17:49+00:00
P02404,Doctor Consultation,2026-03-13 15:44:49+00:00
P02404,X-Ray,2026-03-13 16:21:49+00:00
P02404,Doctor Consultation,2026-03-13 17:03:49+00:00
P02404,Diagnosis,2026-03-13 17:33:49+00:00
P02404,Treatment,2026-03-13 19:42:49+00:00
P02404,Pharmacy,2026-03-13 20:08:49+00:00
P02404,Billing,2026-03-13 20:53:49+00:00
P02404,Discharge,2026-03-13 21:30:49+00:00
P02406,Patient Arrival,2026-03-17 01:45:27+00:00
P02406,Registration,2026-03-17 02:10:27+00:00
P02406,Waiting,2026-03-17 03:02:27+00:00
P02406,Doctor Consultation,2026-03-17 03:33:27+00:00
P02406,Blood Test,2026-03-17 04:23:27+00:00
P02406,Doctor Consultation,2026-03-17 04:44:27+00:00
P02406,Diagnosis,2026-03-17 05:10:27+00:00
P02406,Treatment,2026-03-17 06:04:27+00:00
P02406,Pharmacy,2026-03-17 06:38:27+00:00
P02406,Billing,2026-03-17 07:01:27+00:00
P02406,Discharge,2026-03-17 07:49:27+00:00
P02407,Patient Arrival,2026-06-05 10:59:13+00:00
P02407,Registration,2026-06-05 11:33:13+00:00
P02407,Waiting,2026-06-05 12:20:13+00:00
P02407,Doctor Consultation,2026-06-05 12:43:13+00:00
P02407,Blood Test,2026-06-05 13:19:13+00:00
P02407,Doctor Consultation,2026-06-05 14:14:13+00:00
P02407,Diagnosis,2026-06-05 14:40:13+00:00
P02407,Treatment,2026-06-05 15:51:13+00:00
P02407,Pharmacy,2026-06-05 16:29:13+00:00
P02407,Billing,2026-06-05 16:52:13+00:00
P02407,Discharge,2026-06-05 17:10:13+00:00
P02411,Patient Arrival,2026-01-14 18:59:47+00:00
P02411,Registration,2026-01-14 19:27:47+00:00
P02411,Waiting,2026-01-14 20:35:47+00:00
P02411,Doctor Consultation,2026-01-14 21:26:47+00:00
P02411,ECG,2026-01-14 21:50:47+00:00
P02411,Doctor Consultation,2026-01-14 22:11:47+00:00
P02411,Diagnosis,2026-01-14 22:38:47+00:00
P02411,Treatment,2026-01-14 23:50:47+00:00
P02411,Pharmacy,2026-01-15 00:17:47+00:00
P02411,Billing,2026-01-15 00:47:47+00:00
P02411,Discharge,2026-01-15 01:27:47+00:00
P02412,Patient Arrival,2026-07-18 03:41:12+00:00
P02412,Registration,2026-07-18 04:20:12+00:00
P02412,Waiting,2026-07-18 05:46:12+00:00
P02412,Doctor Consultation,2026-07-18 06:08:12+00:00
P02412,Urine Test,2026-07-18 06:52:12+00:00
P02412,Doctor Consultation,2026-07-18 07:36:12+00:00
P02412,Diagnosis,2026-07-18 08:26:12+00:00
P02412,Ward Transfer,2026-07-18 09:05:12+00:00
P02412,Treatment,2026-07-18 10:17:12+00:00
P02412,Pharmacy,2026-07-18 10:43:12+00:00
P02412,Billing,2026-07-18 11:26:12+00:00
P02412,Billing,2026-07-18 11:26:12+00:00
P02412,Discharge,2026-07-18 12:01:12+00:00
P02415,Patient Arrival,2026-10-23 08:14:50+00:00
P02415,Registration,2026-10-23 08:46:50+00:00
P02415,Waiting,2026-10-23 09:45:50+00:00
P02415,Doctor Consultation,2026-10-23 10:26:50+00:00
P02415,Urine Test,2026-10-23 10:59:50+00:00
P02415,Doctor Consultation,2026-10-23 11:43:50+00:00
P02415,Doctor Consultation,2026-10-23 11:43:50+00:00
P02415,Blood Test,2026-10-23 12:01:50+00:00
P02415,Doctor Consultation,2026-10-23 12:40:50+00:00
P02415,Diagnosis,2026-10-23 13:13:50+00:00
P02415,Treatment,2026-10-23 14:57:50+00:00
P02415,Pharmacy,2026-10-23 15:18:50+00:00
P02415,Billing,2026-10-23 15:25:50+00:00
P02415,Billing,2026-10-23 15:25:50+00:00
P02415,Discharge,2026-10-23 16:06:50+00:00
P02418,Patient Arrival,2026-03-13 06:40:58+00:00
P02418,Registration,2026-03-13 07:01:58+00:00
P02418,Waiting,2026-03-13 08:41:58+00:00
P02418,Doctor Consultation,2026-03-13 09:21:58+00:00
P02418,Diagnosis,2026-03-13 09:44:58+00:00
P02418,Treatment,2026-03-13 10:23:58+00:00
P02418,Pharmacy,2026-03-13 11:06:58+00:00
P02418,Billing,2026-03-13 11:36:58+00:00
P02418,Discharge,2026-03-13 11:52:58+00:00
P02419,Patient Arrival,2026-07-01 04:34:50+00:00
P02419,Registration,2026-07-01 05:04:50+00:00
P02419,Waiting,2026-07-01 05:53:50+00:00
P02419,Doctor Consultation,2026-07-01 06:26:50+00:00
P02419,Diagnosis,2026-07-01 06:52:50+00:00
P02419,Treatment,2026-07-01 08:17:50+00:00
P02419,Pharmacy,2026-07-01 08:30:50+00:00
P02419,Billing,2026-07-01 09:07:50+00:00
P02419,Discharge,2026-07-01 09:23:50+00:00
P02421,Patient Arrival,2026-12-28 13:57:27+00:00
P02421,Registration,2026-12-28 14:23:27+00:00
P02421,Waiting,2026-12-28 16:01:27+00:00
P02421,Doctor Consultation,2026-12-28 16:21:27+00:00
P02421,Urine Test,2026-12-28 16:50:27+00:00
P02421,Doctor Consultation,2026-12-28 17:27:27+00:00
P02421,Diagnosis,2026-12-28 18:11:27+00:00
P02421,Treatment,2026-12-28 19:40:27+00:00
P02421,Pharmacy,2026-12-28 20:02:27+00:00
P02421,Billing,2026-12-28 20:18:27+00:00
P02421,Discharge,2026-12-28 20:40:27+00:00
P02422,Patient Arrival,2026-08-24 22:44:26+00:00
P02422,Registration,2026-08-24 23:11:26+00:00
P02422,Waiting,2026-08-25 00:00:26+00:00
P02422,Doctor Consultation,2026-08-25 00:18:26+00:00
P02422,Urine Test,2026-08-25 00:50:26+00:00
P02422,Doctor Consultation,2026-08-25 01:31:26+00:00
P02422,Diagnosis,2026-08-25 02:04:26+00:00
P02422,Treatment,2026-08-25 03:31:26+00:00
P02422,Pharmacy,2026-08-25 04:06:26+00:00
P02422,Billing,2026-08-25 04:42:26+00:00
P02422,Discharge,2026-08-25 05:14:26+00:00
P02424,Patient Arrival,2026-10-19 07:35:48+00:00
P02424,Registration,2026-10-19 08:04:48+00:00
P02424,Waiting,2026-10-19 09:11:48+00:00
P02424,Doctor Consultation,2026-10-19 09:39:48+00:00
P02424,Diagnosis,2026-10-19 10:17:48+00:00
P02424,Treatment,2026-10-19 12:01:48+00:00
P02424,Pharmacy,2026-10-19 12:36:48+00:00
P02424,Billing,2026-10-19 13:00:48+00:00
P02424,Discharge,2026-10-19 13:45:48+00:00
P02426,Patient Arrival,2026-07-25 19:50:37+00:00
P02426,Registration,2026-07-25 20:22:37+00:00
P02426,Waiting,2026-07-25 21:29:37+00:00
P02426,Doctor Consultation,2026-07-25 22:10:37+00:00
P02426,X-Ray,2026-07-25 22:51:37+00:00
P02426,Doctor Consultation,2026-07-25 23:18:37+00:00
P02426,Diagnosis,2026-07-25 23:46:37+00:00
P02426,Treatment,2026-07-26 01:35:37+00:00
P02426,Pharmacy,2026-07-26 01:59:37+00:00
P02426,Pharmacy,2026-07-26 01:59:37+00:00
P02426,Billing,2026-07-26 02:14:37+00:00
P02426,Discharge,2026-07-26 02:38:37+00:00
P02429,Patient Arrival,2026-07-11 07:26:39+00:00
P02429,Registration,2026-07-11 07:57:39+00:00
P02429,Waiting,2026-07-11 09:06:39+00:00
P02429,Doctor Consultation,2026-07-11 09:49:39+00:00
P02429,Urine Test,2026-07-11 10:15:39+00:00
P02429,Doctor Consultation,2026-07-11 10:47:39+00:00
P02429,Diagnosis,2026-07-11 11:05:39+00:00
P02429,Ward Transfer,2026-07-11 11:32:39+00:00
P02429,Treatment,2026-07-11 13:28:39+00:00
P02429,Pharmacy,2026-07-11 13:49:39+00:00
P02429,Billing,2026-07-11 14:25:39+00:00
P02429,Discharge,2026-07-11 14:52:39+00:00
P02433,Patient Arrival,2026-07-12 09:33:51+00:00
P02433,Registration,2026-07-12 10:21:51+00:00
P02433,Waiting,2026-07-12 11:43:51+00:00
P02433,Doctor Consultation,2026-07-12 12:26:51+00:00
P02433,Blood Test,2026-07-12 12:46:51+00:00
P02433,Doctor Consultation,2026-07-12 13:16:51+00:00
P02433,Diagnosis,2026-07-12 13:53:51+00:00
P02433,Treatment,2026-07-12 14:30:51+00:00
P02433,Pharmacy,2026-07-12 15:20:51+00:00
P02433,Billing,2026-07-12 15:53:51+00:00
P02433,Discharge,2026-07-12 16:30:51+00:00
P02436,Patient Arrival,2026-08-18 07:10:43+00:00
P02436,Registration,2026-08-18 07:44:43+00:00
P02436,Waiting,2026-08-18 09:14:43+00:00
P02436,Doctor Consultation,2026-08-18 09:55:43+00:00
P02436,Urine Test,2026-08-18 10:34:43+00:00
P02436,Doctor Consultation,2026-08-18 11:08:43+00:00
P02436,Diagnosis,2026-08-18 11:36:43+00:00
P02436,Treatment,2026-08-18 12:44:43+00:00
P02436,Pharmacy,2026-08-18 13:21:43+00:00
P02436,Billing,2026-08-18 14:09:43+00:00
P02436,Discharge,2026-08-18 14:38:43+00:00
P02437,Patient Arrival,2026-12-28 08:41:43+00:00
P02437,Registration,2026-12-28 08:54:43+00:00
P02437,Waiting,2026-12-28 10:13:43+00:00
P02437,Doctor Consultation,2026-12-28 10:41:43+00:00
P02437,Diagnosis,2026-12-28 11:03:43+00:00
P02437,Treatment,2026-12-28 12:41:43+00:00
P02437,Pharmacy,2026-12-28 13:01:43+00:00
P02437,Billing,2026-12-28 13:14:43+00:00
P02437,Discharge,2026-12-28 13:30:43+00:00
P02439,Patient Arrival,2026-05-22 08:09:50+00:00
P02439,Registration,2026-05-22 08:25:50+00:00
P02439,Waiting,2026-05-22 09:54:50+00:00
P02439,Doctor Consultation,2026-05-22 10:11:50+00:00
P02439,Urine Test,2026-05-22 10:45:50+00:00
P02439,Doctor Consultation,2026-05-22 11:10:50+00:00
P02439,Diagnosis,2026-05-22 11:39:50+00:00
P02439,Treatment,2026-05-22 12:42:50+00:00
P02439,Pharmacy,2026-05-22 13:10:50+00:00
P02439,Billing,2026-05-22 13:40:50+00:00
P02439,Discharge,2026-05-22 14:29:50+00:00
P02440,Patient Arrival,2026-04-08 14:06:14+00:00
P02440,Registration,2026-04-08 14:39:14+00:00
P02440,Waiting,2026-04-08 15:49:14+00:00
P02440,Doctor Consultation,2026-04-08 16:39:14+00:00
P02440,Blood Test,2026-04-08 16:57:14+00:00
P02440,Doctor Consultation,2026-04-08 17:34:14+00:00
P02440,Diagnosis,2026-04-08 18:07:14+00:00
P02440,Treatment,2026-04-08 19:23:14+00:00
P02440,Pharmacy,2026-04-08 19:52:14+00:00
P02440,Billing,2026-04-08 20:26:14+00:00
P02440,Discharge,2026-04-08 20:44:14+00:00
P02443,Patient Arrival,2026-07-26 12:54:44+00:00
P02443,Registration,2026-07-26 13:31:44+00:00
P02443,Waiting,2026-07-26 14:52:44+00:00
P02443,Doctor Consultation,2026-07-26 15:22:44+00:00
P02443,Blood Test,2026-07-26 16:01:44+00:00
P02443,Doctor Consultation,2026-07-26 16:31:44+00:00
P02443,Diagnosis,2026-07-26 16:44:44+00:00
P02443,Treatment,2026-07-26 17:33:44+00:00
P02443,Pharmacy,2026-07-26 18:13:44+00:00
P02443,Billing,2026-07-26 18:43:44+00:00
P02443,Discharge,2026-07-26 19:02:44+00:00
P02444,Patient Arrival,2026-05-20 14:09:53+00:00
P02444,Registration,2026-05-20 14:39:53+00:00
P02444,Waiting,2026-05-20 15:25:53+00:00
P02444,Doctor Consultation,2026-05-20 15:55:53+00:00
P02444,Urine Test,2026-05-20 16:21:53+00:00
P02444,Doctor Consultation,2026-05-20 17:09:53+00:00
P02444,Blood Test,2026-05-20 17:46:53+00:00
P02444,Doctor Consultation,2026-05-20 18:04:53+00:00
P02444,Diagnosis,2026-05-20 18:45:53+00:00
P02444,Treatment,2026-05-20 20:37:53+00:00
P02444,Pharmacy,2026-05-20 20:53:53+00:00
P02444,Billing,2026-05-20 21:45:53+00:00
P02444,Discharge,2026-05-20 22:17:53+00:00
P02446,Patient Arrival,2026-08-02 13:12:14+00:00
P02446,Registration,2026-08-02 13:30:14+00:00
P02446,Waiting,2026-08-02 14:15:14+00:00
P02446,Doctor Consultation,2026-08-02 14:57:14+00:00
P02446,Urine Test,2026-08-02 15:24:14+00:00
P02446,Doctor Consultation,2026-08-02 16:03:14+00:00
P02446,Diagnosis,2026-08-02 16:38:14+00:00
P02446,Treatment,2026-08-02 18:20:14+00:00
P02446,Pharmacy,2026-08-02 18:50:14+00:00
P02446,Billing,2026-08-02 19:18:14+00:00
P02446,Discharge,2026-08-02 19:38:14+00:00
P02447,Patient Arrival,2026-01-08 07:15:48+00:00
P02447,Registration,2026-01-08 08:05:48+00:00
P02447,Waiting,2026-01-08 09:36:48+00:00
P02447,Doctor Consultation,2026-01-08 10:04:48+00:00
P02447,ECG,2026-01-08 10:51:48+00:00
P02447,Doctor Consultation,2026-01-08 11:39:48+00:00
P02447,Diagnosis,2026-01-08 12:22:48+00:00
P02447,Ward Transfer,2026-01-08 12:50:48+00:00
P02447,Treatment,2026-01-08 13:47:48+00:00
P02447,Pharmacy,2026-01-08 14:33:48+00:00
P02447,Billing,2026-01-08 15:12:48+00:00
P02447,Discharge,2026-01-08 15:52:48+00:00
P02449,Patient Arrival,2026-12-08 17:00:30+00:00
P02449,Registration,2026-12-08 17:38:30+00:00
P02449,Waiting,2026-12-08 18:17:30+00:00
P02449,Doctor Consultation,2026-12-08 18:44:30+00:00
P02449,Diagnosis,2026-12-08 19:07:30+00:00
P02449,Treatment,2026-12-08 20:59:30+00:00
P02449,Pharmacy,2026-12-08 21:45:30+00:00
P02449,Billing,2026-12-08 22:31:30+00:00
P02449,Discharge,2026-12-08 23:16:30+00:00
P02450,Patient Arrival,2026-05-17 14:36:08+00:00
P02450,Registration,2026-05-17 15:19:08+00:00
P02450,Waiting,2026-05-17 16:50:08+00:00
P02450,Doctor Consultation,2026-05-17 17:25:08+00:00
P02450,Diagnosis,2026-05-17 17:49:08+00:00
P02450,Ward Transfer,2026-05-17 18:22:08+00:00
P02450,Treatment,2026-05-17 20:08:08+00:00
P02450,Pharmacy,2026-05-17 20:44:08+00:00
P02450,Billing,2026-05-17 21:22:08+00:00
P02450,Discharge,2026-05-17 21:41:08+00:00
P02451,Patient Arrival,2026-10-20 04:27:10+00:00
P02451,Registration,2026-10-20 05:01:10+00:00
P02451,Waiting,2026-10-20 05:58:10+00:00
P02451,Doctor Consultation,2026-10-20 06:33:10+00:00
P02451,Diagnosis,2026-10-20 07:18:10+00:00
P02451,Treatment,2026-10-20 09:21:10+00:00
P02451,Pharmacy,2026-10-20 09:59:10+00:00
P02451,Billing,2026-10-20 10:29:10+00:00
P02451,Discharge,2026-10-20 10:56:10+00:00
P02458,Patient Arrival,2026-07-01 17:59:55+00:00
P02458,Registration,2026-07-01 18:37:55+00:00
P02458,Waiting,2026-07-01 20:20:55+00:00
P02458,Doctor Consultation,2026-07-01 21:07:55+00:00
P02458,Urine Test,2026-07-01 21:42:55+00:00
P02458,Doctor Consultation,2026-07-01 22:07:55+00:00
P02458,Diagnosis,2026-07-01 22:52:55+00:00
P02458,Ward Transfer,2026-07-01 23:10:55+00:00
P02458,Treatment,2026-07-01 23:59:55+00:00
P02458,Pharmacy,2026-07-02 00:27:55+00:00
P02458,Billing,2026-07-02 01:05:55+00:00
P02458,Discharge,2026-07-02 01:40:55+00:00
P02471,Patient Arrival,2026-04-27 00:08:40+00:00
P02471,Registration,2026-04-27 00:34:40+00:00
P02471,Waiting,2026-04-27 02:23:40+00:00
P02471,Doctor Consultation,2026-04-27 03:00:40+00:00
P02471,Blood Test,2026-04-27 03:53:40+00:00
P02471,Blood Test,2026-04-27 03:53:40+00:00
P02471,Doctor Consultation,2026-04-27 04:29:40+00:00
P02471,Diagnosis,2026-04-27 04:52:40+00:00
P02471,Ward Transfer,2026-04-27 05:35:40+00:00
P02471,Treatment,2026-04-27 06:24:40+00:00
P02471,Pharmacy,2026-04-27 07:00:40+00:00
P02471,Billing,2026-04-27 07:30:40+00:00
P02471,Discharge,2026-04-27 08:00:40+00:00
P02472,Patient Arrival,2026-08-04 19:27:09+00:00
P02472,Registration,2026-08-04 20:01:09+00:00
P02472,Waiting,2026-08-04 20:55:09+00:00
P02472,Doctor Consultation,2026-08-04 21:34:09+00:00
P02472,Blood Test,2026-08-04 21:59:09+00:00
P02472,Doctor Consultation,2026-08-04 22:35:09+00:00
P02472,Diagnosis,2026-08-04 22:58:09+00:00
P02472,Treatment,2026-08-05 00:37:09+00:00
P02472,Pharmacy,2026-08-05 00:57:09+00:00
P02472,Billing,2026-08-05 01:37:09+00:00
P02472,Discharge,2026-08-05 01:47:09+00:00
P02474,Patient Arrival,2026-05-08 23:38:10+00:00
P02474,Patient Arrival,2026-05-08 23:38:10+00:00
P02474,Registration,2026-05-09 00:27:10+00:00
P02474,Waiting,2026-05-09 01:20:10+00:00
P02474,Doctor Consultation,2026-05-09 01:38:10+00:00
P02474,Urine Test,2026-05-09 02:24:10+00:00
P02474,Doctor Consultation,2026-05-09 02:36:10+00:00
P02474,Diagnosis,2026-05-09 02:52:10+00:00
P02474,Ward Transfer,2026-05-09 03:12:10+00:00
P02474,Treatment,2026-05-09 04:27:10+00:00
P02474,Pharmacy,2026-05-09 05:08:10+00:00
P02474,Billing,2026-05-09 05:44:10+00:00
P02474,Discharge,2026-05-09 06:04:10+00:00
P02476,Patient Arrival,2026-01-02 16:49:42+00:00
P02476,Registration,2026-01-02 17:35:42+00:00
P02476,Waiting,2026-01-02 19:09:42+00:00
P02476,Doctor Consultation,2026-01-02 19:41:42+00:00
P02476,Diagnosis,2026-01-02 20:09:42+00:00
P02476,Ward Transfer,2026-01-02 20:44:42+00:00
P02476,Treatment,2026-01-02 21:22:42+00:00
P02476,Pharmacy,2026-01-02 21:48:42+00:00
P02476,Billing,2026-01-02 22:25:42+00:00
P02476,Discharge,2026-01-02 22:48:42+00:00
P02477,Patient Arrival,2026-01-12 00:57:43+00:00
P02477,Registration,2026-01-12 01:31:43+00:00
P02477,Waiting,2026-01-12 02:36:43+00:00
P02477,Doctor Consultation,2026-01-12 03:16:43+00:00
P02477,Urine Test,2026-01-12 04:11:43+00:00
P02477,Doctor Consultation,2026-01-12 04:42:43+00:00
P02477,Diagnosis,2026-01-12 05:19:43+00:00
P02477,Treatment,2026-01-12 06:14:43+00:00
P02477,Pharmacy,2026-01-12 06:55:43+00:00
P02477,Billing,2026-01-12 07:08:43+00:00
P02477,Discharge,2026-01-12 07:31:43+00:00
P02480,Patient Arrival,2026-04-22 17:36:55+00:00
P02480,Registration,2026-04-22 17:56:55+00:00
P02480,Waiting,2026-04-22 18:43:55+00:00
P02480,Doctor Consultation,2026-04-22 19:13:55+00:00
P02480,Urine Test,2026-04-22 19:51:55+00:00
P02480,Doctor Consultation,2026-04-22 20:17:55+00:00
P02480,Diagnosis,2026-04-22 20:43:55+00:00
P02480,Treatment,2026-04-22 21:25:55+00:00
P02480,Pharmacy,2026-04-22 21:51:55+00:00
P02480,Billing,2026-04-22 22:08:55+00:00
P02480,Discharge,2026-04-22 22:46:55+00:00
P02481,Patient Arrival,2026-03-08 06:37:18+00:00
P02481,Registration,2026-03-08 07:08:18+00:00
P02481,Waiting,2026-03-08 08:18:18+00:00
P02481,Doctor Consultation,2026-03-08 08:47:18+00:00
P02481,Diagnosis,2026-03-08 09:24:18+00:00
P02481,Treatment,2026-03-08 11:31:18+00:00
P02481,Pharmacy,2026-03-08 12:01:18+00:00
P02481,Billing,2026-03-08 12:26:18+00:00
P02481,Discharge,2026-03-08 13:00:18+00:00
P02487,Patient Arrival,2026-08-30 03:23:41+00:00
P02487,Registration,2026-08-30 04:10:41+00:00
P02487,Waiting,2026-08-30 05:13:41+00:00
P02487,Doctor Consultation,2026-08-30 05:45:41+00:00
P02487,Diagnosis,2026-08-30 06:01:41+00:00
P02487,Treatment,2026-08-30 07:03:41+00:00
P02487,Pharmacy,2026-08-30 07:55:41+00:00
P02487,Billing,2026-08-30 08:48:41+00:00
P02487,Discharge,2026-08-30 08:56:41+00:00
P02488,Patient Arrival,2026-01-05 07:57:49+00:00
P02488,Registration,2026-01-05 08:23:49+00:00
P02488,Waiting,2026-01-05 09:17:49+00:00
P02488,Doctor Consultation,2026-01-05 09:51:49+00:00
P02488,Diagnosis,2026-01-05 10:06:49+00:00
P02488,Treatment,2026-01-05 11:34:49+00:00
P02488,Treatment,2026-01-05 11:34:49+00:00
P02488,Pharmacy,2026-01-05 12:04:49+00:00
P02488,Billing,2026-01-05 12:38:49+00:00
P02488,Discharge,2026-01-05 12:54:49+00:00
P02489,Patient Arrival,2026-03-31 03:39:55+00:00
P02489,Registration,2026-03-31 04:11:55+00:00
P02489,Waiting,2026-03-31 04:50:55+00:00
P02489,Doctor Consultation,2026-03-31 05:01:55+00:00
P02489,Diagnosis,2026-03-31 05:19:55+00:00
P02489,Treatment,2026-03-31 07:33:55+00:00
P02489,Pharmacy,2026-03-31 08:16:55+00:00
P02489,Billing,2026-03-31 09:01:55+00:00
P02489,Discharge,2026-03-31 09:14:55+00:00
P02494,Patient Arrival,2026-02-08 14:20:19+00:00
P02494,Registration,2026-02-08 14:56:19+00:00
P02494,Waiting,2026-02-08 15:54:19+00:00
P02494,Doctor Consultation,2026-02-08 16:09:19+00:00
P02494,Diagnosis,2026-02-08 16:24:19+00:00
P02494,Treatment,2026-02-08 17:35:19+00:00
P02494,Pharmacy,2026-02-08 18:11:19+00:00
P02494,Billing,2026-02-08 18:35:19+00:00
P02494,Discharge,2026-02-08 19:05:19+00:00
P02498,Patient Arrival,2026-06-30 11:41:04+00:00
P02498,Registration,2026-06-30 12:24:04+00:00
P02498,Waiting,2026-06-30 13:45:04+00:00
P02498,Doctor Consultation,2026-06-30 14:02:04+00:00
P02498,X-Ray,2026-06-30 14:41:04+00:00
P02498,Doctor Consultation,2026-06-30 15:13:04+00:00
P02498,Diagnosis,2026-06-30 15:44:04+00:00
P02498,Treatment,2026-06-30 17:15:04+00:00
P02498,Pharmacy,2026-06-30 17:42:04+00:00
P02498,Billing,2026-06-30 18:25:04+00:00
P02498,Discharge,2026-06-30 19:03:04+00:00
P02499,Patient Arrival,2026-07-07 05:08:03+00:00
P02499,Registration,2026-07-07 05:22:03+00:00
P02499,Waiting,2026-07-07 06:24:03+00:00
P02499,Doctor Consultation,2026-07-07 07:04:03+00:00
P02499,X-Ray,2026-07-07 07:26:03+00:00
P02499,Doctor Consultation,2026-07-07 08:08:03+00:00
P02499,Diagnosis,2026-07-07 08:43:03+00:00
P02499,Treatment,2026-07-07 09:24:03+00:00
P02499,Pharmacy,2026-07-07 09:42:03+00:00
P02499,Billing,2026-07-07 10:21:03+00:00
P02499,Discharge,2026-07-07 10:40:03+00:00
P02500,Patient Arrival,2026-03-14 11:32:53+00:00
P02500,Registration,2026-03-14 11:57:53+00:00
P02500,Waiting,2026-03-14 13:06:53+00:00
P02500,Doctor Consultation,2026-03-14 13:24:53+00:00
P02500,Blood Test,2026-03-14 13:51:53+00:00
P02500,Doctor Consultation,2026-03-14 14:15:53+00:00
P02500,Diagnosis,2026-03-14 14:56:53+00:00
P02500,Ward Transfer,2026-03-14 15:36:53+00:00
P02500,Treatment,2026-03-14 17:44:53+00:00
P02500,Pharmacy,2026-03-14 18:16:53+00:00
P02500,Billing,2026-03-14 18:43:53+00:00
P02500,Discharge,2026-03-14 18:56:53+00:00
P02505,Patient Arrival,2026-11-21 23:44:41+00:00
P02505,Registration,2026-11-22 00:10:41+00:00
P02505,Waiting,2026-11-22 01:12:41+00:00
P02505,Doctor Consultation,2026-11-22 01:33:41+00:00
P02505,Blood Test,2026-11-22 02:06:41+00:00
P02505,Doctor Consultation,2026-11-22 02:26:41+00:00
P02505,Diagnosis,2026-11-22 03:06:41+00:00
P02505,Ward Transfer,2026-11-22 03:52:41+00:00
P02505,Treatment,2026-11-22 05:37:41+00:00
P02505,Pharmacy,2026-11-22 05:51:41+00:00
P02505,Billing,2026-11-22 06:03:41+00:00
P02505,Discharge,2026-11-22 06:34:41+00:00
P02507,Patient Arrival,2026-01-11 04:59:20+00:00
P02507,Registration,2026-01-11 05:28:20+00:00
P02507,Waiting,2026-01-11 06:37:20+00:00
P02507,Doctor Consultation,2026-01-11 06:57:20+00:00
P02507,X-Ray,2026-01-11 07:29:20+00:00
P02507,Doctor Consultation,2026-01-11 07:59:20+00:00
P02507,Diagnosis,2026-01-11 08:37:20+00:00
P02507,Treatment,2026-01-11 10:00:20+00:00
P02507,Pharmacy,2026-01-11 10:38:20+00:00
P02507,Billing,2026-01-11 11:17:20+00:00
P02507,Discharge,2026-01-11 11:46:20+00:00
P02508,Patient Arrival,2026-08-20 21:15:41+00:00
P02508,Registration,2026-08-20 21:37:41+00:00
P02508,Waiting,2026-08-20 22:54:41+00:00
P02508,Doctor Consultation,2026-08-20 23:39:41+00:00
P02508,Doctor Consultation,2026-08-20 23:39:41+00:00
P02508,Diagnosis,2026-08-21 00:01:41+00:00
P02508,Treatment,2026-08-21 01:56:41+00:00
P02508,Pharmacy,2026-08-21 02:27:41+00:00
P02508,Billing,2026-08-21 03:06:41+00:00
P02508,Discharge,2026-08-21 03:47:41+00:00
P02511,Patient Arrival,2026-06-06 15:41:25+00:00
P02511,Registration,2026-06-06 15:58:25+00:00
P02511,Waiting,2026-06-06 16:49:25+00:00
P02511,Doctor Consultation,2026-06-06 17:09:25+00:00
P02511,ECG,2026-06-06 17:35:25+00:00
P02511,Doctor Consultation,2026-06-06 18:09:25+00:00
P02511,Diagnosis,2026-06-06 18:56:25+00:00
P02511,Ward Transfer,2026-06-06 19:05:25+00:00
P02511,Treatment,2026-06-06 20:26:25+00:00
P02511,Pharmacy,2026-06-06 20:58:25+00:00
P02511,Billing,2026-06-06 21:19:25+00:00
P02511,Discharge,2026-06-06 22:04:25+00:00
P02512,Patient Arrival,2026-02-10 11:25:31+00:00
P02512,Registration,2026-02-10 12:02:31+00:00
P02512,Waiting,2026-02-10 13:14:31+00:00
P02512,Doctor Consultation,2026-02-10 13:36:31+00:00
P02512,X-Ray,2026-02-10 14:06:31+00:00
P02512,Doctor Consultation,2026-02-10 14:35:31+00:00
P02512,Diagnosis,2026-02-10 14:48:31+00:00
P02512,Treatment,2026-02-10 15:58:31+00:00
P02512,Pharmacy,2026-02-10 16:28:31+00:00
P02512,Billing,2026-02-10 17:14:31+00:00
P02512,Discharge,2026-02-10 17:48:31+00:00
P02515,Patient Arrival,2026-03-22 20:46:31+00:00
P02515,Registration,2026-03-22 21:13:31+00:00
P02515,Waiting,2026-03-22 22:15:31+00:00
P02515,Doctor Consultation,2026-03-22 22:43:31+00:00
P02515,X-Ray,2026-03-22 23:18:31+00:00
P02515,Doctor Consultation,2026-03-22 23:40:31+00:00
P02515,Diagnosis,2026-03-23 00:23:31+00:00
P02515,Treatment,2026-03-23 01:10:31+00:00
P02515,Pharmacy,2026-03-23 01:55:31+00:00
P02515,Billing,2026-03-23 02:16:31+00:00
P02515,Discharge,2026-03-23 02:57:31+00:00
P02517,Patient Arrival,2026-01-11 03:47:50+00:00
P02517,Registration,2026-01-11 04:01:50+00:00
P02517,Waiting,2026-01-11 05:03:50+00:00
P02517,Doctor Consultation,2026-01-11 05:48:50+00:00
P02517,Blood Test,2026-01-11 06:24:50+00:00
P02517,Doctor Consultation,2026-01-11 06:43:50+00:00
P02517,Diagnosis,2026-01-11 07:17:50+00:00
P02517,Ward Transfer,2026-01-11 07:57:50+00:00
P02517,Treatment,2026-01-11 08:56:50+00:00
P02517,Pharmacy,2026-01-11 09:15:50+00:00
P02517,Billing,2026-01-11 09:47:50+00:00
P02517,Discharge,2026-01-11 10:23:50+00:00
P02518,Patient Arrival,2026-03-17 17:04:48+00:00
P02518,Registration,2026-03-17 17:39:48+00:00
P02518,Waiting,2026-03-17 18:28:48+00:00
P02518,Doctor Consultation,2026-03-17 18:41:48+00:00
P02518,Blood Test,2026-03-17 19:15:48+00:00
P02518,Doctor Consultation,2026-03-17 19:37:48+00:00
P02518,Diagnosis,2026-03-17 20:05:48+00:00
P02518,Treatment,2026-03-17 21:53:48+00:00
P02518,Pharmacy,2026-03-17 22:23:48+00:00
P02518,Billing,2026-03-17 22:41:48+00:00
P02518,Discharge,2026-03-17 23:32:48+00:00
P02520,Patient Arrival,2026-06-21 10:49:22+00:00
P02520,Registration,2026-06-21 11:16:22+00:00
P02520,Waiting,2026-06-21 12:54:22+00:00
P02520,Doctor Consultation,2026-06-21 13:25:22+00:00
P02520,Diagnosis,2026-06-21 13:39:22+00:00
P02520,Treatment,2026-06-21 15:22:22+00:00
P02520,Pharmacy,2026-06-21 15:51:22+00:00
P02520,Billing,2026-06-21 16:39:22+00:00
P02520,Discharge,2026-06-21 17:18:22+00:00
P02523,Patient Arrival,2026-12-01 19:18:11+00:00
P02523,Registration,2026-12-01 19:45:11+00:00
P02523,Waiting,2026-12-01 20:17:11+00:00
P02523,Doctor Consultation,2026-12-01 20:49:11+00:00
P02523,Blood Test,2026-12-01 21:29:11+00:00
P02523,Doctor Consultation,2026-12-01 21:47:11+00:00
P02523,Diagnosis,2026-12-01 22:37:11+00:00
P02523,Ward Transfer,2026-12-01 23:12:11+00:00
P02523,Treatment,2026-12-02 00:20:11+00:00
P02523,Pharmacy,2026-12-02 00:40:11+00:00
P02523,Billing,2026-12-02 01:25:11+00:00
P02523,Discharge,2026-12-02 01:44:11+00:00
P02525,Patient Arrival,2026-03-06 21:58:15+00:00
P02525,Patient Arrival,2026-03-06 21:58:15+00:00
P02525,Registration,2026-03-06 22:16:15+00:00
P02525,Waiting,2026-03-06 23:37:15+00:00
P02525,Doctor Consultation,2026-03-07 00:06:15+00:00
P02525,Diagnosis,2026-03-07 00:48:15+00:00
P02525,Treatment,2026-03-07 01:28:15+00:00
P02525,Pharmacy,2026-03-07 01:54:15+00:00
P02525,Billing,2026-03-07 02:19:15+00:00
P02525,Discharge,2026-03-07 02:45:15+00:00
P02529,Patient Arrival,2026-04-03 20:28:11+00:00
P02529,Registration,2026-04-03 20:51:11+00:00
P02529,Waiting,2026-04-03 21:41:11+00:00
P02529,Doctor Consultation,2026-04-03 22:01:11+00:00
P02529,Blood Test,2026-04-03 22:41:11+00:00
P02529,Doctor Consultation,2026-04-03 23:17:11+00:00
P02529,Diagnosis,2026-04-03 23:36:11+00:00
P02529,Diagnosis,2026-04-03 23:36:11+00:00
P02529,Treatment,2026-04-04 01:15:11+00:00
P02529,Pharmacy,2026-04-04 01:44:11+00:00
P02529,Billing,2026-04-04 02:16:11+00:00
P02529,Discharge,2026-04-04 02:34:11+00:00
P02531,Patient Arrival,2026-12-19 03:54:12+00:00
P02531,Registration,2026-12-19 04:25:12+00:00
P02531,Waiting,2026-12-19 05:20:12+00:00
P02531,Doctor Consultation,2026-12-19 05:41:12+00:00
P02531,ECG,2026-12-19 06:29:12+00:00
P02531,Doctor Consultation,2026-12-19 06:56:12+00:00
P02531,Diagnosis,2026-12-19 07:25:12+00:00
P02531,Treatment,2026-12-19 09:25:12+00:00
P02531,Pharmacy,2026-12-19 09:49:12+00:00
P02531,Billing,2026-12-19 10:17:12+00:00
P02531,Discharge,2026-12-19 11:01:12+00:00
P02532,Patient Arrival,2026-05-08 23:08:30+00:00
P02532,Registration,2026-05-08 23:41:30+00:00
P02532,Waiting,2026-05-09 01:04:30+00:00
P02532,Doctor Consultation,2026-05-09 01:41:30+00:00
P02532,Urine Test,2026-05-09 02:04:30+00:00
P02532,Doctor Consultation,2026-05-09 02:41:30+00:00
P02532,Diagnosis,2026-05-09 03:28:30+00:00
P02532,Ward Transfer,2026-05-09 04:18:30+00:00
P02532,Treatment,2026-05-09 05:05:30+00:00
P02532,Pharmacy,2026-05-09 05:33:30+00:00
P02532,Billing,2026-05-09 06:18:30+00:00
P02532,Discharge,2026-05-09 06:43:30+00:00
P02533,Patient Arrival,2026-10-21 14:12:14+00:00
P02533,Registration,2026-10-21 14:36:14+00:00
P02533,Waiting,2026-10-21 16:25:14+00:00
P02533,Doctor Consultation,2026-10-21 16:57:14+00:00
P02533,Diagnosis,2026-10-21 17:36:14+00:00
P02533,Treatment,2026-10-21 18:32:14+00:00
P02533,Pharmacy,2026-10-21 19:01:14+00:00
P02533,Billing,2026-10-21 19:18:14+00:00
P02533,Billing,2026-10-21 19:18:14+00:00
P02533,Discharge,2026-10-21 19:56:14+00:00
P02535,Patient Arrival,2026-02-19 09:57:23+00:00
P02535,Registration,2026-02-19 10:25:23+00:00
P02535,Waiting,2026-02-19 11:35:23+00:00
P02535,Doctor Consultation,2026-02-19 12:13:23+00:00
P02535,Urine Test,2026-02-19 12:41:23+00:00
P02535,Doctor Consultation,2026-02-19 13:29:23+00:00
P02535,Diagnosis,2026-02-19 14:04:23+00:00
P02535,Treatment,2026-02-19 16:18:23+00:00
P02535,Pharmacy,2026-02-19 16:54:23+00:00
P02535,Billing,2026-02-19 17:23:23+00:00
P02535,Discharge,2026-02-19 17:43:23+00:00
P02536,Patient Arrival,2026-10-20 03:42:12+00:00
P02536,Registration,2026-10-20 04:09:12+00:00
P02536,Waiting,2026-10-20 05:40:12+00:00
P02536,Doctor Consultation,2026-10-20 06:14:12+00:00
P02536,Diagnosis,2026-10-20 06:36:12+00:00
P02536,Ward Transfer,2026-10-20 07:09:12+00:00
P02536,Treatment,2026-10-20 09:14:12+00:00
P02536,Pharmacy,2026-10-20 09:51:12+00:00
P02536,Billing,2026-10-20 10:02:12+00:00
P02536,Discharge,2026-10-20 10:32:12+00:00
P02538,Patient Arrival,2026-08-20 12:50:31+00:00
P02538,Registration,2026-08-20 13:29:31+00:00
P02538,Waiting,2026-08-20 14:17:31+00:00
P02538,Doctor Consultation,2026-08-20 14:58:31+00:00
P02538,Doctor Consultation,2026-08-20 14:58:31+00:00
P02538,Diagnosis,2026-08-20 15:33:31+00:00
P02538,Treatment,2026-08-20 16:47:31+00:00
P02538,Pharmacy,2026-08-20 17:23:31+00:00
P02538,Billing,2026-08-20 18:06:31+00:00
P02538,Discharge,2026-08-20 18:52:31+00:00
P02539,Patient Arrival,2026-08-16 22:02:49+00:00
P02539,Registration,2026-08-16 22:24:49+00:00
P02539,Waiting,2026-08-16 23:09:49+00:00
P02539,Doctor Consultation,2026-08-16 23:17:49+00:00
P02539,ECG,2026-08-16 23:53:49+00:00
P02539,Doctor Consultation,2026-08-17 00:43:49+00:00
P02539,Diagnosis,2026-08-17 01:29:49+00:00
P02539,Treatment,2026-08-17 03:08:49+00:00
P02539,Pharmacy,2026-08-17 03:33:49+00:00
P02539,Billing,2026-08-17 04:07:49+00:00
P02539,Discharge,2026-08-17 04:47:49+00:00
P02540,Patient Arrival,2026-02-20 02:50:39+00:00
P02540,Registration,2026-02-20 03:16:39+00:00
P02540,Waiting,2026-02-20 04:17:39+00:00
P02540,Doctor Consultation,2026-02-20 04:45:39+00:00
P02540,Diagnosis,2026-02-20 05:05:39+00:00
P02540,Treatment,2026-02-20 05:55:39+00:00
P02540,Pharmacy,2026-02-20 06:25:39+00:00
P02540,Billing,2026-02-20 06:43:39+00:00
P02540,Discharge,2026-02-20 07:27:39+00:00
P02543,Patient Arrival,2026-03-16 13:03:56+00:00
P02543,Registration,2026-03-16 13:20:56+00:00
P02543,Waiting,2026-03-16 14:51:56+00:00
P02543,Doctor Consultation,2026-03-16 15:19:56+00:00
P02543,Diagnosis,2026-03-16 15:30:56+00:00
P02543,Treatment,2026-03-16 16:53:56+00:00
P02543,Pharmacy,2026-03-16 17:06:56+00:00
P02543,Billing,2026-03-16 17:40:56+00:00
P02543,Discharge,2026-03-16 18:08:56+00:00
P02546,Patient Arrival,2026-10-16 05:06:29+00:00
P02546,Registration,2026-10-16 05:44:29+00:00
P02546,Waiting,2026-10-16 06:32:29+00:00
P02546,Doctor Consultation,2026-10-16 06:57:29+00:00
P02546,Blood Test,2026-10-16 07:48:29+00:00
P02546,Blood Test,2026-10-16 07:48:29+00:00
P02546,Doctor Consultation,2026-10-16 08:28:29+00:00
P02546,Diagnosis,2026-10-16 08:56:29+00:00
P02546,Ward Transfer,2026-10-16 09:27:29+00:00
P02546,Treatment,2026-10-16 10:51:29+00:00
P02546,Pharmacy,2026-10-16 11:13:29+00:00
P02546,Billing,2026-10-16 11:38:29+00:00
P02546,Discharge,2026-10-16 12:04:29+00:00
P02548,Patient Arrival,2026-07-31 03:24:28+00:00
P02548,Registration,2026-07-31 03:48:28+00:00
P02548,Waiting,2026-07-31 05:24:28+00:00
P02548,Doctor Consultation,2026-07-31 06:17:28+00:00
P02548,Urine Test,2026-07-31 06:34:28+00:00
P02548,Doctor Consultation,2026-07-31 07:18:28+00:00
P02548,Diagnosis,2026-07-31 07:54:28+00:00
P02548,Ward Transfer,2026-07-31 08:20:28+00:00
P02548,Treatment,2026-07-31 09:08:28+00:00
P02548,Treatment,2026-07-31 09:08:28+00:00
P02548,Pharmacy,2026-07-31 09:45:28+00:00
P02548,Billing,2026-07-31 10:10:28+00:00
P02548,Discharge,2026-07-31 10:43:28+00:00
P02550,Patient Arrival,2026-05-13 12:17:48+00:00
P02550,Registration,2026-05-13 12:47:48+00:00
P02550,Waiting,2026-05-13 13:40:48+00:00
P02550,Doctor Consultation,2026-05-13 14:11:48+00:00
P02550,Diagnosis,2026-05-13 14:36:48+00:00
P02550,Treatment,2026-05-13 15:55:48+00:00
P02550,Pharmacy,2026-05-13 16:33:48+00:00
P02550,Billing,2026-05-13 16:44:48+00:00
P02550,Discharge,2026-05-13 17:34:48+00:00
P02552,Patient Arrival,2026-10-04 08:05:08+00:00
P02552,Registration,2026-10-04 08:41:08+00:00
P02552,Waiting,2026-10-04 10:24:08+00:00
P02552,Doctor Consultation,2026-10-04 11:15:08+00:00
P02552,Diagnosis,2026-10-04 11:49:08+00:00
P02552,Ward Transfer,2026-10-04 12:42:08+00:00
P02552,Treatment,2026-10-04 13:35:08+00:00
P02552,Pharmacy,2026-10-04 13:50:08+00:00
P02552,Billing,2026-10-04 14:20:08+00:00
P02552,Discharge,2026-10-04 14:44:08+00:00
P02552,Discharge,2026-10-04 14:44:08+00:00
P02558,Patient Arrival,2026-06-03 12:45:05+00:00
P02558,Registration,2026-06-03 13:14:05+00:00
P02558,Waiting,2026-06-03 14:44:05+00:00
P02558,Doctor Consultation,2026-06-03 15:37:05+00:00
P02558,Urine Test,2026-06-03 15:55:05+00:00
P02558,Doctor Consultation,2026-06-03 16:35:05+00:00
P02558,Diagnosis,2026-06-03 17:05:05+00:00
P02558,Treatment,2026-06-03 18:10:05+00:00
P02558,Pharmacy,2026-06-03 18:47:05+00:00
P02558,Billing,2026-06-03 19:02:05+00:00
P02558,Discharge,2026-06-03 19:36:05+00:00
P02559,Patient Arrival,2026-01-21 19:10:40+00:00
P02559,Registration,2026-01-21 19:41:40+00:00
P02559,Waiting,2026-01-21 20:59:40+00:00
P02559,Doctor Consultation,2026-01-21 21:24:40+00:00
P02559,Diagnosis,2026-01-21 21:44:40+00:00
P02559,Treatment,2026-01-21 23:06:40+00:00
P02559,Pharmacy,2026-01-21 23:22:40+00:00
P02559,Billing,2026-01-22 00:10:40+00:00
P02559,Discharge,2026-01-22 00:55:40+00:00
P02560,Patient Arrival,2026-10-06 21:19:08+00:00
P02560,Registration,2026-10-06 21:38:08+00:00
P02560,Waiting,2026-10-06 23:03:08+00:00
P02560,Doctor Consultation,2026-10-06 23:41:08+00:00
P02560,ECG,2026-10-06 23:58:08+00:00
P02560,Doctor Consultation,2026-10-07 00:20:08+00:00
P02560,Diagnosis,2026-10-07 01:07:08+00:00
P02560,Ward Transfer,2026-10-07 01:30:08+00:00
P02560,Treatment,2026-10-07 03:37:08+00:00
P02560,Treatment,2026-10-07 03:37:08+00:00
P02560,Pharmacy,2026-10-07 04:02:08+00:00
P02560,Billing,2026-10-07 04:36:08+00:00
P02560,Discharge,2026-10-07 05:10:08+00:00
P02561,Patient Arrival,2026-03-11 08:30:34+00:00
P02561,Registration,2026-03-11 09:05:34+00:00
P02561,Waiting,2026-03-11 10:18:34+00:00
P02561,Doctor Consultation,2026-03-11 10:30:34+00:00
P02561,Urine Test,2026-03-11 11:01:34+00:00
P02561,Doctor Consultation,2026-03-11 11:40:34+00:00
P02561,Diagnosis,2026-03-11 12:05:34+00:00
P02561,Treatment,2026-03-11 14:00:34+00:00
P02561,Pharmacy,2026-03-11 14:32:34+00:00
P02561,Billing,2026-03-11 14:55:34+00:00
P02561,Discharge,2026-03-11 15:46:34+00:00
P02563,Patient Arrival,2026-06-05 18:53:40+00:00
P02563,Registration,2026-06-05 19:15:40+00:00
P02563,Waiting,2026-06-05 20:14:40+00:00
P02563,Doctor Consultation,2026-06-05 20:56:40+00:00
P02563,Diagnosis,2026-06-05 21:23:40+00:00
P02563,Ward Transfer,2026-06-05 21:51:40+00:00
P02563,Treatment,2026-06-05 22:43:40+00:00
P02563,Pharmacy,2026-06-05 23:18:40+00:00
P02563,Billing,2026-06-05 23:58:40+00:00
P02563,Discharge,2026-06-06 00:25:40+00:00
P02565,Patient Arrival,2026-02-05 08:45:18+00:00
P02565,Registration,2026-02-05 09:06:18+00:00
P02565,Waiting,2026-02-05 10:54:18+00:00
P02565,Doctor Consultation,2026-02-05 11:16:18+00:00
P02565,ECG,2026-02-05 12:05:18+00:00
P02565,Doctor Consultation,2026-02-05 12:47:18+00:00
P02565,Doctor Consultation,2026-02-05 12:47:18+00:00
P02565,Diagnosis,2026-02-05 13:39:18+00:00
P02565,Treatment,2026-02-05 15:34:18+00:00
P02565,Pharmacy,2026-02-05 16:17:18+00:00
P02565,Billing,2026-02-05 16:46:18+00:00
P02565,Discharge,2026-02-05 17:15:18+00:00
P02566,Patient Arrival,2026-02-14 21:21:59+00:00
P02566,Registration,2026-02-14 21:51:59+00:00
P02566,Waiting,2026-02-14 23:11:59+00:00
P02566,Doctor Consultation,2026-02-14 23:34:59+00:00
P02566,Blood Test,2026-02-14 23:48:59+00:00
P02566,Doctor Consultation,2026-02-15 00:16:59+00:00
P02566,Diagnosis,2026-02-15 00:49:59+00:00
P02566,Treatment,2026-02-15 01:33:59+00:00
P02566,Pharmacy,2026-02-15 01:56:59+00:00
P02566,Billing,2026-02-15 02:40:59+00:00
P02566,Discharge,2026-02-15 03:11:59+00:00
P02567,Patient Arrival,2026-02-08 20:51:06+00:00
P02567,Registration,2026-02-08 21:16:06+00:00
P02567,Waiting,2026-02-08 22:07:06+00:00
P02567,Doctor Consultation,2026-02-08 22:18:06+00:00
P02567,Blood Test,2026-02-08 22:40:06+00:00
P02567,Doctor Consultation,2026-02-08 23:02:06+00:00
P02567,Diagnosis,2026-02-08 23:50:06+00:00
P02567,Treatment,2026-02-09 01:10:06+00:00
P02567,Pharmacy,2026-02-09 01:43:06+00:00
P02567,Billing,2026-02-09 02:24:06+00:00
P02567,Discharge,2026-02-09 02:56:06+00:00
P02568,Patient Arrival,2026-07-02 20:07:25+00:00
P02568,Registration,2026-07-02 20:53:25+00:00
P02568,Waiting,2026-07-02 21:40:25+00:00
P02568,Doctor Consultation,2026-07-02 22:00:25+00:00
P02568,Diagnosis,2026-07-02 22:13:25+00:00
P02568,Ward Transfer,2026-07-02 22:41:25+00:00
P02568,Treatment,2026-07-03 00:36:25+00:00
P02568,Pharmacy,2026-07-03 00:51:25+00:00
P02568,Billing,2026-07-03 01:13:25+00:00
P02568,Discharge,2026-07-03 01:39:25+00:00
P02575,Patient Arrival,2026-06-18 20:37:36+00:00
P02575,Registration,2026-06-18 21:04:36+00:00
P02575,Waiting,2026-06-18 21:52:36+00:00
P02575,Doctor Consultation,2026-06-18 22:26:36+00:00
P02575,Diagnosis,2026-06-18 23:13:36+00:00
P02575,Ward Transfer,2026-06-18 23:29:36+00:00
P02575,Treatment,2026-06-19 00:50:36+00:00
P02575,Pharmacy,2026-06-19 01:39:36+00:00
P02575,Billing,2026-06-19 01:58:36+00:00
P02575,Discharge,2026-06-19 02:12:36+00:00
P02575,Discharge,2026-06-19 02:12:36+00:00
P02576,Patient Arrival,2026-05-02 21:38:36+00:00
P02576,Registration,2026-05-02 22:09:36+00:00
P02576,Waiting,2026-05-02 23:30:36+00:00
P02576,Doctor Consultation,2026-05-03 00:04:36+00:00
P02576,Diagnosis,2026-05-03 00:34:36+00:00
P02576,Treatment,2026-05-03 02:20:36+00:00
P02576,Pharmacy,2026-05-03 02:43:36+00:00
P02576,Billing,2026-05-03 03:01:36+00:00
P02576,Discharge,2026-05-03 03:35:36+00:00
P02579,Patient Arrival,2026-03-24 18:51:50+00:00
P02579,Registration,2026-03-24 19:36:50+00:00
P02579,Waiting,2026-03-24 20:26:50+00:00
P02579,Doctor Consultation,2026-03-24 20:48:50+00:00
P02579,Urine Test,2026-03-24 21:19:50+00:00
P02579,Doctor Consultation,2026-03-24 21:58:50+00:00
P02579,Diagnosis,2026-03-24 22:29:50+00:00
P02579,Treatment,2026-03-25 00:17:50+00:00
P02579,Pharmacy,2026-03-25 00:49:50+00:00
P02579,Billing,2026-03-25 01:20:50+00:00
P02579,Discharge,2026-03-25 02:02:50+00:00
P02580,Patient Arrival,2026-12-08 12:22:10+00:00
P02580,Registration,2026-12-08 13:05:10+00:00
P02580,Waiting,2026-12-08 14:22:10+00:00
P02580,Doctor Consultation,2026-12-08 14:54:10+00:00
P02580,Doctor Consultation,2026-12-08 14:54:10+00:00
P02580,ECG,2026-12-08 15:16:10+00:00
P02580,Doctor Consultation,2026-12-08 15:47:10+00:00
P02580,Diagnosis,2026-12-08 16:25:10+00:00
P02580,Treatment,2026-12-08 17:27:10+00:00
P02580,Pharmacy,2026-12-08 17:36:10+00:00
P02580,Billing,2026-12-08 18:05:10+00:00
P02580,Discharge,2026-12-08 18:26:10+00:00
P02581,Patient Arrival,2026-12-26 10:34:54+00:00
P02581,Registration,2026-12-26 11:16:54+00:00
P02581,Waiting,2026-12-26 12:33:54+00:00
P02581,Doctor Consultation,2026-12-26 13:19:54+00:00
P02581,Blood Test,2026-12-26 14:10:54+00:00
P02581,Doctor Consultation,2026-12-26 14:58:54+00:00
P02581,Diagnosis,2026-12-26 15:11:54+00:00
P02581,Treatment,2026-12-26 16:25:54+00:00
P02581,Pharmacy,2026-12-26 16:55:54+00:00
P02581,Billing,2026-12-26 17:36:54+00:00
P02581,Discharge,2026-12-26 18:11:54+00:00
P02587,Patient Arrival,2026-07-04 23:15:54+00:00
P02587,Registration,2026-07-04 23:56:54+00:00
P02587,Waiting,2026-07-05 00:42:54+00:00
P02587,Doctor Consultation,2026-07-05 01:04:54+00:00
P02587,Diagnosis,2026-07-05 01:39:54+00:00
P02587,Treatment,2026-07-05 02:59:54+00:00
P02587,Pharmacy,2026-07-05 03:14:54+00:00
P02587,Billing,2026-07-05 03:56:54+00:00
P02587,Discharge,2026-07-05 04:26:54+00:00
P02588,Patient Arrival,2026-07-17 06:58:15+00:00
P02588,Registration,2026-07-17 07:09:15+00:00
P02588,Waiting,2026-07-17 08:32:15+00:00
P02588,Doctor Consultation,2026-07-17 09:07:15+00:00
P02588,Urine Test,2026-07-17 09:55:15+00:00
P02588,Doctor Consultation,2026-07-17 10:09:15+00:00
P02588,Diagnosis,2026-07-17 10:45:15+00:00
P02588,Ward Transfer,2026-07-17 11:23:15+00:00
P02588,Treatment,2026-07-17 13:32:15+00:00
P02588,Pharmacy,2026-07-17 13:59:15+00:00
P02588,Pharmacy,2026-07-17 13:59:15+00:00
P02588,Billing,2026-07-17 14:31:15+00:00
P02588,Discharge,2026-07-17 15:17:15+00:00
P02590,Patient Arrival,2026-06-05 14:53:07+00:00
P02590,Registration,2026-06-05 15:22:07+00:00
P02590,Waiting,2026-06-05 16:16:07+00:00
P02590,Doctor Consultation,2026-06-05 16:42:07+00:00
P02590,Urine Test,2026-06-05 17:03:07+00:00
P02590,Doctor Consultation,2026-06-05 17:42:07+00:00
P02590,Diagnosis,2026-06-05 18:09:07+00:00
P02590,Ward Transfer,2026-06-05 18:31:07+00:00
P02590,Treatment,2026-06-05 20:35:07+00:00
P02590,Treatment,2026-06-05 20:35:07+00:00
P02590,Pharmacy,2026-06-05 21:11:07+00:00
P02590,Billing,2026-06-05 21:50:07+00:00
P02590,Discharge,2026-06-05 22:08:07+00:00
P02591,Patient Arrival,2026-08-11 02:53:17+00:00
P02591,Registration,2026-08-11 03:12:17+00:00
P02591,Waiting,2026-08-11 03:46:17+00:00
P02591,Doctor Consultation,2026-08-11 04:20:17+00:00
P02591,Diagnosis,2026-08-11 04:48:17+00:00
P02591,Treatment,2026-08-11 05:44:17+00:00
P02591,Pharmacy,2026-08-11 06:20:17+00:00
P02591,Billing,2026-08-11 07:02:17+00:00
P02591,Discharge,2026-08-11 07:39:17+00:00
P02593,Patient Arrival,2026-10-24 11:37:22+00:00
P02593,Registration,2026-10-24 12:03:22+00:00
P02593,Waiting,2026-10-24 13:46:22+00:00
P02593,Doctor Consultation,2026-10-24 14:21:22+00:00
P02593,X-Ray,2026-10-24 14:55:22+00:00
P02593,Doctor Consultation,2026-10-24 15:13:22+00:00
P02593,Diagnosis,2026-10-24 15:41:22+00:00
P02593,Treatment,2026-10-24 17:07:22+00:00
P02593,Pharmacy,2026-10-24 17:40:22+00:00
P02593,Billing,2026-10-24 18:07:22+00:00
P02593,Discharge,2026-10-24 18:52:22+00:00
P02596,Patient Arrival,2026-10-14 18:41:59+00:00
P02596,Registration,2026-10-14 19:05:59+00:00
P02596,Waiting,2026-10-14 19:51:59+00:00
P02596,Doctor Consultation,2026-10-14 20:22:59+00:00
P02596,Urine Test,2026-10-14 21:06:59+00:00
P02596,Doctor Consultation,2026-10-14 21:20:59+00:00
P02596,Diagnosis,2026-10-14 21:55:59+00:00
P02596,Ward Transfer,2026-10-14 22:12:59+00:00
P02596,Treatment,2026-10-14 23:18:59+00:00
P02596,Pharmacy,2026-10-14 23:55:59+00:00
P02596,Billing,2026-10-15 00:24:59+00:00
P02596,Billing,2026-10-15 00:24:59+00:00
P02596,Discharge,2026-10-15 01:14:59+00:00
P02599,Patient Arrival,2026-01-11 18:09:43+00:00
P02599,Registration,2026-01-11 18:42:43+00:00
P02599,Waiting,2026-01-11 20:12:43+00:00
P02599,Doctor Consultation,2026-01-11 20:52:43+00:00
P02599,Diagnosis,2026-01-11 21:25:43+00:00
P02599,Ward Transfer,2026-01-11 21:57:43+00:00
P02599,Treatment,2026-01-11 23:30:43+00:00
P02599,Treatment,2026-01-11 23:30:43+00:00
P02599,Pharmacy,2026-01-12 00:01:43+00:00
P02599,Billing,2026-01-12 00:30:43+00:00
P02599,Discharge,2026-01-12 01:08:43+00:00
P02600,Patient Arrival,2026-03-05 10:08:03+00:00
P02600,Registration,2026-03-05 10:37:03+00:00
P02600,Waiting,2026-03-05 11:43:03+00:00
P02600,Doctor Consultation,2026-03-05 12:17:03+00:00
P02600,Urine Test,2026-03-05 12:54:03+00:00
P02600,Doctor Consultation,2026-03-05 13:23:03+00:00
P02600,Diagnosis,2026-03-05 14:03:03+00:00
P02600,Treatment,2026-03-05 15:40:03+00:00
P02600,Pharmacy,2026-03-05 16:33:03+00:00
P02600,Billing,2026-03-05 17:02:03+00:00
P02600,Discharge,2026-03-05 17:45:03+00:00
P02601,Patient Arrival,2026-09-29 04:20:13+00:00
P02601,Registration,2026-09-29 05:09:13+00:00
P02601,Waiting,2026-09-29 05:49:13+00:00
P02601,Doctor Consultation,2026-09-29 06:33:13+00:00
P02601,Blood Test,2026-09-29 07:17:13+00:00
P02601,Doctor Consultation,2026-09-29 07:56:13+00:00
P02601,Diagnosis,2026-09-29 08:37:13+00:00
P02601,Treatment,2026-09-29 10:35:13+00:00
P02601,Pharmacy,2026-09-29 10:56:13+00:00
P02601,Billing,2026-09-29 11:22:13+00:00
P02601,Discharge,2026-09-29 11:40:13+00:00
P02602,Patient Arrival,2026-07-15 07:35:35+00:00
P02602,Registration,2026-07-15 07:53:35+00:00
P02602,Waiting,2026-07-15 08:56:35+00:00
P02602,Doctor Consultation,2026-07-15 09:24:35+00:00
P02602,X-Ray,2026-07-15 09:58:35+00:00
P02602,Doctor Consultation,2026-07-15 10:34:35+00:00
P02602,Diagnosis,2026-07-15 11:13:35+00:00
P02602,Ward Transfer,2026-07-15 11:40:35+00:00
P02602,Treatment,2026-07-15 12:48:35+00:00
P02602,Pharmacy,2026-07-15 13:32:35+00:00
P02602,Billing,2026-07-15 14:04:35+00:00
P02602,Discharge,2026-07-15 14:39:35+00:00
P02605,Patient Arrival,2026-01-22 11:24:14+00:00
P02605,Registration,2026-01-22 11:57:14+00:00
P02605,Waiting,2026-01-22 13:27:14+00:00
P02605,Doctor Consultation,2026-01-22 13:55:14+00:00
P02605,Blood Test,2026-01-22 14:25:14+00:00
P02605,Doctor Consultation,2026-01-22 14:55:14+00:00
P02605,Diagnosis,2026-01-22 15:30:14+00:00
P02605,Ward Transfer,2026-01-22 15:54:14+00:00
P02605,Treatment,2026-01-22 17:44:14+00:00
P02605,Pharmacy,2026-01-22 18:01:14+00:00
P02605,Billing,2026-01-22 18:17:14+00:00
P02605,Discharge,2026-01-22 19:03:14+00:00
P02606,Patient Arrival,2026-07-29 20:26:13+00:00
P02606,Registration,2026-07-29 20:52:13+00:00
P02606,Waiting,2026-07-29 21:48:13+00:00
P02606,Doctor Consultation,2026-07-29 22:33:13+00:00
P02606,ECG,2026-07-29 22:58:13+00:00
P02606,Doctor Consultation,2026-07-29 23:17:13+00:00
P02606,Diagnosis,2026-07-29 23:52:13+00:00
P02606,Treatment,2026-07-30 01:11:13+00:00
P02606,Pharmacy,2026-07-30 01:51:13+00:00
P02606,Billing,2026-07-30 02:30:13+00:00
P02606,Discharge,2026-07-30 03:15:13+00:00
P02607,Patient Arrival,2026-06-11 08:59:48+00:00
P02607,Patient Arrival,2026-06-11 08:59:48+00:00
P02607,Registration,2026-06-11 09:46:48+00:00
P02607,Waiting,2026-06-11 10:57:48+00:00
P02607,Doctor Consultation,2026-06-11 11:42:48+00:00
P02607,Blood Test,2026-06-11 12:04:48+00:00
P02607,Doctor Consultation,2026-06-11 12:56:48+00:00
P02607,Doctor Consultation,2026-06-11 12:56:48+00:00
P02607,Diagnosis,2026-06-11 13:37:48+00:00
P02607,Treatment,2026-06-11 15:05:48+00:00
P02607,Pharmacy,2026-06-11 15:49:48+00:00
P02607,Billing,2026-06-11 16:24:48+00:00
P02607,Discharge,2026-06-11 16:54:48+00:00
P02610,Patient Arrival,2026-08-22 07:29:17+00:00
P02610,Registration,2026-08-22 07:46:17+00:00
P02610,Waiting,2026-08-22 09:10:17+00:00
P02610,Doctor Consultation,2026-08-22 09:27:17+00:00
P02610,Diagnosis,2026-08-22 09:35:17+00:00
P02610,Ward Transfer,2026-08-22 10:13:17+00:00
P02610,Treatment,2026-08-22 12:13:17+00:00
P02610,Pharmacy,2026-08-22 12:41:17+00:00
P02610,Billing,2026-08-22 13:13:17+00:00
P02610,Discharge,2026-08-22 13:46:17+00:00
P02613,Patient Arrival,2026-07-23 01:02:11+00:00
P02613,Registration,2026-07-23 01:39:11+00:00
P02613,Waiting,2026-07-23 02:22:11+00:00
P02613,Doctor Consultation,2026-07-23 02:57:11+00:00
P02613,Diagnosis,2026-07-23 03:25:11+00:00
P02613,Ward Transfer,2026-07-23 03:47:11+00:00
P02613,Treatment,2026-07-23 05:37:11+00:00
P02613,Pharmacy,2026-07-23 06:14:11+00:00
P02613,Billing,2026-07-23 06:31:11+00:00
P02613,Discharge,2026-07-23 06:51:11+00:00
P02614,Patient Arrival,2026-12-28 17:01:20+00:00
P02614,Registration,2026-12-28 17:17:20+00:00
P02614,Waiting,2026-12-28 18:05:20+00:00
P02614,Doctor Consultation,2026-12-28 18:36:20+00:00
P02614,Diagnosis,2026-12-28 19:01:20+00:00
P02614,Ward Transfer,2026-12-28 19:35:20+00:00
P02614,Treatment,2026-12-28 20:32:20+00:00
P02614,Pharmacy,2026-12-28 21:21:20+00:00
P02614,Pharmacy,2026-12-28 21:21:20+00:00
P02614,Billing,2026-12-28 21:50:20+00:00
P02614,Discharge,2026-12-28 22:24:20+00:00
P02615,Patient Arrival,2026-12-26 23:38:30+00:00
P02615,Registration,2026-12-27 00:23:30+00:00
P02615,Waiting,2026-12-27 02:07:30+00:00
P02615,Doctor Consultation,2026-12-27 02:38:30+00:00
P02615,Diagnosis,2026-12-27 02:55:30+00:00
P02615,Ward Transfer,2026-12-27 03:10:30+00:00
P02615,Treatment,2026-12-27 04:34:30+00:00
P02615,Pharmacy,2026-12-27 04:46:30+00:00
P02615,Billing,2026-12-27 05:18:30+00:00
P02615,Discharge,2026-12-27 05:52:30+00:00
P02616,Patient Arrival,2026-11-16 23:03:08+00:00
P02616,Registration,2026-11-16 23:32:08+00:00
P02616,Waiting,2026-11-17 00:10:08+00:00
P02616,Doctor Consultation,2026-11-17 00:41:08+00:00
P02616,Urine Test,2026-11-17 00:57:08+00:00
P02616,Doctor Consultation,2026-11-17 01:25:08+00:00
P02616,Diagnosis,2026-11-17 01:58:08+00:00
P02616,Ward Transfer,2026-11-17 02:42:08+00:00
P02616,Treatment,2026-11-17 04:13:08+00:00
P02616,Pharmacy,2026-11-17 04:53:08+00:00
P02616,Billing,2026-11-17 05:29:08+00:00
P02616,Discharge,2026-11-17 05:59:08+00:00
P02617,Patient Arrival,2026-05-04 22:57:32+00:00
P02617,Registration,2026-05-04 23:21:32+00:00
P02617,Waiting,2026-05-05 01:01:32+00:00
P02617,Doctor Consultation,2026-05-05 01:45:32+00:00
P02617,ECG,2026-05-05 02:14:32+00:00
P02617,Doctor Consultation,2026-05-05 03:06:32+00:00
P02617,Diagnosis,2026-05-05 03:26:32+00:00
P02617,Ward Transfer,2026-05-05 03:52:32+00:00
P02617,Treatment,2026-05-05 05:30:32+00:00
P02617,Treatment,2026-05-05 05:30:32+00:00
P02617,Pharmacy,2026-05-05 05:53:32+00:00
P02617,Billing,2026-05-05 06:23:32+00:00
P02617,Discharge,2026-05-05 06:40:32+00:00
P02622,Patient Arrival,2026-08-09 12:38:05+00:00
P02622,Registration,2026-08-09 13:03:05+00:00
P02622,Waiting,2026-08-09 14:28:05+00:00
P02622,Doctor Consultation,2026-08-09 14:59:05+00:00
P02622,Blood Test,2026-08-09 15:27:05+00:00
P02622,Doctor Consultation,2026-08-09 15:57:05+00:00
P02622,Diagnosis,2026-08-09 16:23:05+00:00
P02622,Treatment,2026-08-09 17:47:05+00:00
P02622,Pharmacy,2026-08-09 18:08:05+00:00
P02622,Billing,2026-08-09 18:35:05+00:00
P02622,Billing,2026-08-09 18:35:05+00:00
P02622,Discharge,2026-08-09 19:10:05+00:00
P02624,Patient Arrival,2026-12-29 01:45:42+00:00
P02624,Registration,2026-12-29 02:23:42+00:00
P02624,Waiting,2026-12-29 03:16:42+00:00
P02624,Doctor Consultation,2026-12-29 04:02:42+00:00
P02624,X-Ray,2026-12-29 04:49:42+00:00
P02624,Doctor Consultation,2026-12-29 05:04:42+00:00
P02624,Diagnosis,2026-12-29 05:26:42+00:00
P02624,Treatment,2026-12-29 06:42:42+00:00
P02624,Pharmacy,2026-12-29 07:33:42+00:00
P02624,Billing,2026-12-29 08:09:42+00:00
P02624,Discharge,2026-12-29 08:32:42+00:00
P02626,Patient Arrival,2026-12-03 08:33:16+00:00
P02626,Registration,2026-12-03 09:08:16+00:00
P02626,Waiting,2026-12-03 10:28:16+00:00
P02626,Doctor Consultation,2026-12-03 10:52:16+00:00
P02626,Urine Test,2026-12-03 11:25:16+00:00
P02626,Doctor Consultation,2026-12-03 12:00:16+00:00
P02626,Diagnosis,2026-12-03 12:39:16+00:00
P02626,Treatment,2026-12-03 14:28:16+00:00
P02626,Pharmacy,2026-12-03 15:14:16+00:00
P02626,Billing,2026-12-03 15:29:16+00:00
P02626,Discharge,2026-12-03 15:55:16+00:00
P02628,Patient Arrival,2026-11-13 03:23:37+00:00
P02628,Registration,2026-11-13 03:55:37+00:00
P02628,Waiting,2026-11-13 05:35:37+00:00
P02628,Doctor Consultation,2026-11-13 06:03:37+00:00
P02628,Urine Test,2026-11-13 06:45:37+00:00
P02628,Doctor Consultation,2026-11-13 07:16:37+00:00
P02628,Diagnosis,2026-11-13 07:51:37+00:00
P02628,Ward Transfer,2026-11-13 08:23:37+00:00
P02628,Treatment,2026-11-13 09:23:37+00:00
P02628,Pharmacy,2026-11-13 09:51:37+00:00
P02628,Billing,2026-11-13 10:39:37+00:00
P02628,Discharge,2026-11-13 11:19:37+00:00
P02629,Patient Arrival,2026-06-06 15:47:52+00:00
P02629,Registration,2026-06-06 16:21:52+00:00
P02629,Waiting,2026-06-06 17:02:52+00:00
P02629,Doctor Consultation,2026-06-06 17:29:52+00:00
P02629,ECG,2026-06-06 18:03:52+00:00
P02629,Doctor Consultation,2026-06-06 18:40:52+00:00
P02629,Diagnosis,2026-06-06 19:13:52+00:00
P02629,Ward Transfer,2026-06-06 19:46:52+00:00
P02629,Treatment,2026-06-06 22:01:52+00:00
P02629,Pharmacy,2026-06-06 22:14:52+00:00
P02629,Billing,2026-06-06 22:42:52+00:00
P02629,Discharge,2026-06-06 23:00:52+00:00
P02638,Patient Arrival,2026-03-01 17:41:33+00:00
P02638,Registration,2026-03-01 18:15:33+00:00
P02638,Waiting,2026-03-01 20:02:33+00:00
P02638,Doctor Consultation,2026-03-01 20:17:33+00:00
P02638,Blood Test,2026-03-01 20:24:33+00:00
P02638,Doctor Consultation,2026-03-01 21:05:33+00:00
P02638,Diagnosis,2026-03-01 21:52:33+00:00
P02638,Treatment,2026-03-01 23:49:33+00:00
P02638,Pharmacy,2026-03-02 00:23:33+00:00
P02638,Billing,2026-03-02 00:50:33+00:00
P02638,Discharge,2026-03-02 01:20:33+00:00
P02642,Patient Arrival,2026-01-18 19:46:23+00:00
P02642,Patient Arrival,2026-01-18 19:46:23+00:00
P02642,Registration,2026-01-18 20:29:23+00:00
P02642,Waiting,2026-01-18 21:50:23+00:00
P02642,Doctor Consultation,2026-01-18 22:16:23+00:00
P02642,Blood Test,2026-01-18 22:56:23+00:00
P02642,Doctor Consultation,2026-01-18 23:34:23+00:00
P02642,Diagnosis,2026-01-19 00:24:23+00:00
P02642,Ward Transfer,2026-01-19 00:53:23+00:00
P02642,Treatment,2026-01-19 02:10:23+00:00
P02642,Pharmacy,2026-01-19 02:40:23+00:00
P02642,Billing,2026-01-19 02:56:23+00:00
P02642,Discharge,2026-01-19 03:29:23+00:00
P02643,Patient Arrival,2026-03-17 10:51:49+00:00
P02643,Registration,2026-03-17 11:28:49+00:00
P02643,Waiting,2026-03-17 11:55:49+00:00
P02643,Doctor Consultation,2026-03-17 12:23:49+00:00
P02643,Diagnosis,2026-03-17 13:01:49+00:00
P02643,Treatment,2026-03-17 14:35:49+00:00
P02643,Pharmacy,2026-03-17 15:02:49+00:00
P02643,Billing,2026-03-17 15:39:49+00:00
P02643,Discharge,2026-03-17 16:12:49+00:00
P02645,Patient Arrival,2026-12-03 16:24:04+00:00
P02645,Registration,2026-12-03 16:45:04+00:00
P02645,Waiting,2026-12-03 17:43:04+00:00
P02645,Doctor Consultation,2026-12-03 18:17:04+00:00
P02645,ECG,2026-12-03 18:49:04+00:00
P02645,Doctor Consultation,2026-12-03 19:24:04+00:00
P02645,Diagnosis,2026-12-03 19:51:04+00:00
P02645,Treatment,2026-12-03 20:41:04+00:00
P02645,Pharmacy,2026-12-03 21:32:04+00:00
P02645,Billing,2026-12-03 22:10:04+00:00
P02645,Discharge,2026-12-03 22:56:04+00:00
P02651,Patient Arrival,2026-01-05 17:52:50+00:00
P02651,Registration,2026-01-05 18:17:50+00:00
P02651,Waiting,2026-01-05 18:50:50+00:00
P02651,Doctor Consultation,2026-01-05 19:43:50+00:00
P02651,Urine Test,2026-01-05 20:15:50+00:00
P02651,Doctor Consultation,2026-01-05 20:33:50+00:00
P02651,Diagnosis,2026-01-05 21:00:50+00:00
P02651,Diagnosis,2026-01-05 21:00:50+00:00
P02651,Ward Transfer,2026-01-05 21:41:50+00:00
P02651,Treatment,2026-01-05 23:08:50+00:00
P02651,Pharmacy,2026-01-05 23:36:50+00:00
P02651,Billing,2026-01-06 00:21:50+00:00
P02651,Discharge,2026-01-06 00:51:50+00:00
P02656,Patient Arrival,2026-03-21 11:37:32+00:00
P02656,Registration,2026-03-21 12:06:32+00:00
P02656,Waiting,2026-03-21 13:33:32+00:00
P02656,Doctor Consultation,2026-03-21 14:11:32+00:00
P02656,Blood Test,2026-03-21 14:35:32+00:00
P02656,Doctor Consultation,2026-03-21 15:16:32+00:00
P02656,Diagnosis,2026-03-21 15:41:32+00:00
P02656,Treatment,2026-03-21 17:58:32+00:00
P02656,Pharmacy,2026-03-21 18:28:32+00:00
P02656,Pharmacy,2026-03-21 18:28:32+00:00
P02656,Billing,2026-03-21 19:08:32+00:00
P02656,Discharge,2026-03-21 19:36:32+00:00
P02661,Patient Arrival,2026-05-14 12:36:17+00:00
P02661,Registration,2026-05-14 13:05:17+00:00
P02661,Waiting,2026-05-14 14:31:17+00:00
P02661,Doctor Consultation,2026-05-14 15:04:17+00:00
P02661,Diagnosis,2026-05-14 15:19:17+00:00
P02661,Treatment,2026-05-14 17:44:17+00:00
P02661,Pharmacy,2026-05-14 18:14:17+00:00
P02661,Billing,2026-05-14 18:43:17+00:00
P02661,Discharge,2026-05-14 19:03:17+00:00
P02662,Patient Arrival,2026-06-26 23:51:48+00:00
P02662,Registration,2026-06-27 00:18:48+00:00
P02662,Registration,2026-06-27 00:18:48+00:00
P02662,Waiting,2026-06-27 01:10:48+00:00
P02662,Doctor Consultation,2026-06-27 01:41:48+00:00
P02662,Diagnosis,2026-06-27 02:15:48+00:00
P02662,Ward Transfer,2026-06-27 02:51:48+00:00
P02662,Treatment,2026-06-27 04:35:48+00:00
P02662,Pharmacy,2026-06-27 05:19:48+00:00
P02662,Billing,2026-06-27 05:56:48+00:00
P02662,Discharge,2026-06-27 06:08:48+00:00
P02663,Patient Arrival,2026-07-05 18:29:22+00:00
P02663,Registration,2026-07-05 18:43:22+00:00
P02663,Waiting,2026-07-05 19:33:22+00:00
P02663,Doctor Consultation,2026-07-05 20:15:22+00:00
P02663,Diagnosis,2026-07-05 20:47:22+00:00
P02663,Ward Transfer,2026-07-05 21:24:22+00:00
P02663,Treatment,2026-07-05 22:33:22+00:00
P02663,Pharmacy,2026-07-05 23:12:22+00:00
P02663,Billing,2026-07-05 23:47:22+00:00
P02663,Discharge,2026-07-06 00:28:22+00:00
P02665,Patient Arrival,2026-11-16 22:31:38+00:00
P02665,Registration,2026-11-16 22:59:38+00:00
P02665,Waiting,2026-11-16 23:40:38+00:00
P02665,Doctor Consultation,2026-11-17 00:03:38+00:00
P02665,ECG,2026-11-17 00:27:38+00:00
P02665,Doctor Consultation,2026-11-17 00:52:38+00:00
P02665,Diagnosis,2026-11-17 01:05:38+00:00
P02665,Treatment,2026-11-17 01:58:38+00:00
P02665,Pharmacy,2026-11-17 02:24:38+00:00
P02665,Billing,2026-11-17 03:06:38+00:00
P02665,Discharge,2026-11-17 03:37:38+00:00
P02666,Patient Arrival,2026-06-08 20:53:28+00:00
P02666,Registration,2026-06-08 21:38:28+00:00
P02666,Waiting,2026-06-08 22:25:28+00:00
P02666,Doctor Consultation,2026-06-08 22:36:28+00:00
P02666,Blood Test,2026-06-08 22:58:28+00:00
P02666,Doctor Consultation,2026-06-08 23:27:28+00:00
P02666,Diagnosis,2026-06-08 23:53:28+00:00
P02666,Ward Transfer,2026-06-09 00:26:28+00:00
P02666,Treatment,2026-06-09 01:26:28+00:00
P02666,Pharmacy,2026-06-09 01:56:28+00:00
P02666,Billing,2026-06-09 02:31:28+00:00
P02666,Discharge,2026-06-09 02:49:28+00:00
P02667,Patient Arrival,2026-01-06 15:36:56+00:00
P02667,Registration,2026-01-06 16:02:56+00:00
P02667,Waiting,2026-01-06 17:29:56+00:00
P02667,Doctor Consultation,2026-01-06 18:16:56+00:00
P02667,Diagnosis,2026-01-06 18:45:56+00:00
P02667,Treatment,2026-01-06 20:26:56+00:00
P02667,Pharmacy,2026-01-06 21:07:56+00:00
P02667,Billing,2026-01-06 21:27:56+00:00
P02667,Discharge,2026-01-06 21:50:56+00:00
P02669,Patient Arrival,2026-01-17 11:23:14+00:00
P02669,Registration,2026-01-17 12:03:14+00:00
P02669,Waiting,2026-01-17 13:39:14+00:00
P02669,Doctor Consultation,2026-01-17 14:21:14+00:00
P02669,Blood Test,2026-01-17 14:31:14+00:00
P02669,Doctor Consultation,2026-01-17 15:03:14+00:00
P02669,Diagnosis,2026-01-17 15:49:14+00:00
P02669,Diagnosis,2026-01-17 15:49:14+00:00
P02669,Treatment,2026-01-17 17:54:14+00:00
P02669,Pharmacy,2026-01-17 18:26:14+00:00
P02669,Billing,2026-01-17 19:19:14+00:00
P02669,Discharge,2026-01-17 19:45:14+00:00
P02671,Patient Arrival,2026-08-17 04:31:47+00:00
P02671,Registration,2026-08-17 05:21:47+00:00
P02671,Waiting,2026-08-17 06:08:47+00:00
P02671,Doctor Consultation,2026-08-17 06:40:47+00:00
P02671,Urine Test,2026-08-17 07:11:47+00:00
P02671,Doctor Consultation,2026-08-17 07:28:47+00:00
P02671,Diagnosis,2026-08-17 08:06:47+00:00
P02671,Ward Transfer,2026-08-17 08:33:47+00:00
P02671,Treatment,2026-08-17 10:25:47+00:00
P02671,Pharmacy,2026-08-17 10:59:47+00:00
P02671,Billing,2026-08-17 11:32:47+00:00
P02671,Discharge,2026-08-17 12:10:47+00:00
P02672,Patient Arrival,2026-08-25 14:32:38+00:00
P02672,Registration,2026-08-25 15:03:38+00:00
P02672,Waiting,2026-08-25 16:16:38+00:00
P02672,Doctor Consultation,2026-08-25 16:56:38+00:00
P02672,ECG,2026-08-25 17:41:38+00:00
P02672,Doctor Consultation,2026-08-25 18:19:38+00:00
P02672,Diagnosis,2026-08-25 19:09:38+00:00
P02672,Treatment,2026-08-25 21:23:38+00:00
P02672,Pharmacy,2026-08-25 22:13:38+00:00
P02672,Billing,2026-08-25 22:42:38+00:00
P02672,Discharge,2026-08-25 23:08:38+00:00
P02677,Patient Arrival,2026-09-02 17:31:22+00:00
P02677,Registration,2026-09-02 18:16:22+00:00
P02677,Waiting,2026-09-02 19:18:22+00:00
P02677,Doctor Consultation,2026-09-02 19:52:22+00:00
P02677,Urine Test,2026-09-02 20:11:22+00:00
P02677,Doctor Consultation,2026-09-02 20:45:22+00:00
P02677,Diagnosis,2026-09-02 21:15:22+00:00
P02677,Ward Transfer,2026-09-02 21:48:22+00:00
P02677,Treatment,2026-09-02 23:03:22+00:00
P02677,Pharmacy,2026-09-02 23:35:22+00:00
P02677,Billing,2026-09-02 23:59:22+00:00
P02677,Discharge,2026-09-03 00:30:22+00:00
P02679,Patient Arrival,2026-05-28 21:26:44+00:00
P02679,Registration,2026-05-28 22:07:44+00:00
P02679,Waiting,2026-05-28 23:33:44+00:00
P02679,Doctor Consultation,2026-05-29 00:10:44+00:00
P02679,Doctor Consultation,2026-05-29 00:10:44+00:00
P02679,ECG,2026-05-29 00:31:44+00:00
P02679,Doctor Consultation,2026-05-29 00:41:44+00:00
P02679,Diagnosis,2026-05-29 01:06:44+00:00
P02679,Treatment,2026-05-29 02:25:44+00:00
P02679,Pharmacy,2026-05-29 02:51:44+00:00
P02679,Billing,2026-05-29 03:34:44+00:00
P02679,Discharge,2026-05-29 04:14:44+00:00
P02682,Patient Arrival,2026-06-21 17:12:35+00:00
P02682,Registration,2026-06-21 17:44:35+00:00
P02682,Waiting,2026-06-21 18:29:35+00:00
P02682,Doctor Consultation,2026-06-21 19:00:35+00:00
P02682,Urine Test,2026-06-21 19:30:35+00:00
P02682,Doctor Consultation,2026-06-21 19:52:35+00:00
P02682,Diagnosis,2026-06-21 20:15:35+00:00
P02682,Ward Transfer,2026-06-21 20:30:35+00:00
P02682,Treatment,2026-06-21 21:22:35+00:00
P02682,Pharmacy,2026-06-21 21:53:35+00:00
P02682,Billing,2026-06-21 22:25:35+00:00
P02682,Discharge,2026-06-21 23:09:35+00:00
P02686,Patient Arrival,2026-09-08 01:40:42+00:00
P02686,Registration,2026-09-08 01:59:42+00:00
P02686,Waiting,2026-09-08 02:54:42+00:00
P02686,Doctor Consultation,2026-09-08 03:22:42+00:00
P02686,Urine Test,2026-09-08 03:47:42+00:00
P02686,Doctor Consultation,2026-09-08 04:01:42+00:00
P02686,Diagnosis,2026-09-08 04:39:42+00:00
P02686,Treatment,2026-09-08 05:51:42+00:00
P02686,Pharmacy,2026-09-08 06:12:42+00:00
P02686,Billing,2026-09-08 06:58:42+00:00
P02686,Discharge,2026-09-08 07:47:42+00:00
P02688,Patient Arrival,2026-07-12 13:15:59+00:00
P02688,Registration,2026-07-12 13:26:59+00:00
P02688,Waiting,2026-07-12 15:00:59+00:00
P02688,Doctor Consultation,2026-07-12 15:33:59+00:00
P02688,Diagnosis,2026-07-12 15:46:59+00:00
P02688,Treatment,2026-07-12 17:40:59+00:00
P02688,Pharmacy,2026-07-12 17:58:59+00:00
P02688,Billing,2026-07-12 18:22:59+00:00
P02688,Discharge,2026-07-12 18:50:59+00:00
P02689,Patient Arrival,2026-10-28 03:55:52+00:00
P02689,Registration,2026-10-28 04:30:52+00:00
P02689,Waiting,2026-10-28 05:46:52+00:00
P02689,Doctor Consultation,2026-10-28 06:15:52+00:00
P02689,Urine Test,2026-10-28 06:40:52+00:00
P02689,Doctor Consultation,2026-10-28 07:13:52+00:00
P02689,Diagnosis,2026-10-28 07:32:52+00:00
P02689,Diagnosis,2026-10-28 07:32:52+00:00
P02689,Treatment,2026-10-28 08:47:52+00:00
P02689,Pharmacy,2026-10-28 09:16:52+00:00
P02689,Billing,2026-10-28 10:00:52+00:00
P02689,Discharge,2026-10-28 10:37:52+00:00
P02693,Patient Arrival,2026-10-24 17:10:56+00:00
P02693,Registration,2026-10-24 17:42:56+00:00
P02693,Waiting,2026-10-24 18:47:56+00:00
P02693,Doctor Consultation,2026-10-24 19:24:56+00:00
P02693,Diagnosis,2026-10-24 19:33:56+00:00
P02693,Ward Transfer,2026-10-24 19:53:56+00:00
P02693,Treatment,2026-10-24 21:48:56+00:00
P02693,Pharmacy,2026-10-24 22:21:56+00:00
P02693,Billing,2026-10-24 22:48:56+00:00
P02693,Discharge,2026-10-24 23:07:56+00:00
P02694,Patient Arrival,2026-04-03 07:29:09+00:00
P02694,Registration,2026-04-03 08:00:09+00:00
P02694,Waiting,2026-04-03 09:41:09+00:00
P02694,Doctor Consultation,2026-04-03 10:06:09+00:00
P02694,Diagnosis,2026-04-03 10:47:09+00:00
P02694,Treatment,2026-04-03 11:47:09+00:00
P02694,Pharmacy,2026-04-03 12:13:09+00:00
P02694,Billing,2026-04-03 12:41:09+00:00
P02694,Discharge,2026-04-03 13:04:09+00:00
P02696,Patient Arrival,2026-03-10 09:26:46+00:00
P02696,Registration,2026-03-10 09:50:46+00:00
P02696,Waiting,2026-03-10 11:00:46+00:00
P02696,Doctor Consultation,2026-03-10 11:26:46+00:00
P02696,Urine Test,2026-03-10 11:56:46+00:00
P02696,Doctor Consultation,2026-03-10 12:33:46+00:00
P02696,Diagnosis,2026-03-10 12:55:46+00:00
P02696,Ward Transfer,2026-03-10 13:18:46+00:00
P02696,Treatment,2026-03-10 14:52:46+00:00
P02696,Treatment,2026-03-10 14:52:46+00:00
P02696,Pharmacy,2026-03-10 15:22:46+00:00
P02696,Billing,2026-03-10 16:06:46+00:00
P02696,Discharge,2026-03-10 16:18:46+00:00
P02697,Patient Arrival,2026-12-12 19:03:57+00:00
P02697,Registration,2026-12-12 19:32:57+00:00
P02697,Waiting,2026-12-12 21:12:57+00:00
P02697,Doctor Consultation,2026-12-12 21:54:57+00:00
P02697,Blood Test,2026-12-12 22:11:57+00:00
P02697,Doctor Consultation,2026-12-12 22:39:57+00:00
P02697,Diagnosis,2026-12-12 23:22:57+00:00
P02697,Treatment,2026-12-13 01:01:57+00:00
P02697,Pharmacy,2026-12-13 01:23:57+00:00
P02697,Billing,2026-12-13 01:52:57+00:00
P02697,Discharge,2026-12-13 02:10:57+00:00
P02699,Patient Arrival,2026-03-20 16:54:54+00:00
P02699,Registration,2026-03-20 17:04:54+00:00
P02699,Waiting,2026-03-20 18:04:54+00:00
P02699,Doctor Consultation,2026-03-20 18:28:54+00:00
P02699,Urine Test,2026-03-20 18:51:54+00:00
P02699,Doctor Consultation,2026-03-20 19:16:54+00:00
P02699,Diagnosis,2026-03-20 19:49:54+00:00
P02699,Ward Transfer,2026-03-20 20:23:54+00:00
P02699,Treatment,2026-03-20 22:15:54+00:00
P02699,Pharmacy,2026-03-20 22:54:54+00:00
P02699,Billing,2026-03-20 23:29:54+00:00
P02699,Discharge,2026-03-21 00:02:54+00:00
P02703,Patient Arrival,2026-05-02 23:27:37+00:00
P02703,Registration,2026-05-03 00:12:37+00:00
P02703,Waiting,2026-05-03 01:08:37+00:00
P02703,Doctor Consultation,2026-05-03 01:36:37+00:00
P02703,X-Ray,2026-05-03 01:56:37+00:00
P02703,Doctor Consultation,2026-05-03 02:23:37+00:00
P02703,Diagnosis,2026-05-03 03:05:37+00:00
P02703,Treatment,2026-05-03 04:16:37+00:00
P02703,Pharmacy,2026-05-03 04:30:37+00:00
P02703,Billing,2026-05-03 04:47:37+00:00
P02703,Discharge,2026-05-03 05:08:37+00:00
P02705,Patient Arrival,2026-10-22 23:19:53+00:00
P02705,Registration,2026-10-22 23:55:53+00:00
P02705,Waiting,2026-10-23 00:57:53+00:00
P02705,Doctor Consultation,2026-10-23 01:20:53+00:00
P02705,Blood Test,2026-10-23 01:59:53+00:00
P02705,Doctor Consultation,2026-10-23 02:43:53+00:00
P02705,Diagnosis,2026-10-23 03:00:53+00:00
P02705,Ward Transfer,2026-10-23 03:21:53+00:00
P02705,Treatment,2026-10-23 04:33:53+00:00
P02705,Pharmacy,2026-10-23 05:05:53+00:00
P02705,Pharmacy,2026-10-23 05:05:53+00:00
P02705,Billing,2026-10-23 05:42:53+00:00
P02705,Discharge,2026-10-23 06:20:53+00:00
P02707,Patient Arrival,2026-11-06 06:31:26+00:00
P02707,Registration,2026-11-06 06:55:26+00:00
P02707,Waiting,2026-11-06 07:45:26+00:00
P02707,Doctor Consultation,2026-11-06 08:06:26+00:00
P02707,Diagnosis,2026-11-06 08:33:26+00:00
P02707,Treatment,2026-11-06 10:22:26+00:00
P02707,Pharmacy,2026-11-06 10:54:26+00:00
P02707,Billing,2026-11-06 11:08:26+00:00
P02707,Discharge,2026-11-06 11:29:26+00:00
P02710,Patient Arrival,2026-10-15 18:55:54+00:00
P02710,Registration,2026-10-15 19:43:54+00:00
P02710,Waiting,2026-10-15 20:26:54+00:00
P02710,Doctor Consultation,2026-10-15 20:54:54+00:00
P02710,Diagnosis,2026-10-15 21:22:54+00:00
P02710,Diagnosis,2026-10-15 21:22:54+00:00
P02710,Ward Transfer,2026-10-15 22:01:54+00:00
P02710,Treatment,2026-10-15 22:49:54+00:00
P02710,Pharmacy,2026-10-15 23:05:54+00:00
P02710,Billing,2026-10-15 23:47:54+00:00
P02710,Discharge,2026-10-16 00:17:54+00:00
P02714,Patient Arrival,2026-10-16 06:02:00+00:00
P02714,Registration,2026-10-16 06:36:00+00:00
P02714,Waiting,2026-10-16 07:29:00+00:00
P02714,Doctor Consultation,2026-10-16 07:54:00+00:00
P02714,Blood Test,2026-10-16 08:46:00+00:00
P02714,Doctor Consultation,2026-10-16 09:15:00+00:00
P02714,Diagnosis,2026-10-16 09:38:00+00:00
P02714,Treatment,2026-10-16 10:46:00+00:00
P02714,Pharmacy,2026-10-16 11:36:00+00:00
P02714,Billing,2026-10-16 12:02:00+00:00
P02714,Discharge,2026-10-16 12:49:00+00:00
P02717,Patient Arrival,2026-01-23 19:10:53+00:00
P02717,Registration,2026-01-23 19:38:53+00:00
P02717,Waiting,2026-01-23 21:23:53+00:00
P02717,Doctor Consultation,2026-01-23 21:58:53+00:00
P02717,Blood Test,2026-01-23 22:40:53+00:00
P02717,Doctor Consultation,2026-01-23 23:17:53+00:00
P02717,Diagnosis,2026-01-24 00:08:53+00:00
P02717,Treatment,2026-01-24 01:04:53+00:00
P02717,Pharmacy,2026-01-24 01:36:53+00:00
P02717,Billing,2026-01-24 01:57:53+00:00
P02717,Discharge,2026-01-24 02:19:53+00:00
P02718,Patient Arrival,2026-10-12 08:42:29+00:00
P02718,Registration,2026-10-12 08:59:29+00:00
P02718,Waiting,2026-10-12 10:39:29+00:00
P02718,Doctor Consultation,2026-10-12 11:00:29+00:00
P02718,Diagnosis,2026-10-12 11:29:29+00:00
P02718,Treatment,2026-10-12 12:09:29+00:00
P02718,Pharmacy,2026-10-12 12:36:29+00:00
P02718,Billing,2026-10-12 13:15:29+00:00
P02718,Discharge,2026-10-12 13:39:29+00:00
P02719,Patient Arrival,2026-12-05 03:42:01+00:00
P02719,Patient Arrival,2026-12-05 03:42:01+00:00
P02719,Registration,2026-12-05 04:26:01+00:00
P02719,Waiting,2026-12-05 05:14:01+00:00
P02719,Doctor Consultation,2026-12-05 05:48:01+00:00
P02719,ECG,2026-12-05 06:13:01+00:00
P02719,Doctor Consultation,2026-12-05 07:06:01+00:00
P02719,Diagnosis,2026-12-05 07:39:01+00:00
P02719,Treatment,2026-12-05 09:17:01+00:00
P02719,Pharmacy,2026-12-05 09:54:01+00:00
P02719,Billing,2026-12-05 10:38:01+00:00
P02719,Discharge,2026-12-05 11:16:01+00:00
P02720,Patient Arrival,2026-08-09 16:44:44+00:00
P02720,Registration,2026-08-09 17:31:44+00:00
P02720,Waiting,2026-08-09 19:09:44+00:00
P02720,Doctor Consultation,2026-08-09 19:32:44+00:00
P02720,Urine Test,2026-08-09 19:58:44+00:00
P02720,Doctor Consultation,2026-08-09 20:42:44+00:00
P02720,Blood Test,2026-08-09 21:15:44+00:00
P02720,Doctor Consultation,2026-08-09 21:36:44+00:00
P02720,Diagnosis,2026-08-09 22:03:44+00:00
P02720,Treatment,2026-08-09 22:53:44+00:00
P02720,Pharmacy,2026-08-09 23:22:44+00:00
P02720,Billing,2026-08-10 00:05:44+00:00
P02720,Discharge,2026-08-10 00:32:44+00:00
P02722,Patient Arrival,2026-06-06 00:09:13+00:00
P02722,Registration,2026-06-06 00:21:13+00:00
P02722,Waiting,2026-06-06 01:48:13+00:00
P02722,Doctor Consultation,2026-06-06 02:21:13+00:00
P02722,X-Ray,2026-06-06 02:45:13+00:00
P02722,Doctor Consultation,2026-06-06 03:17:13+00:00
P02722,Diagnosis,2026-06-06 03:50:13+00:00
P02722,Ward Transfer,2026-06-06 04:25:13+00:00
P02722,Treatment,2026-06-06 05:26:13+00:00
P02722,Pharmacy,2026-06-06 06:03:13+00:00
P02722,Billing,2026-06-06 06:37:13+00:00
P02722,Discharge,2026-06-06 07:03:13+00:00
P02723,Patient Arrival,2026-07-14 05:55:40+00:00
P02723,Registration,2026-07-14 06:04:40+00:00
P02723,Waiting,2026-07-14 07:08:40+00:00
P02723,Doctor Consultation,2026-07-14 07:42:40+00:00
P02723,Diagnosis,2026-07-14 08:25:40+00:00
P02723,Ward Transfer,2026-07-14 08:41:40+00:00
P02723,Treatment,2026-07-14 10:39:40+00:00
P02723,Pharmacy,2026-07-14 11:01:40+00:00
P02723,Pharmacy,2026-07-14 11:01:40+00:00
P02723,Billing,2026-07-14 11:27:40+00:00
P02723,Discharge,2026-07-14 12:09:40+00:00
P02729,Patient Arrival,2026-08-30 23:47:34+00:00
P02729,Registration,2026-08-31 00:19:34+00:00
P02729,Waiting,2026-08-31 01:39:34+00:00
P02729,Doctor Consultation,2026-08-31 02:09:34+00:00
P02729,Diagnosis,2026-08-31 02:59:34+00:00
P02729,Treatment,2026-08-31 04:54:34+00:00
P02729,Pharmacy,2026-08-31 05:27:34+00:00
P02729,Billing,2026-08-31 06:16:34+00:00
P02729,Discharge,2026-08-31 06:56:34+00:00
P02730,Patient Arrival,2026-09-27 18:03:36+00:00
P02730,Registration,2026-09-27 18:23:36+00:00
P02730,Waiting,2026-09-27 19:16:36+00:00
P02730,Doctor Consultation,2026-09-27 19:54:36+00:00
P02730,Diagnosis,2026-09-27 20:27:36+00:00
P02730,Treatment,2026-09-27 22:14:36+00:00
P02730,Pharmacy,2026-09-27 22:50:36+00:00
P02730,Billing,2026-09-27 23:42:36+00:00
P02730,Discharge,2026-09-28 00:00:36+00:00
P02731,Patient Arrival,2026-04-19 07:31:00+00:00
P02731,Registration,2026-04-19 08:13:00+00:00
P02731,Waiting,2026-04-19 09:51:00+00:00
P02731,Doctor Consultation,2026-04-19 10:14:00+00:00
P02731,Diagnosis,2026-04-19 10:42:00+00:00
P02731,Treatment,2026-04-19 12:07:00+00:00
P02731,Pharmacy,2026-04-19 12:56:00+00:00
P02731,Billing,2026-04-19 13:17:00+00:00
P02731,Discharge,2026-04-19 13:38:00+00:00
P02736,Patient Arrival,2026-01-18 21:35:50+00:00
P02736,Registration,2026-01-18 22:00:50+00:00
P02736,Waiting,2026-01-18 23:27:50+00:00
P02736,Doctor Consultation,2026-01-19 00:12:50+00:00
P02736,Urine Test,2026-01-19 00:44:50+00:00
P02736,Urine Test,2026-01-19 00:44:50+00:00
P02736,Doctor Consultation,2026-01-19 01:24:50+00:00
P02736,Diagnosis,2026-01-19 02:01:50+00:00
P02736,Treatment,2026-01-19 03:22:50+00:00
P02736,Pharmacy,2026-01-19 04:00:50+00:00
P02736,Billing,2026-01-19 04:18:50+00:00
P02736,Discharge,2026-01-19 04:36:50+00:00
P02739,Patient Arrival,2026-09-16 14:38:11+00:00
P02739,Registration,2026-09-16 14:47:11+00:00
P02739,Waiting,2026-09-16 16:26:11+00:00
P02739,Doctor Consultation,2026-09-16 17:01:11+00:00
P02739,Urine Test,2026-09-16 17:32:11+00:00
P02739,Doctor Consultation,2026-09-16 18:10:11+00:00
P02739,Diagnosis,2026-09-16 18:58:11+00:00
P02739,Treatment,2026-09-16 21:06:11+00:00
P02739,Pharmacy,2026-09-16 21:21:11+00:00
P02739,Billing,2026-09-16 22:06:11+00:00
P02739,Discharge,2026-09-16 22:43:11+00:00
P02740,Patient Arrival,2026-01-27 06:12:48+00:00
P02740,Registration,2026-01-27 06:50:48+00:00
P02740,Waiting,2026-01-27 08:13:48+00:00
P02740,Doctor Consultation,2026-01-27 08:21:48+00:00
P02740,X-Ray,2026-01-27 08:48:48+00:00
P02740,Doctor Consultation,2026-01-27 09:09:48+00:00
P02740,Diagnosis,2026-01-27 09:39:48+00:00
P02740,Treatment,2026-01-27 10:30:48+00:00
P02740,Pharmacy,2026-01-27 11:11:48+00:00
P02740,Billing,2026-01-27 12:00:48+00:00
P02740,Discharge,2026-01-27 12:51:48+00:00
P02741,Patient Arrival,2026-10-21 09:58:04+00:00
P02741,Registration,2026-10-21 10:36:04+00:00
P02741,Waiting,2026-10-21 12:18:04+00:00
P02741,Doctor Consultation,2026-10-21 12:51:04+00:00
P02741,Blood Test,2026-10-21 13:04:04+00:00
P02741,Doctor Consultation,2026-10-21 13:35:04+00:00
P02741,Diagnosis,2026-10-21 14:23:04+00:00
P02741,Treatment,2026-10-21 15:37:04+00:00
P02741,Pharmacy,2026-10-21 16:21:04+00:00
P02741,Billing,2026-10-21 17:05:04+00:00
P02741,Discharge,2026-10-21 17:44:04+00:00
P02744,Patient Arrival,2026-04-24 23:04:44+00:00
P02744,Registration,2026-04-24 23:27:44+00:00
P02744,Waiting,2026-04-25 01:01:44+00:00
P02744,Doctor Consultation,2026-04-25 01:33:44+00:00
P02744,Diagnosis,2026-04-25 02:10:44+00:00
P02744,Treatment,2026-04-25 03:30:44+00:00
P02744,Pharmacy,2026-04-25 03:57:44+00:00
P02744,Billing,2026-04-25 04:30:44+00:00
P02744,Discharge,2026-04-25 04:52:44+00:00
P02745,Patient Arrival,2026-08-18 14:59:43+00:00
P02745,Registration,2026-08-18 15:42:43+00:00
P02745,Waiting,2026-08-18 17:23:43+00:00
P02745,Doctor Consultation,2026-08-18 17:50:43+00:00
P02745,Diagnosis,2026-08-18 18:19:43+00:00
P02745,Treatment,2026-08-18 20:13:43+00:00
P02745,Pharmacy,2026-08-18 20:38:43+00:00
P02745,Billing,2026-08-18 21:25:43+00:00
P02745,Discharge,2026-08-18 21:35:43+00:00
P02747,Patient Arrival,2026-08-08 01:04:07+00:00
P02747,Registration,2026-08-08 01:31:07+00:00
P02747,Waiting,2026-08-08 02:53:07+00:00
P02747,Doctor Consultation,2026-08-08 03:29:07+00:00
P02747,X-Ray,2026-08-08 04:11:07+00:00
P02747,Doctor Consultation,2026-08-08 04:41:07+00:00
P02747,Diagnosis,2026-08-08 05:18:07+00:00
P02747,Treatment,2026-08-08 07:00:07+00:00
P02747,Pharmacy,2026-08-08 07:29:07+00:00
P02747,Billing,2026-08-08 07:45:07+00:00
P02747,Discharge,2026-08-08 08:00:07+00:00
P02751,Patient Arrival,2026-06-23 19:21:34+00:00
P02751,Registration,2026-06-23 20:05:34+00:00
P02751,Waiting,2026-06-23 21:02:34+00:00
P02751,Doctor Consultation,2026-06-23 21:23:34+00:00
P02751,Diagnosis,2026-06-23 22:00:34+00:00
P02751,Ward Transfer,2026-06-23 22:20:34+00:00
P02751,Treatment,2026-06-23 23:49:34+00:00
P02751,Pharmacy,2026-06-24 00:40:34+00:00
P02751,Billing,2026-06-24 01:02:34+00:00
P02751,Discharge,2026-06-24 01:26:34+00:00
P02752,Patient Arrival,2026-01-31 09:30:49+00:00
P02752,Registration,2026-01-31 09:46:49+00:00
P02752,Waiting,2026-01-31 10:32:49+00:00
P02752,Doctor Consultation,2026-01-31 11:17:49+00:00
P02752,Diagnosis,2026-01-31 11:51:49+00:00
P02752,Treatment,2026-01-31 12:59:49+00:00
P02752,Pharmacy,2026-01-31 13:37:49+00:00
P02752,Billing,2026-01-31 13:52:49+00:00
P02752,Discharge,2026-01-31 14:22:49+00:00
P02753,Patient Arrival,2026-01-27 02:30:37+00:00
P02753,Registration,2026-01-27 03:02:37+00:00
P02753,Waiting,2026-01-27 04:48:37+00:00
P02753,Doctor Consultation,2026-01-27 05:17:37+00:00
P02753,Diagnosis,2026-01-27 05:39:37+00:00
P02753,Treatment,2026-01-27 06:22:37+00:00
P02753,Pharmacy,2026-01-27 06:44:37+00:00
P02753,Billing,2026-01-27 07:09:37+00:00
P02753,Discharge,2026-01-27 07:47:37+00:00
P02754,Patient Arrival,2026-10-24 07:48:20+00:00
P02754,Registration,2026-10-24 08:32:20+00:00
P02754,Waiting,2026-10-24 09:34:20+00:00
P02754,Doctor Consultation,2026-10-24 09:58:20+00:00
P02754,X-Ray,2026-10-24 10:28:20+00:00
P02754,Doctor Consultation,2026-10-24 11:03:20+00:00
P02754,Diagnosis,2026-10-24 11:42:20+00:00
P02754,Ward Transfer,2026-10-24 12:12:20+00:00
P02754,Treatment,2026-10-24 14:05:20+00:00
P02754,Pharmacy,2026-10-24 14:36:20+00:00
P02754,Billing,2026-10-24 15:21:20+00:00
P02754,Discharge,2026-10-24 16:07:20+00:00
P02755,Patient Arrival,2026-03-22 02:36:19+00:00
P02755,Registration,2026-03-22 03:20:19+00:00
P02755,Waiting,2026-03-22 04:24:19+00:00
P02755,Doctor Consultation,2026-03-22 04:45:19+00:00
P02755,ECG,2026-03-22 05:25:19+00:00
P02755,Doctor Consultation,2026-03-22 05:57:19+00:00
P02755,Diagnosis,2026-03-22 06:19:19+00:00
P02755,Treatment,2026-03-22 08:19:19+00:00
P02755,Pharmacy,2026-03-22 08:54:19+00:00
P02755,Billing,2026-03-22 09:04:19+00:00
P02755,Discharge,2026-03-22 09:25:19+00:00
P02755,Discharge,2026-03-22 09:25:19+00:00
P02756,Patient Arrival,2026-09-22 22:03:30+00:00
P02756,Registration,2026-09-22 22:17:30+00:00
P02756,Waiting,2026-09-22 23:29:30+00:00
P02756,Doctor Consultation,2026-09-23 00:09:30+00:00
P02756,Diagnosis,2026-09-23 00:31:30+00:00
P02756,Treatment,2026-09-23 01:20:30+00:00
P02756,Pharmacy,2026-09-23 01:43:30+00:00
P02756,Billing,2026-09-23 01:58:30+00:00
P02756,Discharge,2026-09-23 02:36:30+00:00
P02757,Patient Arrival,2026-08-01 20:20:22+00:00
P02757,Registration,2026-08-01 20:50:22+00:00
P02757,Waiting,2026-08-01 22:09:22+00:00
P02757,Doctor Consultation,2026-08-01 22:31:22+00:00
P02757,Urine Test,2026-08-01 22:59:22+00:00
P02757,Doctor Consultation,2026-08-01 23:27:22+00:00
P02757,Diagnosis,2026-08-02 00:06:22+00:00
P02757,Ward Transfer,2026-08-02 00:30:22+00:00
P02757,Treatment,2026-08-02 02:44:22+00:00
P02757,Pharmacy,2026-08-02 03:31:22+00:00
P02757,Billing,2026-08-02 03:45:22+00:00
P02757,Discharge,2026-08-02 04:02:22+00:00
P02759,Patient Arrival,2026-10-23 16:19:32+00:00
P02759,Registration,2026-10-23 17:05:32+00:00
P02759,Waiting,2026-10-23 17:58:32+00:00
P02759,Doctor Consultation,2026-10-23 18:36:32+00:00
P02759,Diagnosis,2026-10-23 18:58:32+00:00
P02759,Treatment,2026-10-23 19:39:32+00:00
P02759,Pharmacy,2026-10-23 20:00:32+00:00
P02759,Billing,2026-10-23 20:34:32+00:00
P02759,Discharge,2026-10-23 20:48:32+00:00
P02760,Patient Arrival,2026-02-27 08:02:55+00:00
P02760,Registration,2026-02-27 08:36:55+00:00
P02760,Waiting,2026-02-27 09:50:55+00:00
P02760,Doctor Consultation,2026-02-27 10:12:55+00:00
P02760,Urine Test,2026-02-27 10:56:55+00:00
P02760,Doctor Consultation,2026-02-27 11:16:55+00:00
P02760,Diagnosis,2026-02-27 12:01:55+00:00
P02760,Ward Transfer,2026-02-27 12:35:55+00:00
P02760,Treatment,2026-02-27 14:04:55+00:00
P02760,Pharmacy,2026-02-27 14:32:55+00:00
P02760,Billing,2026-02-27 15:06:55+00:00
P02760,Discharge,2026-02-27 15:34:55+00:00
P02761,Patient Arrival,2026-11-27 06:42:43+00:00
P02761,Registration,2026-11-27 07:06:43+00:00
P02761,Waiting,2026-11-27 08:31:43+00:00
P02761,Doctor Consultation,2026-11-27 09:00:43+00:00
P02761,Diagnosis,2026-11-27 09:32:43+00:00
P02761,Ward Transfer,2026-11-27 09:57:43+00:00
P02761,Treatment,2026-11-27 11:00:43+00:00
P02761,Pharmacy,2026-11-27 11:30:43+00:00
P02761,Billing,2026-11-27 11:57:43+00:00
P02761,Discharge,2026-11-27 12:30:43+00:00
P02762,Patient Arrival,2026-06-29 02:12:47+00:00
P02762,Registration,2026-06-29 03:00:47+00:00
P02762,Waiting,2026-06-29 04:23:47+00:00
P02762,Doctor Consultation,2026-06-29 04:45:47+00:00
P02762,Diagnosis,2026-06-29 05:29:47+00:00
P02762,Treatment,2026-06-29 06:19:47+00:00
P02762,Pharmacy,2026-06-29 07:01:47+00:00
P02762,Billing,2026-06-29 07:16:47+00:00
P02762,Discharge,2026-06-29 07:26:47+00:00
P02764,Patient Arrival,2026-03-27 00:32:51+00:00
P02764,Registration,2026-03-27 01:05:51+00:00
P02764,Waiting,2026-03-27 02:44:51+00:00
P02764,Doctor Consultation,2026-03-27 03:07:51+00:00
P02764,ECG,2026-03-27 03:47:51+00:00
P02764,Doctor Consultation,2026-03-27 04:11:51+00:00
P02764,Urine Test,2026-03-27 04:41:51+00:00
P02764,Doctor Consultation,2026-03-27 05:06:51+00:00
P02764,Diagnosis,2026-03-27 05:58:51+00:00
P02764,Treatment,2026-03-27 07:08:51+00:00
P02764,Pharmacy,2026-03-27 07:30:51+00:00
P02764,Billing,2026-03-27 08:03:51+00:00
P02764,Discharge,2026-03-27 08:36:51+00:00
P02768,Patient Arrival,2026-05-06 16:10:12+00:00
P02768,Registration,2026-05-06 16:31:12+00:00
P02768,Waiting,2026-05-06 17:36:12+00:00
P02768,Doctor Consultation,2026-05-06 18:26:12+00:00
P02768,Blood Test,2026-05-06 19:13:12+00:00
P02768,Doctor Consultation,2026-05-06 19:29:12+00:00
P02768,Diagnosis,2026-05-06 20:19:12+00:00
P02768,Treatment,2026-05-06 21:22:12+00:00
P02768,Treatment,2026-05-06 21:22:12+00:00
P02768,Pharmacy,2026-05-06 21:48:12+00:00
P02768,Billing,2026-05-06 22:05:12+00:00
P02768,Discharge,2026-05-06 22:34:12+00:00
P02769,Patient Arrival,2026-10-29 21:33:09+00:00
P02769,Registration,2026-10-29 21:55:09+00:00
P02769,Waiting,2026-10-29 22:30:09+00:00
P02769,Doctor Consultation,2026-10-29 23:16:09+00:00
P02769,Blood Test,2026-10-29 23:46:09+00:00
P02769,Doctor Consultation,2026-10-30 00:41:09+00:00
P02769,Diagnosis,2026-10-30 01:11:09+00:00
P02769,Ward Transfer,2026-10-30 01:30:09+00:00
P02769,Treatment,2026-10-30 02:52:09+00:00
P02769,Pharmacy,2026-10-30 03:28:09+00:00
P02769,Billing,2026-10-30 03:46:09+00:00
P02769,Discharge,2026-10-30 03:54:09+00:00
P02772,Patient Arrival,2026-06-14 17:25:16+00:00
P02772,Registration,2026-06-14 18:06:16+00:00
P02772,Waiting,2026-06-14 19:43:16+00:00
P02772,Doctor Consultation,2026-06-14 20:18:16+00:00
P02772,ECG,2026-06-14 20:37:16+00:00
P02772,Doctor Consultation,2026-06-14 21:24:16+00:00
P02772,Diagnosis,2026-06-14 22:10:16+00:00
P02772,Ward Transfer,2026-06-14 22:45:16+00:00
P02772,Treatment,2026-06-15 00:44:16+00:00
P02772,Pharmacy,2026-06-15 01:16:16+00:00
P02772,Billing,2026-06-15 01:52:16+00:00
P02772,Discharge,2026-06-15 02:23:16+00:00
P02775,Patient Arrival,2026-03-23 06:30:02+00:00
P02775,Registration,2026-03-23 06:54:02+00:00
P02775,Waiting,2026-03-23 08:09:02+00:00
P02775,Doctor Consultation,2026-03-23 08:28:02+00:00
P02775,Diagnosis,2026-03-23 08:59:02+00:00
P02775,Treatment,2026-03-23 10:52:02+00:00
P02775,Pharmacy,2026-03-23 11:12:02+00:00
P02775,Billing,2026-03-23 11:57:02+00:00
P02775,Discharge,2026-03-23 12:23:02+00:00
P02776,Patient Arrival,2026-09-07 21:25:28+00:00
P02776,Registration,2026-09-07 21:53:28+00:00
P02776,Waiting,2026-09-07 23:10:28+00:00
P02776,Doctor Consultation,2026-09-07 23:41:28+00:00
P02776,Urine Test,2026-09-08 00:18:28+00:00
P02776,Doctor Consultation,2026-09-08 00:52:28+00:00
P02776,Diagnosis,2026-09-08 01:12:28+00:00
P02776,Treatment,2026-09-08 02:06:28+00:00
P02776,Pharmacy,2026-09-08 02:23:28+00:00
P02776,Billing,2026-09-08 02:56:28+00:00
P02776,Discharge,2026-09-08 03:19:28+00:00
P02777,Patient Arrival,2026-08-02 22:45:49+00:00
P02777,Registration,2026-08-02 23:20:49+00:00
P02777,Waiting,2026-08-03 00:29:49+00:00
P02777,Doctor Consultation,2026-08-03 01:10:49+00:00
P02777,Diagnosis,2026-08-03 01:35:49+00:00
P02777,Ward Transfer,2026-08-03 02:02:49+00:00
P02777,Treatment,2026-08-03 03:19:49+00:00
P02777,Pharmacy,2026-08-03 03:57:49+00:00
P02777,Billing,2026-08-03 04:34:49+00:00
P02777,Discharge,2026-08-03 04:54:49+00:00
P02786,Patient Arrival,2026-05-27 23:32:27+00:00
P02786,Registration,2026-05-28 00:15:27+00:00
P02786,Waiting,2026-05-28 01:45:27+00:00
P02786,Doctor Consultation,2026-05-28 02:14:27+00:00
P02786,X-Ray,2026-05-28 02:54:27+00:00
P02786,Doctor Consultation,2026-05-28 03:22:27+00:00
P02786,Doctor Consultation,2026-05-28 03:22:27+00:00
P02786,Diagnosis,2026-05-28 03:36:27+00:00
P02786,Treatment,2026-05-28 05:14:27+00:00
P02786,Pharmacy,2026-05-28 05:28:27+00:00
P02786,Billing,2026-05-28 05:53:27+00:00
P02786,Discharge,2026-05-28 06:34:27+00:00
P02787,Patient Arrival,2026-04-04 18:19:06+00:00
P02787,Registration,2026-04-04 18:33:06+00:00
P02787,Waiting,2026-04-04 19:52:06+00:00
P02787,Doctor Consultation,2026-04-04 20:31:06+00:00
P02787,Diagnosis,2026-04-04 21:05:06+00:00
P02787,Ward Transfer,2026-04-04 21:25:06+00:00
P02787,Treatment,2026-04-04 23:16:06+00:00
P02787,Pharmacy,2026-04-04 23:51:06+00:00
P02787,Billing,2026-04-05 00:16:06+00:00
P02787,Discharge,2026-04-05 00:53:06+00:00
P02788,Patient Arrival,2026-08-17 20:41:40+00:00
P02788,Registration,2026-08-17 21:05:40+00:00
P02788,Waiting,2026-08-17 21:55:40+00:00
P02788,Doctor Consultation,2026-08-17 22:28:40+00:00
P02788,Urine Test,2026-08-17 22:46:40+00:00
P02788,Doctor Consultation,2026-08-17 23:07:40+00:00
P02788,Diagnosis,2026-08-17 23:39:40+00:00
P02788,Ward Transfer,2026-08-18 00:25:40+00:00
P02788,Treatment,2026-08-18 01:49:40+00:00
P02788,Pharmacy,2026-08-18 02:08:40+00:00
P02788,Billing,2026-08-18 02:30:40+00:00
P02788,Discharge,2026-08-18 02:56:40+00:00
P02791,Patient Arrival,2026-12-19 23:34:11+00:00
P02791,Registration,2026-12-20 00:12:11+00:00
P02791,Waiting,2026-12-20 00:39:11+00:00
P02791,Doctor Consultation,2026-12-20 01:11:11+00:00
P02791,Diagnosis,2026-12-20 01:41:11+00:00
P02791,Treatment,2026-12-20 02:27:11+00:00
P02791,Pharmacy,2026-12-20 02:56:11+00:00
P02791,Pharmacy,2026-12-20 02:56:11+00:00
P02791,Billing,2026-12-20 03:20:11+00:00
P02791,Discharge,2026-12-20 03:41:11+00:00
P02795,Patient Arrival,2026-03-11 20:01:28+00:00
P02795,Registration,2026-03-11 20:25:28+00:00
P02795,Waiting,2026-03-11 22:03:28+00:00
P02795,Doctor Consultation,2026-03-11 22:25:28+00:00
P02795,Diagnosis,2026-03-11 22:52:28+00:00
P02795,Ward Transfer,2026-03-11 23:26:28+00:00
P02795,Treatment,2026-03-12 00:19:28+00:00
P02795,Pharmacy,2026-03-12 00:53:28+00:00
P02795,Billing,2026-03-12 01:14:28+00:00
P02795,Discharge,2026-03-12 01:50:28+00:00
P02797,Patient Arrival,2026-04-09 11:49:00+00:00
P02797,Registration,2026-04-09 12:15:00+00:00
P02797,Waiting,2026-04-09 13:27:00+00:00
P02797,Doctor Consultation,2026-04-09 13:50:00+00:00
P02797,Diagnosis,2026-04-09 14:06:00+00:00
P02797,Treatment,2026-04-09 15:37:00+00:00
P02797,Pharmacy,2026-04-09 16:16:00+00:00
P02797,Billing,2026-04-09 16:53:00+00:00
P02797,Discharge,2026-04-09 17:16:00+00:00
P02798,Patient Arrival,2026-11-19 11:44:52+00:00
P02798,Registration,2026-11-19 12:25:52+00:00
P02798,Waiting,2026-11-19 13:10:52+00:00
P02798,Doctor Consultation,2026-11-19 13:36:52+00:00
P02798,Diagnosis,2026-11-19 14:13:52+00:00
P02798,Treatment,2026-11-19 15:26:52+00:00
P02798,Pharmacy,2026-11-19 16:00:52+00:00
P02798,Billing,2026-11-19 16:37:52+00:00
P02798,Discharge,2026-11-19 17:08:52+00:00
P02801,Patient Arrival,2026-01-24 13:28:20+00:00
P02801,Registration,2026-01-24 13:52:20+00:00
P02801,Waiting,2026-01-24 14:59:20+00:00
P02801,Doctor Consultation,2026-01-24 15:46:20+00:00
P02801,Doctor Consultation,2026-01-24 15:46:20+00:00
P02801,Blood Test,2026-01-24 16:20:20+00:00
P02801,Doctor Consultation,2026-01-24 16:37:20+00:00
P02801,Diagnosis,2026-01-24 17:07:20+00:00
P02801,Ward Transfer,2026-01-24 17:43:20+00:00
P02801,Treatment,2026-01-24 18:53:20+00:00
P02801,Pharmacy,2026-01-24 19:17:20+00:00
P02801,Billing,2026-01-24 20:00:20+00:00
P02801,Discharge,2026-01-24 20:25:20+00:00
P02802,Patient Arrival,2026-12-31 18:14:52+00:00
P02802,Registration,2026-12-31 18:37:52+00:00
P02802,Waiting,2026-12-31 20:25:52+00:00
P02802,Doctor Consultation,2026-12-31 20:48:52+00:00
P02802,Diagnosis,2026-12-31 21:28:52+00:00
P02802,Treatment,2026-12-31 23:08:52+00:00
P02802,Pharmacy,2026-12-31 23:42:52+00:00
P02802,Billing,2027-01-01 00:12:52+00:00
P02802,Discharge,2027-01-01 00:55:52+00:00
P02803,Patient Arrival,2026-08-02 08:46:18+00:00
P02803,Registration,2026-08-02 09:32:18+00:00
P02803,Waiting,2026-08-02 10:31:18+00:00
P02803,Doctor Consultation,2026-08-02 11:08:18+00:00
P02803,Urine Test,2026-08-02 11:38:18+00:00
P02803,Doctor Consultation,2026-08-02 11:56:18+00:00
P02803,Diagnosis,2026-08-02 12:35:18+00:00
P02803,Ward Transfer,2026-08-02 13:05:18+00:00
P02803,Treatment,2026-08-02 14:18:18+00:00
P02803,Pharmacy,2026-08-02 14:51:18+00:00
P02803,Billing,2026-08-02 15:11:18+00:00
P02803,Discharge,2026-08-02 15:39:18+00:00
P02804,Patient Arrival,2026-05-09 18:25:13+00:00
P02804,Registration,2026-05-09 18:49:13+00:00
P02804,Waiting,2026-05-09 19:26:13+00:00
P02804,Doctor Consultation,2026-05-09 20:16:13+00:00
P02804,X-Ray,2026-05-09 20:45:13+00:00
P02804,Doctor Consultation,2026-05-09 21:13:13+00:00
P02804,Diagnosis,2026-05-09 21:23:13+00:00
P02804,Treatment,2026-05-09 22:09:13+00:00
P02804,Pharmacy,2026-05-09 22:44:13+00:00
P02804,Billing,2026-05-09 23:18:13+00:00
P02804,Discharge,2026-05-09 23:51:13+00:00
P02805,Patient Arrival,2026-09-13 07:45:58+00:00
P02805,Registration,2026-09-13 08:23:58+00:00
P02805,Waiting,2026-09-13 08:58:58+00:00
P02805,Doctor Consultation,2026-09-13 09:33:58+00:00
P02805,ECG,2026-09-13 09:56:58+00:00
P02805,Doctor Consultation,2026-09-13 10:16:58+00:00
P02805,Diagnosis,2026-09-13 11:03:58+00:00
P02805,Treatment,2026-09-13 12:40:58+00:00
P02805,Pharmacy,2026-09-13 12:57:58+00:00
P02805,Billing,2026-09-13 13:24:58+00:00
P02805,Discharge,2026-09-13 14:14:58+00:00
P02806,Patient Arrival,2026-01-21 20:28:27+00:00
P02806,Registration,2026-01-21 20:50:27+00:00
P02806,Waiting,2026-01-21 21:35:27+00:00
P02806,Doctor Consultation,2026-01-21 22:21:27+00:00
P02806,Diagnosis,2026-01-21 22:43:27+00:00
P02806,Ward Transfer,2026-01-21 23:18:27+00:00
P02806,Treatment,2026-01-22 01:10:27+00:00
P02806,Pharmacy,2026-01-22 01:41:27+00:00
P02806,Pharmacy,2026-01-22 01:41:27+00:00
P02806,Billing,2026-01-22 02:22:27+00:00
P02806,Discharge,2026-01-22 02:51:27+00:00
P02811,Patient Arrival,2026-02-24 15:47:09+00:00
P02811,Registration,2026-02-24 16:06:09+00:00
P02811,Waiting,2026-02-24 17:18:09+00:00
P02811,Doctor Consultation,2026-02-24 17:57:09+00:00
P02811,Blood Test,2026-02-24 18:10:09+00:00
P02811,Doctor Consultation,2026-02-24 18:24:09+00:00
P02811,Diagnosis,2026-02-24 18:58:09+00:00
P02811,Ward Transfer,2026-02-24 19:29:09+00:00
P02811,Treatment,2026-02-24 20:15:09+00:00
P02811,Pharmacy,2026-02-24 20:35:09+00:00
P02811,Billing,2026-02-24 21:03:09+00:00
P02811,Discharge,2026-02-24 21:48:09+00:00
P02813,Patient Arrival,2026-02-15 16:41:49+00:00
P02813,Registration,2026-02-15 17:26:49+00:00
P02813,Waiting,2026-02-15 18:52:49+00:00
P02813,Doctor Consultation,2026-02-15 19:26:49+00:00
P02813,Blood Test,2026-02-15 20:08:49+00:00
P02813,Doctor Consultation,2026-02-15 20:41:49+00:00
P02813,Diagnosis,2026-02-15 21:03:49+00:00
P02813,Treatment,2026-02-15 22:18:49+00:00
P02813,Pharmacy,2026-02-15 22:34:49+00:00
P02813,Billing,2026-02-15 23:11:49+00:00
P02813,Discharge,2026-02-15 23:45:49+00:00
P02814,Patient Arrival,2026-05-10 18:46:34+00:00
P02814,Registration,2026-05-10 19:16:34+00:00
P02814,Waiting,2026-05-10 20:44:34+00:00
P02814,Doctor Consultation,2026-05-10 21:19:34+00:00
P02814,Blood Test,2026-05-10 21:54:34+00:00
P02814,Doctor Consultation,2026-05-10 22:32:34+00:00
P02814,Diagnosis,2026-05-10 23:11:34+00:00
P02814,Ward Transfer,2026-05-10 23:31:34+00:00
P02814,Treatment,2026-05-11 01:18:34+00:00
P02814,Pharmacy,2026-05-11 01:54:34+00:00
P02814,Billing,2026-05-11 02:28:34+00:00
P02814,Discharge,2026-05-11 02:56:34+00:00
P02815,Patient Arrival,2026-01-03 06:54:04+00:00
P02815,Registration,2026-01-03 07:19:04+00:00
P02815,Waiting,2026-01-03 08:10:04+00:00
P02815,Doctor Consultation,2026-01-03 08:45:04+00:00
P02815,Diagnosis,2026-01-03 08:57:04+00:00
P02815,Treatment,2026-01-03 10:19:04+00:00
P02815,Pharmacy,2026-01-03 10:45:04+00:00
P02815,Billing,2026-01-03 11:15:04+00:00
P02815,Discharge,2026-01-03 11:41:04+00:00
P02816,Patient Arrival,2026-08-15 21:36:11+00:00
P02816,Registration,2026-08-15 22:07:11+00:00
P02816,Waiting,2026-08-15 22:52:11+00:00
P02816,Doctor Consultation,2026-08-15 23:18:11+00:00
P02816,Urine Test,2026-08-15 23:42:11+00:00
P02816,Doctor Consultation,2026-08-16 00:11:11+00:00
P02816,Diagnosis,2026-08-16 00:27:11+00:00
P02816,Treatment,2026-08-16 01:20:11+00:00
P02816,Pharmacy,2026-08-16 01:51:11+00:00
P02816,Billing,2026-08-16 02:18:11+00:00
P02816,Discharge,2026-08-16 02:35:11+00:00
P02818,Patient Arrival,2026-02-06 03:14:31+00:00
P02818,Registration,2026-02-06 03:36:31+00:00
P02818,Waiting,2026-02-06 05:19:31+00:00
P02818,Doctor Consultation,2026-02-06 05:56:31+00:00
P02818,X-Ray,2026-02-06 06:13:31+00:00
P02818,Doctor Consultation,2026-02-06 06:53:31+00:00
P02818,Diagnosis,2026-02-06 07:35:31+00:00
P02818,Treatment,2026-02-06 09:41:31+00:00
P02818,Pharmacy,2026-02-06 10:08:31+00:00
P02818,Billing,2026-02-06 10:57:31+00:00
P02818,Discharge,2026-02-06 11:40:31+00:00
P02819,Patient Arrival,2026-10-25 01:25:52+00:00
P02819,Registration,2026-10-25 01:55:52+00:00
P02819,Waiting,2026-10-25 02:27:52+00:00
P02819,Doctor Consultation,2026-10-25 03:09:52+00:00
P02819,Blood Test,2026-10-25 03:16:52+00:00
P02819,Doctor Consultation,2026-10-25 04:08:52+00:00
P02819,Diagnosis,2026-10-25 04:53:52+00:00
P02819,Treatment,2026-10-25 07:04:52+00:00
P02819,Pharmacy,2026-10-25 07:33:52+00:00
P02819,Billing,2026-10-25 07:54:52+00:00
P02819,Discharge,2026-10-25 08:23:52+00:00
P02822,Patient Arrival,2026-04-01 23:12:55+00:00
P02822,Registration,2026-04-01 23:50:55+00:00
P02822,Waiting,2026-04-02 00:36:55+00:00
P02822,Doctor Consultation,2026-04-02 01:10:55+00:00
P02822,Diagnosis,2026-04-02 01:44:55+00:00
P02822,Treatment,2026-04-02 03:40:55+00:00
P02822,Pharmacy,2026-04-02 04:12:55+00:00
P02822,Billing,2026-04-02 04:45:55+00:00
P02822,Discharge,2026-04-02 05:13:55+00:00
P02823,Patient Arrival,2026-08-13 06:32:40+00:00
P02823,Registration,2026-08-13 07:05:40+00:00
P02823,Waiting,2026-08-13 07:45:40+00:00
P02823,Doctor Consultation,2026-08-13 08:39:40+00:00
P02823,Diagnosis,2026-08-13 09:11:40+00:00
P02823,Treatment,2026-08-13 10:33:40+00:00
P02823,Pharmacy,2026-08-13 10:49:40+00:00
P02823,Billing,2026-08-13 11:38:40+00:00
P02823,Discharge,2026-08-13 12:03:40+00:00
P02824,Patient Arrival,2026-07-12 03:33:15+00:00
P02824,Registration,2026-07-12 04:10:15+00:00
P02824,Waiting,2026-07-12 05:39:15+00:00
P02824,Doctor Consultation,2026-07-12 06:03:15+00:00
P02824,Diagnosis,2026-07-12 06:42:15+00:00
P02824,Ward Transfer,2026-07-12 07:05:15+00:00
P02824,Treatment,2026-07-12 07:50:15+00:00
P02824,Pharmacy,2026-07-12 08:25:15+00:00
P02824,Billing,2026-07-12 08:55:15+00:00
P02824,Discharge,2026-07-12 09:30:15+00:00
P02827,Patient Arrival,2026-02-27 11:54:39+00:00
P02827,Registration,2026-02-27 12:39:39+00:00
P02827,Waiting,2026-02-27 13:54:39+00:00
P02827,Doctor Consultation,2026-02-27 14:37:39+00:00
P02827,Urine Test,2026-02-27 15:06:39+00:00
P02827,Doctor Consultation,2026-02-27 15:34:39+00:00
P02827,Diagnosis,2026-02-27 16:00:39+00:00
P02827,Ward Transfer,2026-02-27 16:22:39+00:00
P02827,Treatment,2026-02-27 17:35:39+00:00
P02827,Pharmacy,2026-02-27 18:10:39+00:00
P02827,Billing,2026-02-27 18:44:39+00:00
P02827,Discharge,2026-02-27 19:13:39+00:00
P02828,Patient Arrival,2026-01-31 08:00:12+00:00
P02828,Registration,2026-01-31 08:22:12+00:00
P02828,Waiting,2026-01-31 09:55:12+00:00
P02828,Doctor Consultation,2026-01-31 10:10:12+00:00
P02828,Urine Test,2026-01-31 10:18:12+00:00
P02828,Doctor Consultation,2026-01-31 10:52:12+00:00
P02828,Diagnosis,2026-01-31 11:24:12+00:00
P02828,Ward Transfer,2026-01-31 11:35:12+00:00
P02828,Treatment,2026-01-31 13:39:12+00:00
P02828,Pharmacy,2026-01-31 14:22:12+00:00
P02828,Billing,2026-01-31 14:55:12+00:00
P02828,Discharge,2026-01-31 15:37:12+00:00
P02831,Patient Arrival,2026-10-04 16:59:32+00:00
P02831,Registration,2026-10-04 17:33:32+00:00
P02831,Waiting,2026-10-04 18:38:32+00:00
P02831,Doctor Consultation,2026-10-04 19:16:32+00:00
P02831,Blood Test,2026-10-04 19:39:32+00:00
P02831,Doctor Consultation,2026-10-04 20:11:32+00:00
P02831,Diagnosis,2026-10-04 20:30:32+00:00
P02831,Treatment,2026-10-04 21:41:32+00:00
P02831,Pharmacy,2026-10-04 22:01:32+00:00
P02831,Billing,2026-10-04 22:32:32+00:00
P02831,Discharge,2026-10-04 22:57:32+00:00
P02833,Patient Arrival,2026-10-19 02:35:57+00:00
P02833,Registration,2026-10-19 03:12:57+00:00
P02833,Waiting,2026-10-19 04:51:57+00:00
P02833,Doctor Consultation,2026-10-19 05:05:57+00:00
P02833,ECG,2026-10-19 05:41:57+00:00
P02833,Doctor Consultation,2026-10-19 06:03:57+00:00
P02833,Diagnosis,2026-10-19 06:36:57+00:00
P02833,Treatment,2026-10-19 07:44:57+00:00
P02833,Pharmacy,2026-10-19 08:02:57+00:00
P02833,Billing,2026-10-19 08:45:57+00:00
P02833,Discharge,2026-10-19 09:13:57+00:00
P02834,Patient Arrival,2026-03-16 15:18:30+00:00
P02834,Registration,2026-03-16 15:57:30+00:00
P02834,Waiting,2026-03-16 17:11:30+00:00
P02834,Doctor Consultation,2026-03-16 17:30:30+00:00
P02834,Diagnosis,2026-03-16 17:57:30+00:00
P02834,Ward Transfer,2026-03-16 18:30:30+00:00
P02834,Treatment,2026-03-16 19:37:30+00:00
P02834,Pharmacy,2026-03-16 19:52:30+00:00
P02834,Billing,2026-03-16 20:36:30+00:00
P02834,Discharge,2026-03-16 21:05:30+00:00
P02840,Patient Arrival,2026-06-13 04:41:20+00:00
P02840,Registration,2026-06-13 05:17:20+00:00
P02840,Waiting,2026-06-13 06:40:20+00:00
P02840,Doctor Consultation,2026-06-13 07:10:20+00:00
P02840,Diagnosis,2026-06-13 07:35:20+00:00
P02840,Treatment,2026-06-13 08:51:20+00:00
P02840,Pharmacy,2026-06-13 09:00:20+00:00
P02840,Billing,2026-06-13 09:23:20+00:00
P02840,Discharge,2026-06-13 10:02:20+00:00
P02841,Patient Arrival,2026-08-08 03:17:08+00:00
P02841,Registration,2026-08-08 03:47:08+00:00
P02841,Registration,2026-08-08 03:47:08+00:00
P02841,Waiting,2026-08-08 05:15:08+00:00
P02841,Doctor Consultation,2026-08-08 05:49:08+00:00
P02841,Diagnosis,2026-08-08 06:37:08+00:00
P02841,Ward Transfer,2026-08-08 06:54:08+00:00
P02841,Treatment,2026-08-08 08:10:08+00:00
P02841,Pharmacy,2026-08-08 08:23:08+00:00
P02841,Billing,2026-08-08 09:13:08+00:00
P02841,Discharge,2026-08-08 09:34:08+00:00
P02847,Patient Arrival,2026-08-08 23:02:07+00:00
P02847,Registration,2026-08-08 23:28:07+00:00
P02847,Waiting,2026-08-09 00:33:07+00:00
P02847,Doctor Consultation,2026-08-09 00:55:07+00:00
P02847,Diagnosis,2026-08-09 01:32:07+00:00
P02847,Treatment,2026-08-09 02:20:07+00:00
P02847,Pharmacy,2026-08-09 02:51:07+00:00
P02847,Billing,2026-08-09 03:28:07+00:00
P02847,Discharge,2026-08-09 04:22:07+00:00
P02856,Patient Arrival,2026-05-15 02:19:04+00:00
P02856,Registration,2026-05-15 02:49:04+00:00
P02856,Waiting,2026-05-15 03:54:04+00:00
P02856,Doctor Consultation,2026-05-15 04:36:04+00:00
P02856,Urine Test,2026-05-15 05:17:04+00:00
P02856,Doctor Consultation,2026-05-15 06:00:04+00:00
P02856,Diagnosis,2026-05-15 06:30:04+00:00
P02856,Treatment,2026-05-15 07:57:04+00:00
P02856,Pharmacy,2026-05-15 08:41:04+00:00
P02856,Billing,2026-05-15 08:52:04+00:00
P02856,Discharge,2026-05-15 09:32:04+00:00
P02857,Patient Arrival,2026-09-04 04:25:20+00:00
P02857,Registration,2026-09-04 04:50:20+00:00
P02857,Waiting,2026-09-04 05:48:20+00:00
P02857,Doctor Consultation,2026-09-04 06:24:20+00:00
P02857,Urine Test,2026-09-04 06:53:20+00:00
P02857,Doctor Consultation,2026-09-04 07:27:20+00:00
P02857,Diagnosis,2026-09-04 07:47:20+00:00
P02857,Treatment,2026-09-04 10:03:20+00:00
P02857,Pharmacy,2026-09-04 10:39:20+00:00
P02857,Billing,2026-09-04 11:07:20+00:00
P02857,Discharge,2026-09-04 11:22:20+00:00
P02862,Patient Arrival,2026-12-06 18:26:30+00:00
P02862,Registration,2026-12-06 18:45:30+00:00
P02862,Waiting,2026-12-06 19:42:30+00:00
P02862,Doctor Consultation,2026-12-06 20:06:30+00:00
P02862,Blood Test,2026-12-06 20:53:30+00:00
P02862,Doctor Consultation,2026-12-06 21:43:30+00:00
P02862,Diagnosis,2026-12-06 22:21:30+00:00
P02862,Treatment,2026-12-07 00:20:30+00:00
P02862,Pharmacy,2026-12-07 00:43:30+00:00
P02862,Billing,2026-12-07 01:26:30+00:00
P02862,Discharge,2026-12-07 02:07:30+00:00
P02866,Patient Arrival,2026-10-08 00:17:31+00:00
P02866,Registration,2026-10-08 00:32:31+00:00
P02866,Waiting,2026-10-08 01:53:31+00:00
P02866,Doctor Consultation,2026-10-08 02:31:31+00:00
P02866,Diagnosis,2026-10-08 02:48:31+00:00
P02866,Treatment,2026-10-08 04:20:31+00:00
P02866,Pharmacy,2026-10-08 04:38:31+00:00
P02866,Billing,2026-10-08 05:01:31+00:00
P02866,Discharge,2026-10-08 05:30:31+00:00
P02869,Patient Arrival,2026-11-09 00:31:24+00:00
P02869,Registration,2026-11-09 00:57:24+00:00
P02869,Waiting,2026-11-09 01:23:24+00:00
P02869,Doctor Consultation,2026-11-09 01:52:24+00:00
P02869,ECG,2026-11-09 02:10:24+00:00
P02869,Doctor Consultation,2026-11-09 02:43:24+00:00
P02869,Diagnosis,2026-11-09 03:11:24+00:00
P02869,Ward Transfer,2026-11-09 03:26:24+00:00
P02869,Treatment,2026-11-09 04:48:24+00:00
P02869,Pharmacy,2026-11-09 05:28:24+00:00
P02869,Billing,2026-11-09 06:10:24+00:00
P02869,Discharge,2026-11-09 06:42:24+00:00
P02872,Patient Arrival,2026-06-30 16:34:38+00:00
P02872,Registration,2026-06-30 17:04:38+00:00
P02872,Waiting,2026-06-30 18:01:38+00:00
P02872,Doctor Consultation,2026-06-30 18:45:38+00:00
P02872,Blood Test,2026-06-30 18:53:38+00:00
P02872,Doctor Consultation,2026-06-30 19:14:38+00:00
P02872,Diagnosis,2026-06-30 19:28:38+00:00
P02872,Treatment,2026-06-30 21:25:38+00:00
P02872,Pharmacy,2026-06-30 22:16:38+00:00
P02872,Billing,2026-06-30 22:37:38+00:00
P02872,Discharge,2026-06-30 23:18:38+00:00
P02874,Patient Arrival,2026-07-18 15:19:52+00:00
P02874,Registration,2026-07-18 15:47:52+00:00
P02874,Waiting,2026-07-18 16:15:52+00:00
P02874,Doctor Consultation,2026-07-18 16:56:52+00:00
P02874,Urine Test,2026-07-18 17:41:52+00:00
P02874,Doctor Consultation,2026-07-18 18:07:52+00:00
P02874,Diagnosis,2026-07-18 18:37:52+00:00
P02874,Ward Transfer,2026-07-18 19:21:52+00:00
P02874,Treatment,2026-07-18 20:04:52+00:00
P02874,Pharmacy,2026-07-18 20:31:52+00:00
P02874,Billing,2026-07-18 21:05:52+00:00
P02874,Discharge,2026-07-18 21:24:52+00:00
P02875,Patient Arrival,2026-02-20 10:06:05+00:00
P02875,Registration,2026-02-20 10:37:05+00:00
P02875,Waiting,2026-02-20 12:17:05+00:00
P02875,Doctor Consultation,2026-02-20 12:39:05+00:00
P02875,ECG,2026-02-20 13:02:05+00:00
P02875,Doctor Consultation,2026-02-20 13:27:05+00:00
P02875,Diagnosis,2026-02-20 13:54:05+00:00
P02875,Treatment,2026-02-20 15:40:05+00:00
P02875,Pharmacy,2026-02-20 16:03:05+00:00
P02875,Billing,2026-02-20 16:33:05+00:00
P02875,Discharge,2026-02-20 17:20:05+00:00
P02876,Patient Arrival,2026-03-28 13:45:40+00:00
P02876,Registration,2026-03-28 14:20:40+00:00
P02876,Waiting,2026-03-28 15:42:40+00:00
P02876,Doctor Consultation,2026-03-28 16:10:40+00:00
P02876,Diagnosis,2026-03-28 16:53:40+00:00
P02876,Ward Transfer,2026-03-28 17:28:40+00:00
P02876,Treatment,2026-03-28 18:21:40+00:00
P02876,Pharmacy,2026-03-28 18:45:40+00:00
P02876,Billing,2026-03-28 19:29:40+00:00
P02876,Discharge,2026-03-28 20:00:40+00:00
P02877,Patient Arrival,2026-02-15 04:29:13+00:00
P02877,Registration,2026-02-15 04:38:13+00:00
P02877,Waiting,2026-02-15 05:50:13+00:00
P02877,Doctor Consultation,2026-02-15 06:19:13+00:00
P02877,ECG,2026-02-15 06:39:13+00:00
P02877,Doctor Consultation,2026-02-15 06:55:13+00:00
P02877,Diagnosis,2026-02-15 07:26:13+00:00
P02877,Treatment,2026-02-15 08:12:13+00:00
P02877,Pharmacy,2026-02-15 08:49:13+00:00
P02877,Billing,2026-02-15 09:18:13+00:00
P02877,Discharge,2026-02-15 09:49:13+00:00
P02878,Patient Arrival,2026-12-23 18:16:55+00:00
P02878,Registration,2026-12-23 19:05:55+00:00
P02878,Waiting,2026-12-23 20:43:55+00:00
P02878,Doctor Consultation,2026-12-23 21:27:55+00:00
P02878,Diagnosis,2026-12-23 21:49:55+00:00
P02878,Ward Transfer,2026-12-23 22:09:55+00:00
P02878,Treatment,2026-12-23 23:42:55+00:00
P02878,Pharmacy,2026-12-24 00:10:55+00:00
P02878,Billing,2026-12-24 00:17:55+00:00
P02878,Discharge,2026-12-24 00:57:55+00:00
P02879,Patient Arrival,2026-07-11 19:25:10+00:00
P02879,Registration,2026-07-11 19:49:10+00:00
P02879,Waiting,2026-07-11 20:17:10+00:00
P02879,Doctor Consultation,2026-07-11 20:50:10+00:00
P02879,Diagnosis,2026-07-11 21:24:10+00:00
P02879,Treatment,2026-07-11 22:31:10+00:00
P02879,Pharmacy,2026-07-11 23:00:10+00:00
P02879,Billing,2026-07-11 23:25:10+00:00
P02879,Discharge,2026-07-11 23:53:10+00:00
P02882,Patient Arrival,2026-04-04 19:19:12+00:00
P02882,Patient Arrival,2026-04-04 19:19:12+00:00
P02882,Registration,2026-04-04 19:52:12+00:00
P02882,Waiting,2026-04-04 21:14:12+00:00
P02882,Doctor Consultation,2026-04-04 21:47:12+00:00
P02882,ECG,2026-04-04 22:11:12+00:00
P02882,Doctor Consultation,2026-04-04 22:44:12+00:00
P02882,Diagnosis,2026-04-04 23:11:12+00:00
P02882,Treatment,2026-04-05 00:40:12+00:00
P02882,Pharmacy,2026-04-05 01:14:12+00:00
P02882,Billing,2026-04-05 01:40:12+00:00
P02882,Discharge,2026-04-05 02:14:12+00:00
P02883,Patient Arrival,2026-12-27 03:41:44+00:00
P02883,Registration,2026-12-27 04:12:44+00:00
P02883,Waiting,2026-12-27 05:42:44+00:00
P02883,Doctor Consultation,2026-12-27 06:26:44+00:00
P02883,Diagnosis,2026-12-27 06:42:44+00:00
P02883,Treatment,2026-12-27 08:18:44+00:00
P02883,Pharmacy,2026-12-27 09:11:44+00:00
P02883,Billing,2026-12-27 09:43:44+00:00
P02883,Discharge,2026-12-27 10:15:44+00:00
P02887,Patient Arrival,2026-06-26 19:41:40+00:00
P02887,Registration,2026-06-26 20:04:40+00:00
P02887,Waiting,2026-06-26 21:00:40+00:00
P02887,Doctor Consultation,2026-06-26 21:20:40+00:00
P02887,Diagnosis,2026-06-26 22:03:40+00:00
P02887,Treatment,2026-06-26 23:51:40+00:00
P02887,Pharmacy,2026-06-27 00:30:40+00:00
P02887,Billing,2026-06-27 01:10:40+00:00
P02887,Discharge,2026-06-27 01:30:40+00:00
P02888,Patient Arrival,2026-05-08 14:21:56+00:00
P02888,Registration,2026-05-08 14:55:56+00:00
P02888,Waiting,2026-05-08 15:49:56+00:00
P02888,Waiting,2026-05-08 15:49:56+00:00
P02888,Doctor Consultation,2026-05-08 16:30:56+00:00
P02888,Urine Test,2026-05-08 16:43:56+00:00
P02888,Doctor Consultation,2026-05-08 17:26:56+00:00
P02888,Diagnosis,2026-05-08 17:48:56+00:00
P02888,Ward Transfer,2026-05-08 18:12:56+00:00
P02888,Treatment,2026-05-08 20:09:56+00:00
P02888,Pharmacy,2026-05-08 20:46:56+00:00
P02888,Billing,2026-05-08 21:24:56+00:00
P02888,Discharge,2026-05-08 21:54:56+00:00
P02892,Patient Arrival,2026-06-02 17:13:38+00:00
P02892,Registration,2026-06-02 17:23:38+00:00
P02892,Waiting,2026-06-02 18:48:38+00:00
P02892,Doctor Consultation,2026-06-02 19:16:38+00:00
P02892,Diagnosis,2026-06-02 19:35:38+00:00
P02892,Treatment,2026-06-02 20:56:38+00:00
P02892,Pharmacy,2026-06-02 21:17:38+00:00
P02892,Billing,2026-06-02 22:01:38+00:00
P02892,Discharge,2026-06-02 22:21:38+00:00
P02895,Patient Arrival,2026-02-19 08:35:13+00:00
P02895,Registration,2026-02-19 08:55:13+00:00
P02895,Waiting,2026-02-19 10:34:13+00:00
P02895,Doctor Consultation,2026-02-19 11:08:13+00:00
P02895,Diagnosis,2026-02-19 11:32:13+00:00
P02895,Ward Transfer,2026-02-19 12:13:13+00:00
P02895,Treatment,2026-02-19 13:07:13+00:00
P02895,Pharmacy,2026-02-19 13:27:13+00:00
P02895,Billing,2026-02-19 13:56:13+00:00
P02895,Discharge,2026-02-19 14:38:13+00:00
P02899,Patient Arrival,2026-10-07 04:01:03+00:00
P02899,Registration,2026-10-07 04:47:03+00:00
P02899,Waiting,2026-10-07 05:49:03+00:00
P02899,Doctor Consultation,2026-10-07 06:09:03+00:00
P02899,Blood Test,2026-10-07 06:49:03+00:00
P02899,Doctor Consultation,2026-10-07 07:33:03+00:00
P02899,Diagnosis,2026-10-07 08:20:03+00:00
P02899,Treatment,2026-10-07 09:48:03+00:00
P02899,Pharmacy,2026-10-07 09:59:03+00:00
P02899,Billing,2026-10-07 10:31:03+00:00
P02899,Discharge,2026-10-07 10:54:03+00:00
P02900,Patient Arrival,2026-10-10 17:13:29+00:00
P02900,Registration,2026-10-10 17:43:29+00:00
P02900,Waiting,2026-10-10 19:25:29+00:00
P02900,Doctor Consultation,2026-10-10 19:54:29+00:00
P02900,Diagnosis,2026-10-10 20:44:29+00:00
P02900,Treatment,2026-10-10 23:03:29+00:00
P02900,Pharmacy,2026-10-10 23:36:29+00:00
P02900,Billing,2026-10-11 00:13:29+00:00
P02900,Discharge,2026-10-11 00:31:29+00:00
P02901,Patient Arrival,2026-03-26 16:46:21+00:00
P02901,Registration,2026-03-26 17:28:21+00:00
P02901,Waiting,2026-03-26 18:21:21+00:00
P02901,Doctor Consultation,2026-03-26 18:50:21+00:00
P02901,Diagnosis,2026-03-26 19:34:21+00:00
P02901,Treatment,2026-03-26 21:20:21+00:00
P02901,Pharmacy,2026-03-26 21:55:21+00:00
P02901,Billing,2026-03-26 22:27:21+00:00
P02901,Discharge,2026-03-26 22:56:21+00:00
P02904,Patient Arrival,2026-07-14 03:23:52+00:00
P02904,Registration,2026-07-14 04:00:52+00:00
P02904,Waiting,2026-07-14 05:56:52+00:00
P02904,Doctor Consultation,2026-07-14 06:18:52+00:00
P02904,Diagnosis,2026-07-14 06:50:52+00:00
P02904,Treatment,2026-07-14 08:21:52+00:00
P02904,Pharmacy,2026-07-14 08:54:52+00:00
P02904,Billing,2026-07-14 09:25:52+00:00
P02904,Discharge,2026-07-14 10:02:52+00:00
P02905,Patient Arrival,2026-10-23 09:01:53+00:00
P02905,Registration,2026-10-23 09:22:53+00:00
P02905,Waiting,2026-10-23 10:18:53+00:00
P02905,Doctor Consultation,2026-10-23 10:35:53+00:00
P02905,Urine Test,2026-10-23 10:59:53+00:00
P02905,Doctor Consultation,2026-10-23 11:26:53+00:00
P02905,Diagnosis,2026-10-23 12:10:53+00:00
P02905,Treatment,2026-10-23 13:46:53+00:00
P02905,Pharmacy,2026-10-23 14:19:53+00:00
P02905,Billing,2026-10-23 14:39:53+00:00
P02905,Discharge,2026-10-23 15:22:53+00:00
P02906,Patient Arrival,2026-07-05 12:43:20+00:00
P02906,Registration,2026-07-05 13:23:20+00:00
P02906,Waiting,2026-07-05 13:57:20+00:00
P02906,Doctor Consultation,2026-07-05 14:39:20+00:00
P02906,ECG,2026-07-05 15:14:20+00:00
P02906,Doctor Consultation,2026-07-05 15:54:20+00:00
P02906,Diagnosis,2026-07-05 16:23:20+00:00
P02906,Diagnosis,2026-07-05 16:23:20+00:00
P02906,Treatment,2026-07-05 18:26:20+00:00
P02906,Pharmacy,2026-07-05 18:43:20+00:00
P02906,Billing,2026-07-05 19:19:20+00:00
P02906,Discharge,2026-07-05 20:02:20+00:00
P02907,Patient Arrival,2026-02-14 13:56:44+00:00
P02907,Registration,2026-02-14 14:39:44+00:00
P02907,Waiting,2026-02-14 15:24:44+00:00
P02907,Doctor Consultation,2026-02-14 15:42:44+00:00
P02907,ECG,2026-02-14 16:17:44+00:00
P02907,Doctor Consultation,2026-02-14 16:49:44+00:00
P02907,Diagnosis,2026-02-14 17:11:44+00:00
P02907,Treatment,2026-02-14 18:05:44+00:00
P02907,Pharmacy,2026-02-14 18:45:44+00:00
P02907,Billing,2026-02-14 19:23:44+00:00
P02907,Discharge,2026-02-14 20:09:44+00:00
P02909,Patient Arrival,2026-02-23 23:26:27+00:00
P02909,Registration,2026-02-24 00:00:27+00:00
P02909,Waiting,2026-02-24 01:37:27+00:00
P02909,Doctor Consultation,2026-02-24 02:05:27+00:00
P02909,Diagnosis,2026-02-24 02:31:27+00:00
P02909,Treatment,2026-02-24 04:49:27+00:00
P02909,Pharmacy,2026-02-24 05:16:27+00:00
P02909,Billing,2026-02-24 05:56:27+00:00
P02909,Discharge,2026-02-24 06:18:27+00:00
P02910,Patient Arrival,2026-02-02 21:27:40+00:00
P02910,Registration,2026-02-02 21:55:40+00:00
P02910,Waiting,2026-02-02 22:58:40+00:00
P02910,Doctor Consultation,2026-02-02 23:21:40+00:00
P02910,Diagnosis,2026-02-03 00:03:40+00:00
P02910,Treatment,2026-02-03 01:50:40+00:00
P02910,Pharmacy,2026-02-03 02:17:40+00:00
P02910,Billing,2026-02-03 02:39:40+00:00
P02910,Discharge,2026-02-03 02:58:40+00:00
P02911,Patient Arrival,2026-11-19 18:06:14+00:00
P02911,Registration,2026-11-19 18:35:14+00:00
P02911,Waiting,2026-11-19 19:34:14+00:00
P02911,Doctor Consultation,2026-11-19 19:53:14+00:00
P02911,X-Ray,2026-11-19 20:33:14+00:00
P02911,Doctor Consultation,2026-11-19 21:00:14+00:00
P02911,Diagnosis,2026-11-19 21:13:14+00:00
P02911,Treatment,2026-11-19 22:07:14+00:00
P02911,Treatment,2026-11-19 22:07:14+00:00
P02911,Pharmacy,2026-11-19 22:55:14+00:00
P02911,Billing,2026-11-19 23:17:14+00:00
P02911,Discharge,2026-11-19 23:43:14+00:00
P02913,Patient Arrival,2026-02-19 14:11:15+00:00
P02913,Registration,2026-02-19 14:39:15+00:00
P02913,Waiting,2026-02-19 16:15:15+00:00
P02913,Doctor Consultation,2026-02-19 16:42:15+00:00
P02913,Diagnosis,2026-02-19 17:13:15+00:00
P02913,Ward Transfer,2026-02-19 17:32:15+00:00
P02913,Treatment,2026-02-19 18:18:15+00:00
P02913,Pharmacy,2026-02-19 18:28:15+00:00
P02913,Billing,2026-02-19 18:54:15+00:00
P02913,Billing,2026-02-19 18:54:15+00:00
P02913,Discharge,2026-02-19 19:26:15+00:00
P02915,Patient Arrival,2026-01-13 03:27:55+00:00
P02915,Registration,2026-01-13 04:06:55+00:00
P02915,Waiting,2026-01-13 05:21:55+00:00
P02915,Doctor Consultation,2026-01-13 05:51:55+00:00
P02915,Diagnosis,2026-01-13 06:16:55+00:00
P02915,Treatment,2026-01-13 07:20:55+00:00
P02915,Pharmacy,2026-01-13 07:54:55+00:00
P02915,Billing,2026-01-13 08:36:55+00:00
P02915,Discharge,2026-01-13 09:09:55+00:00
P02916,Patient Arrival,2026-12-07 21:05:43+00:00
P02916,Registration,2026-12-07 21:40:43+00:00
P02916,Waiting,2026-12-07 23:22:43+00:00
P02916,Doctor Consultation,2026-12-08 00:08:43+00:00
P02916,Blood Test,2026-12-08 00:35:43+00:00
P02916,Doctor Consultation,2026-12-08 01:21:43+00:00
P02916,Diagnosis,2026-12-08 01:46:43+00:00
P02916,Treatment,2026-12-08 03:00:43+00:00
P02916,Pharmacy,2026-12-08 03:11:43+00:00
P02916,Billing,2026-12-08 03:51:43+00:00
P02916,Discharge,2026-12-08 04:36:43+00:00
P02919,Patient Arrival,2026-05-24 02:52:22+00:00
P02919,Registration,2026-05-24 03:18:22+00:00
P02919,Waiting,2026-05-24 04:49:22+00:00
P02919,Doctor Consultation,2026-05-24 05:32:22+00:00
P02919,Diagnosis,2026-05-24 05:50:22+00:00
P02919,Ward Transfer,2026-05-24 06:11:22+00:00
P02919,Treatment,2026-05-24 07:31:22+00:00
P02919,Pharmacy,2026-05-24 08:14:22+00:00
P02919,Billing,2026-05-24 08:43:22+00:00
P02919,Discharge,2026-05-24 09:12:22+00:00
P02921,Patient Arrival,2026-10-19 21:31:24+00:00
P02921,Registration,2026-10-19 21:57:24+00:00
P02921,Waiting,2026-10-19 23:43:24+00:00
P02921,Doctor Consultation,2026-10-20 00:25:24+00:00
P02921,Diagnosis,2026-10-20 01:07:24+00:00
P02921,Ward Transfer,2026-10-20 01:37:24+00:00
P02921,Treatment,2026-10-20 03:38:24+00:00
P02921,Pharmacy,2026-10-20 04:07:24+00:00
P02921,Billing,2026-10-20 04:51:24+00:00
P02921,Discharge,2026-10-20 05:28:24+00:00
P02921,Discharge,2026-10-20 05:28:24+00:00
P02923,Patient Arrival,2026-09-13 09:48:24+00:00
P02923,Registration,2026-09-13 10:17:24+00:00
P02923,Registration,2026-09-13 10:17:24+00:00
P02923,Waiting,2026-09-13 11:15:24+00:00
P02923,Doctor Consultation,2026-09-13 11:30:24+00:00
P02923,Blood Test,2026-09-13 11:57:24+00:00
P02923,Doctor Consultation,2026-09-13 12:13:24+00:00
P02923,Diagnosis,2026-09-13 12:40:24+00:00
P02923,Treatment,2026-09-13 14:08:24+00:00
P02923,Pharmacy,2026-09-13 14:38:24+00:00
P02923,Billing,2026-09-13 15:07:24+00:00
P02923,Discharge,2026-09-13 15:36:24+00:00
P02924,Patient Arrival,2026-12-30 10:11:07+00:00
P02924,Registration,2026-12-30 10:34:07+00:00
P02924,Waiting,2026-12-30 12:06:07+00:00
P02924,Doctor Consultation,2026-12-30 12:39:07+00:00
P02924,ECG,2026-12-30 13:20:07+00:00
P02924,ECG,2026-12-30 13:20:07+00:00
P02924,Doctor Consultation,2026-12-30 13:37:07+00:00
P02924,Blood Test,2026-12-30 14:15:07+00:00
P02924,Doctor Consultation,2026-12-30 14:42:07+00:00
P02924,Diagnosis,2026-12-30 15:21:07+00:00
P02924,Treatment,2026-12-30 17:21:07+00:00
P02924,Pharmacy,2026-12-30 18:03:07+00:00
P02924,Billing,2026-12-30 18:36:07+00:00
P02924,Discharge,2026-12-30 19:28:07+00:00
P02926,Patient Arrival,2026-03-31 18:01:00+00:00
P02926,Registration,2026-03-31 18:28:00+00:00
P02926,Waiting,2026-03-31 19:56:00+00:00
P02926,Doctor Consultation,2026-03-31 20:25:00+00:00
P02926,ECG,2026-03-31 20:46:00+00:00
P02926,Doctor Consultation,2026-03-31 21:17:00+00:00
P02926,Diagnosis,2026-03-31 22:00:00+00:00
P02926,Ward Transfer,2026-03-31 22:36:00+00:00
P02926,Treatment,2026-04-01 00:33:00+00:00
P02926,Pharmacy,2026-04-01 01:03:00+00:00
P02926,Billing,2026-04-01 01:40:00+00:00
P02926,Discharge,2026-04-01 02:20:00+00:00
P02928,Patient Arrival,2026-06-03 15:13:26+00:00
P02928,Registration,2026-06-03 15:39:26+00:00
P02928,Waiting,2026-06-03 17:02:26+00:00
P02928,Doctor Consultation,2026-06-03 17:19:26+00:00
P02928,ECG,2026-06-03 17:45:26+00:00
P02928,Doctor Consultation,2026-06-03 18:17:26+00:00
P02928,Diagnosis,2026-06-03 18:38:26+00:00
P02928,Treatment,2026-06-03 20:06:26+00:00
P02928,Pharmacy,2026-06-03 20:21:26+00:00
P02928,Billing,2026-06-03 20:46:26+00:00
P02928,Discharge,2026-06-03 21:34:26+00:00
P02929,Patient Arrival,2026-11-01 17:59:46+00:00
P02929,Registration,2026-11-01 18:18:46+00:00
P02929,Waiting,2026-11-01 18:53:46+00:00
P02929,Doctor Consultation,2026-11-01 19:32:46+00:00
P02929,Urine Test,2026-11-01 19:59:46+00:00
P02929,Doctor Consultation,2026-11-01 20:31:46+00:00
P02929,Diagnosis,2026-11-01 21:00:46+00:00
P02929,Treatment,2026-11-01 23:01:46+00:00
P02929,Pharmacy,2026-11-01 23:35:46+00:00
P02929,Billing,2026-11-02 00:19:46+00:00
P02929,Discharge,2026-11-02 00:57:46+00:00
P02930,Patient Arrival,2026-11-23 23:03:44+00:00
P02930,Registration,2026-11-23 23:50:44+00:00
P02930,Waiting,2026-11-24 00:54:44+00:00
P02930,Doctor Consultation,2026-11-24 01:06:44+00:00
P02930,Blood Test,2026-11-24 01:54:44+00:00
P02930,Doctor Consultation,2026-11-24 02:36:44+00:00
P02930,Diagnosis,2026-11-24 03:25:44+00:00
P02930,Ward Transfer,2026-11-24 04:06:44+00:00
P02930,Treatment,2026-11-24 04:58:44+00:00
P02930,Pharmacy,2026-11-24 05:17:44+00:00
P02930,Billing,2026-11-24 05:36:44+00:00
P02930,Discharge,2026-11-24 05:56:44+00:00
P02931,Patient Arrival,2026-12-05 02:28:06+00:00
P02931,Registration,2026-12-05 02:47:06+00:00
P02931,Waiting,2026-12-05 04:41:06+00:00
P02931,Doctor Consultation,2026-12-05 05:21:06+00:00
P02931,Diagnosis,2026-12-05 05:47:06+00:00
P02931,Treatment,2026-12-05 08:05:06+00:00
P02931,Pharmacy,2026-12-05 08:52:06+00:00
P02931,Billing,2026-12-05 09:35:06+00:00
P02931,Discharge,2026-12-05 09:55:06+00:00
P02935,Patient Arrival,2026-10-24 21:33:48+00:00
P02935,Registration,2026-10-24 22:00:48+00:00
P02935,Waiting,2026-10-24 23:31:48+00:00
P02935,Doctor Consultation,2026-10-25 00:06:48+00:00
P02935,Diagnosis,2026-10-25 00:47:48+00:00
P02935,Treatment,2026-10-25 02:42:48+00:00
P02935,Pharmacy,2026-10-25 03:29:48+00:00
P02935,Billing,2026-10-25 03:43:48+00:00
P02935,Discharge,2026-10-25 04:28:48+00:00
P02939,Patient Arrival,2026-09-25 04:43:10+00:00
P02939,Registration,2026-09-25 05:05:10+00:00
P02939,Waiting,2026-09-25 06:18:10+00:00
P02939,Doctor Consultation,2026-09-25 07:06:10+00:00
P02939,Diagnosis,2026-09-25 07:29:10+00:00
P02939,Treatment,2026-09-25 08:38:10+00:00
P02939,Pharmacy,2026-09-25 09:15:10+00:00
P02939,Billing,2026-09-25 09:41:10+00:00
P02939,Discharge,2026-09-25 10:06:10+00:00
P02940,Patient Arrival,2026-05-01 20:36:08+00:00
P02940,Registration,2026-05-01 21:22:08+00:00
P02940,Waiting,2026-05-01 22:38:08+00:00
P02940,Doctor Consultation,2026-05-01 23:15:08+00:00
P02940,Diagnosis,2026-05-01 23:37:08+00:00
P02940,Treatment,2026-05-02 01:11:08+00:00
P02940,Pharmacy,2026-05-02 01:51:08+00:00
P02940,Billing,2026-05-02 02:28:08+00:00
P02940,Discharge,2026-05-02 03:12:08+00:00
P02942,Patient Arrival,2026-12-12 10:22:25+00:00
P02942,Registration,2026-12-12 10:55:25+00:00
P02942,Waiting,2026-12-12 12:06:25+00:00
P02942,Doctor Consultation,2026-12-12 12:43:25+00:00
P02942,Diagnosis,2026-12-12 13:31:25+00:00
P02942,Treatment,2026-12-12 15:17:25+00:00
P02942,Pharmacy,2026-12-12 15:48:25+00:00
P02942,Billing,2026-12-12 16:11:25+00:00
P02942,Discharge,2026-12-12 16:58:25+00:00
P02943,Patient Arrival,2026-09-30 20:57:02+00:00
P02943,Registration,2026-09-30 21:21:02+00:00
P02943,Waiting,2026-09-30 22:37:02+00:00
P02943,Doctor Consultation,2026-09-30 23:02:02+00:00
P02943,Diagnosis,2026-09-30 23:31:02+00:00
P02943,Ward Transfer,2026-09-30 23:56:02+00:00
P02943,Treatment,2026-10-01 00:47:02+00:00
P02943,Pharmacy,2026-10-01 01:20:02+00:00
P02943,Billing,2026-10-01 01:58:02+00:00
P02943,Discharge,2026-10-01 02:13:02+00:00
P02946,Patient Arrival,2026-04-10 14:59:36+00:00
P02946,Registration,2026-04-10 15:25:36+00:00
P02946,Waiting,2026-04-10 16:04:36+00:00
P02946,Doctor Consultation,2026-04-10 16:43:36+00:00
P02946,Diagnosis,2026-04-10 17:30:36+00:00
P02946,Ward Transfer,2026-04-10 18:06:36+00:00
P02946,Treatment,2026-04-10 18:56:36+00:00
P02946,Pharmacy,2026-04-10 19:44:36+00:00
P02946,Billing,2026-04-10 20:10:36+00:00
P02946,Discharge,2026-04-10 20:49:36+00:00
P02947,Patient Arrival,2026-05-22 23:51:45+00:00
P02947,Registration,2026-05-23 00:31:45+00:00
P02947,Waiting,2026-05-23 01:09:45+00:00
P02947,Doctor Consultation,2026-05-23 01:34:45+00:00
P02947,X-Ray,2026-05-23 02:19:45+00:00
P02947,Doctor Consultation,2026-05-23 03:11:45+00:00
P02947,Diagnosis,2026-05-23 04:03:45+00:00
P02947,Ward Transfer,2026-05-23 04:19:45+00:00
P02947,Treatment,2026-05-23 05:34:45+00:00
P02947,Pharmacy,2026-05-23 05:59:45+00:00
P02947,Billing,2026-05-23 06:26:45+00:00
P02947,Discharge,2026-05-23 06:56:45+00:00
P02951,Patient Arrival,2026-11-12 08:28:38+00:00
P02951,Registration,2026-11-12 08:57:38+00:00
P02951,Waiting,2026-11-12 10:27:38+00:00
P02951,Doctor Consultation,2026-11-12 10:57:38+00:00
P02951,Blood Test,2026-11-12 11:18:38+00:00
P02951,Doctor Consultation,2026-11-12 11:48:38+00:00
P02951,Diagnosis,2026-11-12 12:12:38+00:00
P02951,Ward Transfer,2026-11-12 12:30:38+00:00
P02951,Treatment,2026-11-12 13:28:38+00:00
P02951,Pharmacy,2026-11-12 13:51:38+00:00
P02951,Billing,2026-11-12 14:20:38+00:00
P02951,Discharge,2026-11-12 14:59:38+00:00
P02956,Patient Arrival,2026-10-31 08:38:47+00:00
P02956,Registration,2026-10-31 09:20:47+00:00
P02956,Waiting,2026-10-31 10:11:47+00:00
P02956,Doctor Consultation,2026-10-31 10:31:47+00:00
P02956,Diagnosis,2026-10-31 10:56:47+00:00
P02956,Treatment,2026-10-31 12:46:47+00:00
P02956,Pharmacy,2026-10-31 13:15:47+00:00
P02956,Billing,2026-10-31 13:29:47+00:00
P02956,Discharge,2026-10-31 14:00:47+00:00
P02957,Patient Arrival,2026-04-19 13:30:53+00:00
P02957,Registration,2026-04-19 13:45:53+00:00
P02957,Waiting,2026-04-19 15:17:53+00:00
P02957,Doctor Consultation,2026-04-19 15:42:53+00:00
P02957,Blood Test,2026-04-19 16:22:53+00:00
P02957,Doctor Consultation,2026-04-19 16:58:53+00:00
P02957,Diagnosis,2026-04-19 17:24:53+00:00
P02957,Treatment,2026-04-19 18:17:53+00:00
P02957,Pharmacy,2026-04-19 18:47:53+00:00
P02957,Billing,2026-04-19 19:19:53+00:00
P02957,Discharge,2026-04-19 19:59:53+00:00
P02958,Patient Arrival,2026-09-14 03:44:00+00:00
P02958,Registration,2026-09-14 03:54:00+00:00
P02958,Waiting,2026-09-14 05:43:00+00:00
P02958,Doctor Consultation,2026-09-14 06:03:00+00:00
P02958,X-Ray,2026-09-14 06:27:00+00:00
P02958,Doctor Consultation,2026-09-14 07:06:00+00:00
P02958,Diagnosis,2026-09-14 07:39:00+00:00
P02958,Ward Transfer,2026-09-14 08:03:00+00:00
P02958,Treatment,2026-09-14 09:12:00+00:00
P02958,Pharmacy,2026-09-14 09:46:00+00:00
P02958,Billing,2026-09-14 10:31:00+00:00
P02958,Discharge,2026-09-14 10:48:00+00:00
P02961,Patient Arrival,2026-03-18 00:06:02+00:00
P02961,Registration,2026-03-18 00:31:02+00:00
P02961,Waiting,2026-03-18 02:02:02+00:00
P02961,Doctor Consultation,2026-03-18 02:32:02+00:00
P02961,Diagnosis,2026-03-18 03:00:02+00:00
P02961,Ward Transfer,2026-03-18 03:28:02+00:00
P02961,Treatment,2026-03-18 05:24:02+00:00
P02961,Pharmacy,2026-03-18 05:54:02+00:00
P02961,Billing,2026-03-18 06:40:02+00:00
P02961,Discharge,2026-03-18 07:03:02+00:00
P02963,Patient Arrival,2026-02-04 15:14:20+00:00
P02963,Registration,2026-02-04 15:52:20+00:00
P02963,Waiting,2026-02-04 17:09:20+00:00
P02963,Doctor Consultation,2026-02-04 17:24:20+00:00
P02963,Diagnosis,2026-02-04 18:02:20+00:00
P02963,Ward Transfer,2026-02-04 18:34:20+00:00
P02963,Treatment,2026-02-04 19:45:20+00:00
P02963,Pharmacy,2026-02-04 20:11:20+00:00
P02963,Billing,2026-02-04 20:47:20+00:00
P02963,Discharge,2026-02-04 21:33:20+00:00
P02967,Patient Arrival,2026-08-21 13:06:01+00:00
P02967,Registration,2026-08-21 13:40:01+00:00
P02967,Waiting,2026-08-21 15:10:01+00:00
P02967,Doctor Consultation,2026-08-21 15:49:01+00:00
P02967,Diagnosis,2026-08-21 16:03:01+00:00
P02967,Ward Transfer,2026-08-21 16:29:01+00:00
P02967,Treatment,2026-08-21 17:17:01+00:00
P02967,Pharmacy,2026-08-21 18:06:01+00:00
P02967,Billing,2026-08-21 18:48:01+00:00
P02967,Discharge,2026-08-21 19:27:01+00:00
P02974,Patient Arrival,2026-04-20 00:39:22+00:00
P02974,Registration,2026-04-20 01:10:22+00:00
P02974,Waiting,2026-04-20 01:53:22+00:00
P02974,Doctor Consultation,2026-04-20 02:37:22+00:00
P02974,Urine Test,2026-04-20 03:22:22+00:00
P02974,Doctor Consultation,2026-04-20 03:54:22+00:00
P02974,Diagnosis,2026-04-20 04:35:22+00:00
P02974,Ward Transfer,2026-04-20 05:15:22+00:00
P02974,Ward Transfer,2026-04-20 05:15:22+00:00
P02974,Treatment,2026-04-20 07:24:22+00:00
P02974,Pharmacy,2026-04-20 07:49:22+00:00
P02974,Billing,2026-04-20 08:36:22+00:00
P02974,Discharge,2026-04-20 09:23:22+00:00
P02978,Patient Arrival,2026-07-24 22:05:16+00:00
P02978,Registration,2026-07-24 22:20:16+00:00
P02978,Waiting,2026-07-24 23:06:16+00:00
P02978,Doctor Consultation,2026-07-24 23:28:16+00:00
P02978,ECG,2026-07-24 23:56:16+00:00
P02978,Doctor Consultation,2026-07-25 00:17:16+00:00
P02978,Diagnosis,2026-07-25 01:09:16+00:00
P02978,Ward Transfer,2026-07-25 01:27:16+00:00
P02978,Treatment,2026-07-25 02:15:16+00:00
P02978,Pharmacy,2026-07-25 02:58:16+00:00
P02978,Billing,2026-07-25 03:29:16+00:00
P02978,Discharge,2026-07-25 04:07:16+00:00
P02981,Patient Arrival,2026-09-20 06:26:08+00:00
P02981,Registration,2026-09-20 07:14:08+00:00
P02981,Waiting,2026-09-20 09:02:08+00:00
P02981,Doctor Consultation,2026-09-20 09:27:08+00:00
P02981,X-Ray,2026-09-20 09:58:08+00:00
P02981,Doctor Consultation,2026-09-20 10:22:08+00:00
P02981,Diagnosis,2026-09-20 10:50:08+00:00
P02981,Ward Transfer,2026-09-20 11:25:08+00:00
P02981,Treatment,2026-09-20 12:54:08+00:00
P02981,Pharmacy,2026-09-20 13:39:08+00:00
P02981,Billing,2026-09-20 14:31:08+00:00
P02981,Discharge,2026-09-20 15:16:08+00:00
P02983,Patient Arrival,2026-09-22 18:49:03+00:00
P02983,Registration,2026-09-22 19:12:03+00:00
P02983,Waiting,2026-09-22 20:20:03+00:00
P02983,Doctor Consultation,2026-09-22 20:51:03+00:00
P02983,Blood Test,2026-09-22 21:18:03+00:00
P02983,Doctor Consultation,2026-09-22 21:54:03+00:00
P02983,Diagnosis,2026-09-22 22:31:03+00:00
P02983,Diagnosis,2026-09-22 22:31:03+00:00
P02983,Ward Transfer,2026-09-22 23:00:03+00:00
P02983,Treatment,2026-09-23 00:59:03+00:00
P02983,Pharmacy,2026-09-23 01:37:03+00:00
P02983,Billing,2026-09-23 02:13:03+00:00
P02983,Discharge,2026-09-23 02:28:03+00:00
P02984,Patient Arrival,2026-08-24 04:41:32+00:00
P02984,Registration,2026-08-24 05:15:32+00:00
P02984,Waiting,2026-08-24 06:52:32+00:00
P02984,Doctor Consultation,2026-08-24 07:40:32+00:00
P02984,Diagnosis,2026-08-24 08:07:32+00:00
P02984,Ward Transfer,2026-08-24 08:39:32+00:00
P02984,Treatment,2026-08-24 10:32:32+00:00
P02984,Pharmacy,2026-08-24 10:46:32+00:00
P02984,Billing,2026-08-24 11:13:32+00:00
P02984,Discharge,2026-08-24 11:45:32+00:00
P02988,Patient Arrival,2026-01-10 21:36:13+00:00
P02988,Registration,2026-01-10 21:56:13+00:00
P02988,Waiting,2026-01-10 23:34:13+00:00
P02988,Doctor Consultation,2026-01-11 00:08:13+00:00
P02988,Diagnosis,2026-01-11 00:45:13+00:00
P02988,Treatment,2026-01-11 01:26:13+00:00
P02988,Pharmacy,2026-01-11 01:47:13+00:00
P02988,Billing,2026-01-11 02:12:13+00:00
P02988,Discharge,2026-01-11 02:47:13+00:00
P02995,Patient Arrival,2026-08-03 12:11:23+00:00
P02995,Registration,2026-08-03 12:45:23+00:00
P02995,Waiting,2026-08-03 14:22:23+00:00
P02995,Doctor Consultation,2026-08-03 14:41:23+00:00
P02995,Blood Test,2026-08-03 15:25:23+00:00
P02995,Doctor Consultation,2026-08-03 15:58:23+00:00
P02995,Diagnosis,2026-08-03 16:17:23+00:00
P02995,Treatment,2026-08-03 18:18:23+00:00
P02995,Pharmacy,2026-08-03 18:54:23+00:00
P02995,Billing,2026-08-03 19:14:23+00:00
P02995,Discharge,2026-08-03 19:33:23+00:00
P02996,Patient Arrival,2026-05-17 15:33:03+00:00
P02996,Registration,2026-05-17 15:59:03+00:00
P02996,Waiting,2026-05-17 17:23:03+00:00
P02996,Doctor Consultation,2026-05-17 17:55:03+00:00
P02996,Diagnosis,2026-05-17 18:24:03+00:00
P02996,Ward Transfer,2026-05-17 18:47:03+00:00
P02996,Treatment,2026-05-17 20:37:03+00:00
P02996,Pharmacy,2026-05-17 21:17:03+00:00
P02996,Billing,2026-05-17 21:51:03+00:00
P02996,Discharge,2026-05-17 22:15:03+00:00
P02998,Patient Arrival,2026-07-23 09:46:35+00:00
P02998,Registration,2026-07-23 10:24:35+00:00
P02998,Waiting,2026-07-23 12:09:35+00:00
P02998,Doctor Consultation,2026-07-23 12:55:35+00:00
P02998,Blood Test,2026-07-23 13:19:35+00:00
P02998,Doctor Consultation,2026-07-23 13:51:35+00:00
P02998,Diagnosis,2026-07-23 14:34:35+00:00
P02998,Treatment,2026-07-23 15:35:35+00:00
P02998,Pharmacy,2026-07-23 16:15:35+00:00
P02998,Billing,2026-07-23 16:49:35+00:00
P02998,Discharge,2026-07-23 17:10:35+00:00
P03000,Patient Arrival,2026-01-06 11:21:55+00:00
P03000,Registration,2026-01-06 11:59:55+00:00
P03000,Waiting,2026-01-06 13:47:55+00:00
P03000,Doctor Consultation,2026-01-06 14:17:55+00:00
P03000,Diagnosis,2026-01-06 14:56:55+00:00
P03000,Ward Transfer,2026-01-06 15:05:55+00:00
P03000,Treatment,2026-01-06 16:55:55+00:00
P03000,Pharmacy,2026-01-06 17:40:55+00:00
P03000,Billing,2026-01-06 18:24:55+00:00
P03000,Discharge,2026-01-06 18:45:55+00:00
P03003,Patient Arrival,2026-02-23 05:12:28+00:00
P03003,Registration,2026-02-23 05:42:28+00:00
P03003,Waiting,2026-02-23 07:05:28+00:00
P03003,Doctor Consultation,2026-02-23 07:23:28+00:00
P03003,ECG,2026-02-23 08:17:28+00:00
P03003,Doctor Consultation,2026-02-23 08:55:28+00:00
P03003,Diagnosis,2026-02-23 09:23:28+00:00
P03003,Ward Transfer,2026-02-23 09:54:28+00:00
P03003,Treatment,2026-02-23 10:30:28+00:00
P03003,Pharmacy,2026-02-23 10:51:28+00:00
P03003,Billing,2026-02-23 11:26:28+00:00
P03003,Discharge,2026-02-23 12:13:28+00:00
P03004,Patient Arrival,2026-04-04 06:17:24+00:00
P03004,Registration,2026-04-04 06:44:24+00:00
P03004,Waiting,2026-04-04 08:20:24+00:00
P03004,Doctor Consultation,2026-04-04 08:53:24+00:00
P03004,Blood Test,2026-04-04 09:15:24+00:00
P03004,Doctor Consultation,2026-04-04 09:43:24+00:00
P03004,Diagnosis,2026-04-04 10:21:24+00:00
P03004,Ward Transfer,2026-04-04 11:03:24+00:00
P03004,Treatment,2026-04-04 13:09:24+00:00
P03004,Pharmacy,2026-04-04 13:56:24+00:00
P03004,Billing,2026-04-04 14:19:24+00:00
P03004,Discharge,2026-04-04 14:51:24+00:00
P03005,Patient Arrival,2026-09-07 16:19:58+00:00
P03005,Registration,2026-09-07 17:03:58+00:00
P03005,Waiting,2026-09-07 17:50:58+00:00
P03005,Doctor Consultation,2026-09-07 18:21:58+00:00
P03005,ECG,2026-09-07 19:07:58+00:00
P03005,Doctor Consultation,2026-09-07 19:20:58+00:00
P03005,Diagnosis,2026-09-07 19:56:58+00:00
P03005,Treatment,2026-09-07 21:54:58+00:00
P03005,Pharmacy,2026-09-07 22:39:58+00:00
P03005,Billing,2026-09-07 23:14:58+00:00
P03005,Discharge,2026-09-07 23:36:58+00:00
P03008,Patient Arrival,2026-11-16 20:57:04+00:00
P03008,Registration,2026-11-16 21:32:04+00:00
P03008,Waiting,2026-11-16 23:00:04+00:00
P03008,Doctor Consultation,2026-11-16 23:27:04+00:00
P03008,Urine Test,2026-11-17 00:07:04+00:00
P03008,Doctor Consultation,2026-11-17 00:41:04+00:00
P03008,Diagnosis,2026-11-17 01:10:04+00:00
P03008,Treatment,2026-11-17 02:26:04+00:00
P03008,Pharmacy,2026-11-17 03:06:04+00:00
P03008,Billing,2026-11-17 03:28:04+00:00
P03008,Discharge,2026-11-17 04:00:04+00:00
P03010,Patient Arrival,2026-06-02 10:53:18+00:00
P03010,Registration,2026-06-02 11:24:18+00:00
P03010,Waiting,2026-06-02 12:08:18+00:00
P03010,Doctor Consultation,2026-06-02 12:43:18+00:00
P03010,Urine Test,2026-06-02 13:00:18+00:00
P03010,Doctor Consultation,2026-06-02 13:43:18+00:00
P03010,Diagnosis,2026-06-02 14:34:18+00:00
P03010,Ward Transfer,2026-06-02 15:12:18+00:00
P03010,Treatment,2026-06-02 16:33:18+00:00
P03010,Pharmacy,2026-06-02 17:08:18+00:00
P03010,Billing,2026-06-02 17:39:18+00:00
P03010,Discharge,2026-06-02 18:12:18+00:00
P03017,Patient Arrival,2026-02-23 20:19:29+00:00
P03017,Registration,2026-02-23 21:04:29+00:00
P03017,Waiting,2026-02-23 22:19:29+00:00
P03017,Doctor Consultation,2026-02-23 22:58:29+00:00
P03017,Blood Test,2026-02-23 23:30:29+00:00
P03017,Doctor Consultation,2026-02-24 00:03:29+00:00
P03017,Diagnosis,2026-02-24 00:24:29+00:00
P03017,Ward Transfer,2026-02-24 00:53:29+00:00
P03017,Treatment,2026-02-24 02:53:29+00:00
P03017,Pharmacy,2026-02-24 03:43:29+00:00
P03017,Billing,2026-02-24 04:15:29+00:00
P03017,Discharge,2026-02-24 04:54:29+00:00
P03019,Patient Arrival,2026-08-21 01:04:54+00:00
P03019,Registration,2026-08-21 01:45:54+00:00
P03019,Waiting,2026-08-21 02:28:54+00:00
P03019,Doctor Consultation,2026-08-21 02:57:54+00:00
P03019,Urine Test,2026-08-21 03:18:54+00:00
P03019,Doctor Consultation,2026-08-21 03:50:54+00:00
P03019,Diagnosis,2026-08-21 04:26:54+00:00
P03019,Ward Transfer,2026-08-21 04:57:54+00:00
P03019,Ward Transfer,2026-08-21 04:57:54+00:00
P03019,Treatment,2026-08-21 06:53:54+00:00
P03019,Pharmacy,2026-08-21 07:12:54+00:00
P03019,Billing,2026-08-21 07:42:54+00:00
P03019,Discharge,2026-08-21 08:13:54+00:00
P03022,Patient Arrival,2026-11-10 10:00:24+00:00
P03022,Registration,2026-11-10 10:39:24+00:00
P03022,Waiting,2026-11-10 11:38:24+00:00
P03022,Doctor Consultation,2026-11-10 12:11:24+00:00
P03022,Diagnosis,2026-11-10 12:49:24+00:00
P03022,Ward Transfer,2026-11-10 13:21:24+00:00
P03022,Treatment,2026-11-10 14:15:24+00:00
P03022,Pharmacy,2026-11-10 14:45:24+00:00
P03022,Billing,2026-11-10 15:02:24+00:00
P03022,Discharge,2026-11-10 15:44:24+00:00
P03023,Patient Arrival,2026-05-17 07:54:37+00:00
P03023,Registration,2026-05-17 08:26:37+00:00
P03023,Waiting,2026-05-17 09:31:37+00:00
P03023,Doctor Consultation,2026-05-17 09:48:37+00:00
P03023,Diagnosis,2026-05-17 10:02:37+00:00
P03023,Treatment,2026-05-17 11:24:37+00:00
P03023,Treatment,2026-05-17 11:24:37+00:00
P03023,Pharmacy,2026-05-17 11:43:37+00:00
P03023,Billing,2026-05-17 12:33:37+00:00
P03023,Discharge,2026-05-17 12:52:37+00:00
P03025,Patient Arrival,2026-05-20 04:22:49+00:00
P03025,Registration,2026-05-20 04:59:49+00:00
P03025,Waiting,2026-05-20 06:22:49+00:00
P03025,Doctor Consultation,2026-05-20 07:08:49+00:00
P03025,Urine Test,2026-05-20 07:39:49+00:00
P03025,Doctor Consultation,2026-05-20 08:18:49+00:00
P03025,Diagnosis,2026-05-20 09:01:49+00:00
P03025,Treatment,2026-05-20 11:04:49+00:00
P03025,Pharmacy,2026-05-20 11:20:49+00:00
P03025,Billing,2026-05-20 12:02:49+00:00
P03025,Discharge,2026-05-20 12:52:49+00:00
P03027,Patient Arrival,2026-09-17 17:07:14+00:00
P03027,Registration,2026-09-17 17:59:14+00:00
P03027,Waiting,2026-09-17 18:39:14+00:00
P03027,Doctor Consultation,2026-09-17 19:02:14+00:00
P03027,Blood Test,2026-09-17 19:38:14+00:00
P03027,Doctor Consultation,2026-09-17 20:21:14+00:00
P03027,Diagnosis,2026-09-17 20:46:14+00:00
P03027,Treatment,2026-09-17 21:42:14+00:00
P03027,Pharmacy,2026-09-17 22:21:14+00:00
P03027,Billing,2026-09-17 22:45:14+00:00
P03027,Discharge,2026-09-17 23:26:14+00:00
P03030,Patient Arrival,2026-04-04 18:17:45+00:00
P03030,Registration,2026-04-04 18:41:45+00:00
P03030,Waiting,2026-04-04 20:30:45+00:00
P03030,Doctor Consultation,2026-04-04 20:59:45+00:00
P03030,Diagnosis,2026-04-04 21:53:45+00:00
P03030,Treatment,2026-04-04 23:00:45+00:00
P03030,Pharmacy,2026-04-04 23:36:45+00:00
P03030,Billing,2026-04-04 23:56:45+00:00
P03030,Discharge,2026-04-05 00:28:45+00:00
P03035,Patient Arrival,2026-03-10 14:02:55+00:00
P03035,Registration,2026-03-10 14:44:55+00:00
P03035,Waiting,2026-03-10 15:32:55+00:00
P03035,Doctor Consultation,2026-03-10 16:01:55+00:00
P03035,Diagnosis,2026-03-10 16:33:55+00:00
P03035,Treatment,2026-03-10 17:24:55+00:00
P03035,Pharmacy,2026-03-10 17:54:55+00:00
P03035,Billing,2026-03-10 18:22:55+00:00
P03035,Discharge,2026-03-10 18:41:55+00:00
P03036,Patient Arrival,2026-07-01 12:48:17+00:00
P03036,Registration,2026-07-01 13:16:17+00:00
P03036,Waiting,2026-07-01 13:59:17+00:00
P03036,Doctor Consultation,2026-07-01 14:38:17+00:00
P03036,Doctor Consultation,2026-07-01 14:38:17+00:00
P03036,X-Ray,2026-07-01 15:32:17+00:00
P03036,Doctor Consultation,2026-07-01 15:42:17+00:00
P03036,Diagnosis,2026-07-01 16:11:17+00:00
P03036,Treatment,2026-07-01 18:00:17+00:00
P03036,Pharmacy,2026-07-01 18:23:17+00:00
P03036,Billing,2026-07-01 18:57:17+00:00
P03036,Discharge,2026-07-01 19:40:17+00:00
P03038,Patient Arrival,2026-12-22 20:22:39+00:00
P03038,Registration,2026-12-22 20:39:39+00:00
P03038,Waiting,2026-12-22 22:04:39+00:00
P03038,Doctor Consultation,2026-12-22 22:35:39+00:00
P03038,X-Ray,2026-12-22 23:05:39+00:00
P03038,Doctor Consultation,2026-12-22 23:35:39+00:00
P03038,Diagnosis,2026-12-23 00:12:39+00:00
P03038,Treatment,2026-12-23 02:01:39+00:00
P03038,Pharmacy,2026-12-23 02:16:39+00:00
P03038,Billing,2026-12-23 02:48:39+00:00
P03038,Discharge,2026-12-23 03:27:39+00:00
P03040,Patient Arrival,2026-06-01 18:01:58+00:00
P03040,Registration,2026-06-01 18:20:58+00:00
P03040,Waiting,2026-06-01 19:55:58+00:00
P03040,Doctor Consultation,2026-06-01 20:48:58+00:00
P03040,Urine Test,2026-06-01 21:04:58+00:00
P03040,Doctor Consultation,2026-06-01 21:22:58+00:00
P03040,Diagnosis,2026-06-01 22:08:58+00:00
P03040,Ward Transfer,2026-06-01 22:45:58+00:00
P03040,Treatment,2026-06-02 00:29:58+00:00
P03040,Pharmacy,2026-06-02 00:56:58+00:00
P03040,Billing,2026-06-02 01:20:58+00:00
P03040,Discharge,2026-06-02 01:52:58+00:00
P03041,Patient Arrival,2026-08-27 22:59:16+00:00
P03041,Registration,2026-08-27 23:35:16+00:00
P03041,Waiting,2026-08-28 01:17:16+00:00
P03041,Doctor Consultation,2026-08-28 01:41:16+00:00
P03041,Diagnosis,2026-08-28 02:25:16+00:00
P03041,Treatment,2026-08-28 03:28:16+00:00
P03041,Pharmacy,2026-08-28 03:59:16+00:00
P03041,Billing,2026-08-28 04:17:16+00:00
P03041,Discharge,2026-08-28 04:56:16+00:00
P03043,Patient Arrival,2026-01-11 19:32:22+00:00
P03043,Registration,2026-01-11 20:18:22+00:00
P03043,Waiting,2026-01-11 21:13:22+00:00
P03043,Doctor Consultation,2026-01-11 21:48:22+00:00
P03043,Blood Test,2026-01-11 22:28:22+00:00
P03043,Blood Test,2026-01-11 22:28:22+00:00
P03043,Doctor Consultation,2026-01-11 23:05:22+00:00
P03043,Diagnosis,2026-01-11 23:36:22+00:00
P03043,Treatment,2026-01-12 01:36:22+00:00
P03043,Pharmacy,2026-01-12 02:29:22+00:00
P03043,Billing,2026-01-12 03:23:22+00:00
P03043,Discharge,2026-01-12 03:37:22+00:00
P03045,Patient Arrival,2026-03-11 07:38:50+00:00
P03045,Registration,2026-03-11 08:22:50+00:00
P03045,Waiting,2026-03-11 09:13:50+00:00
P03045,Doctor Consultation,2026-03-11 09:40:50+00:00
P03045,Diagnosis,2026-03-11 09:59:50+00:00
P03045,Treatment,2026-03-11 12:05:50+00:00
P03045,Pharmacy,2026-03-11 12:43:50+00:00
P03045,Billing,2026-03-11 13:04:50+00:00
P03045,Discharge,2026-03-11 13:34:50+00:00
P03049,Patient Arrival,2026-07-30 17:31:34+00:00
P03049,Registration,2026-07-30 17:56:34+00:00
P03049,Waiting,2026-07-30 18:39:34+00:00
P03049,Doctor Consultation,2026-07-30 19:05:34+00:00
P03049,Diagnosis,2026-07-30 19:47:34+00:00
P03049,Ward Transfer,2026-07-30 20:15:34+00:00
P03049,Treatment,2026-07-30 21:10:34+00:00
P03049,Pharmacy,2026-07-30 21:19:34+00:00
P03049,Billing,2026-07-30 21:45:34+00:00
P03049,Discharge,2026-07-30 22:04:34+00:00
P03053,Patient Arrival,2026-01-04 20:54:11+00:00
P03053,Registration,2026-01-04 21:23:11+00:00
P03053,Waiting,2026-01-04 22:38:11+00:00
P03053,Doctor Consultation,2026-01-04 23:17:11+00:00
P03053,Diagnosis,2026-01-04 23:53:11+00:00
P03053,Ward Transfer,2026-01-05 00:10:11+00:00
P03053,Treatment,2026-01-05 01:16:11+00:00
P03053,Pharmacy,2026-01-05 01:59:11+00:00
P03053,Billing,2026-01-05 02:26:11+00:00
P03053,Discharge,2026-01-05 03:12:11+00:00
P03054,Patient Arrival,2026-08-22 11:18:26+00:00
P03054,Registration,2026-08-22 11:41:26+00:00
P03054,Waiting,2026-08-22 12:59:26+00:00
P03054,Waiting,2026-08-22 12:59:26+00:00
P03054,Doctor Consultation,2026-08-22 13:22:26+00:00
P03054,Diagnosis,2026-08-22 13:53:26+00:00
P03054,Ward Transfer,2026-08-22 14:28:26+00:00
P03054,Treatment,2026-08-22 15:41:26+00:00
P03054,Pharmacy,2026-08-22 16:05:26+00:00
P03054,Billing,2026-08-22 16:35:26+00:00
P03054,Discharge,2026-08-22 16:54:26+00:00
P03055,Patient Arrival,2026-01-10 08:16:53+00:00
P03055,Registration,2026-01-10 08:27:53+00:00
P03055,Waiting,2026-01-10 09:56:53+00:00
P03055,Doctor Consultation,2026-01-10 10:36:53+00:00
P03055,Urine Test,2026-01-10 11:20:53+00:00
P03055,Doctor Consultation,2026-01-10 11:44:53+00:00
P03055,Diagnosis,2026-01-10 12:10:53+00:00
P03055,Treatment,2026-01-10 14:31:53+00:00
P03055,Pharmacy,2026-01-10 15:02:53+00:00
P03055,Billing,2026-01-10 15:44:53+00:00
P03055,Discharge,2026-01-10 16:02:53+00:00
P03056,Patient Arrival,2026-06-27 17:41:14+00:00
P03056,Registration,2026-06-27 18:18:14+00:00
P03056,Waiting,2026-06-27 19:20:14+00:00
P03056,Doctor Consultation,2026-06-27 20:09:14+00:00
P03056,Urine Test,2026-06-27 20:57:14+00:00
P03056,Doctor Consultation,2026-06-27 21:47:14+00:00
P03056,Diagnosis,2026-06-27 22:25:14+00:00
P03056,Treatment,2026-06-28 00:10:14+00:00
P03056,Pharmacy,2026-06-28 00:35:14+00:00
P03056,Billing,2026-06-28 00:55:14+00:00
P03056,Discharge,2026-06-28 01:40:14+00:00
P03058,Patient Arrival,2026-08-16 04:54:13+00:00
P03058,Registration,2026-08-16 05:09:13+00:00
P03058,Waiting,2026-08-16 06:17:13+00:00
P03058,Doctor Consultation,2026-08-16 06:39:13+00:00
P03058,X-Ray,2026-08-16 07:16:13+00:00
P03058,Doctor Consultation,2026-08-16 07:59:13+00:00
P03058,Diagnosis,2026-08-16 08:10:13+00:00
P03058,Treatment,2026-08-16 09:02:13+00:00
P03058,Pharmacy,2026-08-16 09:35:13+00:00
P03058,Billing,2026-08-16 10:15:13+00:00
P03058,Discharge,2026-08-16 10:58:13+00:00
P03061,Patient Arrival,2026-11-26 01:49:15+00:00
P03061,Registration,2026-11-26 02:24:15+00:00
P03061,Waiting,2026-11-26 03:38:15+00:00
P03061,Doctor Consultation,2026-11-26 03:54:15+00:00
P03061,Diagnosis,2026-11-26 04:26:15+00:00
P03061,Treatment,2026-11-26 06:13:15+00:00
P03061,Pharmacy,2026-11-26 06:57:15+00:00
P03061,Billing,2026-11-26 07:46:15+00:00
P03061,Discharge,2026-11-26 08:05:15+00:00
P03067,Patient Arrival,2026-10-14 14:49:28+00:00
P03067,Registration,2026-10-14 15:24:28+00:00
P03067,Waiting,2026-10-14 16:21:28+00:00
P03067,Doctor Consultation,2026-10-14 17:06:28+00:00
P03067,X-Ray,2026-10-14 17:41:28+00:00
P03067,Doctor Consultation,2026-10-14 18:10:28+00:00
P03067,Diagnosis,2026-10-14 18:43:28+00:00
P03067,Treatment,2026-10-14 19:33:28+00:00
P03067,Pharmacy,2026-10-14 20:05:28+00:00
P03067,Billing,2026-10-14 20:32:28+00:00
P03067,Discharge,2026-10-14 21:07:28+00:00
P03067,Discharge,2026-10-14 21:07:28+00:00
P03070,Patient Arrival,2026-10-25 15:35:00+00:00
P03070,Registration,2026-10-25 16:20:00+00:00
P03070,Waiting,2026-10-25 17:31:00+00:00
P03070,Doctor Consultation,2026-10-25 18:07:00+00:00
P03070,Urine Test,2026-10-25 18:30:00+00:00
P03070,Doctor Consultation,2026-10-25 19:01:00+00:00
P03070,Diagnosis,2026-10-25 19:36:00+00:00
P03070,Ward Transfer,2026-10-25 20:07:00+00:00
P03070,Treatment,2026-10-25 20:48:00+00:00
P03070,Pharmacy,2026-10-25 21:03:00+00:00
P03070,Billing,2026-10-25 21:31:00+00:00
P03070,Discharge,2026-10-25 21:58:00+00:00
P03072,Patient Arrival,2026-10-16 20:05:51+00:00
P03072,Registration,2026-10-16 20:25:51+00:00
P03072,Waiting,2026-10-16 21:15:51+00:00
P03072,Doctor Consultation,2026-10-16 21:46:51+00:00
P03072,X-Ray,2026-10-16 22:23:51+00:00
P03072,Doctor Consultation,2026-10-16 23:04:51+00:00
P03072,Diagnosis,2026-10-16 23:51:51+00:00
P03072,Treatment,2026-10-17 00:45:51+00:00
P03072,Pharmacy,2026-10-17 01:19:51+00:00
P03072,Billing,2026-10-17 01:47:51+00:00
P03072,Discharge,2026-10-17 02:05:51+00:00
P03073,Patient Arrival,2026-07-06 16:40:34+00:00
P03073,Registration,2026-07-06 17:15:34+00:00
P03073,Waiting,2026-07-06 18:27:34+00:00
P03073,Doctor Consultation,2026-07-06 18:36:34+00:00
P03073,Diagnosis,2026-07-06 19:21:34+00:00
P03073,Treatment,2026-07-06 20:34:34+00:00
P03073,Pharmacy,2026-07-06 20:58:34+00:00
P03073,Billing,2026-07-06 21:17:34+00:00
P03073,Discharge,2026-07-06 22:02:34+00:00
P03074,Patient Arrival,2026-11-26 16:00:04+00:00
P03074,Registration,2026-11-26 16:47:04+00:00
P03074,Waiting,2026-11-26 17:36:04+00:00
P03074,Doctor Consultation,2026-11-26 18:02:04+00:00
P03074,Diagnosis,2026-11-26 18:32:04+00:00
P03074,Ward Transfer,2026-11-26 19:20:04+00:00
P03074,Treatment,2026-11-26 21:16:04+00:00
P03074,Pharmacy,2026-11-26 21:56:04+00:00
P03074,Billing,2026-11-26 22:32:04+00:00
P03074,Discharge,2026-11-26 23:15:04+00:00
P03076,Patient Arrival,2026-02-22 17:08:51+00:00
P03076,Registration,2026-02-22 17:34:51+00:00
P03076,Waiting,2026-02-22 19:27:51+00:00
P03076,Doctor Consultation,2026-02-22 20:02:51+00:00
P03076,Diagnosis,2026-02-22 20:35:51+00:00
P03076,Treatment,2026-02-22 22:28:51+00:00
P03076,Pharmacy,2026-02-22 23:05:51+00:00
P03076,Billing,2026-02-22 23:45:51+00:00
P03076,Discharge,2026-02-23 00:26:51+00:00
P03078,Patient Arrival,2026-11-29 01:41:37+00:00
P03078,Registration,2026-11-29 02:22:37+00:00
P03078,Waiting,2026-11-29 03:43:37+00:00
P03078,Doctor Consultation,2026-11-29 03:53:37+00:00
P03078,Diagnosis,2026-11-29 04:11:37+00:00
P03078,Treatment,2026-11-29 05:27:37+00:00
P03078,Pharmacy,2026-11-29 05:56:37+00:00
P03078,Billing,2026-11-29 06:41:37+00:00
P03078,Discharge,2026-11-29 07:26:37+00:00
P03079,Patient Arrival,2026-06-29 09:14:57+00:00
P03079,Registration,2026-06-29 09:44:57+00:00
P03079,Waiting,2026-06-29 11:17:57+00:00
P03079,Doctor Consultation,2026-06-29 11:45:57+00:00
P03079,Diagnosis,2026-06-29 12:12:57+00:00
P03079,Treatment,2026-06-29 14:35:57+00:00
P03079,Pharmacy,2026-06-29 14:46:57+00:00
P03079,Billing,2026-06-29 15:21:57+00:00
P03079,Discharge,2026-06-29 16:10:57+00:00
P03081,Patient Arrival,2026-09-26 05:35:23+00:00
P03081,Registration,2026-09-26 05:55:23+00:00
P03081,Waiting,2026-09-26 07:50:23+00:00
P03081,Doctor Consultation,2026-09-26 08:38:23+00:00
P03081,Diagnosis,2026-09-26 09:23:23+00:00
P03081,Treatment,2026-09-26 11:18:23+00:00
P03081,Pharmacy,2026-09-26 11:46:23+00:00
P03081,Billing,2026-09-26 12:24:23+00:00
P03081,Discharge,2026-09-26 13:00:23+00:00
P03084,Patient Arrival,2026-08-27 18:50:04+00:00
P03084,Registration,2026-08-27 19:36:04+00:00
P03084,Waiting,2026-08-27 21:04:04+00:00
P03084,Doctor Consultation,2026-08-27 21:38:04+00:00
P03084,ECG,2026-08-27 22:05:04+00:00
P03084,Doctor Consultation,2026-08-27 22:32:04+00:00
P03084,Diagnosis,2026-08-27 22:56:04+00:00
P03084,Ward Transfer,2026-08-27 23:24:04+00:00
P03084,Treatment,2026-08-28 00:58:04+00:00
P03084,Pharmacy,2026-08-28 01:27:04+00:00
P03084,Billing,2026-08-28 01:42:04+00:00
P03084,Discharge,2026-08-28 01:56:04+00:00
P03085,Patient Arrival,2026-09-19 13:22:13+00:00
P03085,Registration,2026-09-19 13:35:13+00:00
P03085,Waiting,2026-09-19 14:10:13+00:00
P03085,Doctor Consultation,2026-09-19 14:35:13+00:00
P03085,X-Ray,2026-09-19 15:04:13+00:00
P03085,Doctor Consultation,2026-09-19 15:40:13+00:00
P03085,Diagnosis,2026-09-19 16:22:13+00:00
P03085,Ward Transfer,2026-09-19 16:42:13+00:00
P03085,Treatment,2026-09-19 18:31:13+00:00
P03085,Pharmacy,2026-09-19 18:57:13+00:00
P03085,Billing,2026-09-19 19:18:13+00:00
P03085,Discharge,2026-09-19 19:46:13+00:00
P03086,Patient Arrival,2026-11-15 22:19:10+00:00
P03086,Registration,2026-11-15 22:36:10+00:00
P03086,Waiting,2026-11-15 23:18:10+00:00
P03086,Doctor Consultation,2026-11-15 23:44:10+00:00
P03086,Blood Test,2026-11-16 00:18:10+00:00
P03086,Doctor Consultation,2026-11-16 00:41:10+00:00
P03086,Diagnosis,2026-11-16 01:29:10+00:00
P03086,Treatment,2026-11-16 03:05:10+00:00
P03086,Pharmacy,2026-11-16 03:33:10+00:00
P03086,Billing,2026-11-16 03:49:10+00:00
P03086,Discharge,2026-11-16 04:39:10+00:00
P03089,Patient Arrival,2026-12-18 02:54:00+00:00
P03089,Registration,2026-12-18 03:20:00+00:00
P03089,Waiting,2026-12-18 04:26:00+00:00
P03089,Doctor Consultation,2026-12-18 04:47:00+00:00
P03089,Diagnosis,2026-12-18 05:14:00+00:00
P03089,Ward Transfer,2026-12-18 05:30:00+00:00
P03089,Treatment,2026-12-18 06:58:00+00:00
P03089,Pharmacy,2026-12-18 07:44:00+00:00
P03089,Billing,2026-12-18 08:10:00+00:00
P03089,Discharge,2026-12-18 08:38:00+00:00
P03091,Patient Arrival,2026-10-09 06:20:16+00:00
P03091,Registration,2026-10-09 06:49:16+00:00
P03091,Waiting,2026-10-09 08:15:16+00:00
P03091,Doctor Consultation,2026-10-09 09:02:16+00:00
P03091,X-Ray,2026-10-09 09:35:16+00:00
P03091,Doctor Consultation,2026-10-09 09:58:16+00:00
P03091,Diagnosis,2026-10-09 10:44:16+00:00
P03091,Treatment,2026-10-09 12:09:16+00:00
P03091,Pharmacy,2026-10-09 12:28:16+00:00
P03091,Billing,2026-10-09 12:55:16+00:00
P03091,Discharge,2026-10-09 13:22:16+00:00
P03092,Patient Arrival,2026-01-04 17:13:30+00:00
P03092,Registration,2026-01-04 17:26:30+00:00
P03092,Waiting,2026-01-04 19:03:30+00:00
P03092,Doctor Consultation,2026-01-04 19:34:30+00:00
P03092,X-Ray,2026-01-04 19:50:30+00:00
P03092,Doctor Consultation,2026-01-04 20:15:30+00:00
P03092,Diagnosis,2026-01-04 20:42:30+00:00
P03092,Treatment,2026-01-04 22:20:30+00:00
P03092,Pharmacy,2026-01-04 22:47:30+00:00
P03092,Billing,2026-01-04 23:14:30+00:00
P03092,Discharge,2026-01-05 00:06:30+00:00
P03093,Patient Arrival,2026-08-17 09:09:19+00:00
P03093,Registration,2026-08-17 09:39:19+00:00
P03093,Waiting,2026-08-17 10:24:19+00:00
P03093,Doctor Consultation,2026-08-17 10:49:19+00:00
P03093,Urine Test,2026-08-17 11:19:19+00:00
P03093,Doctor Consultation,2026-08-17 11:45:19+00:00
P03093,Diagnosis,2026-08-17 12:25:19+00:00
P03093,Treatment,2026-08-17 13:34:19+00:00
P03093,Pharmacy,2026-08-17 14:12:19+00:00
P03093,Billing,2026-08-17 14:47:19+00:00
P03093,Discharge,2026-08-17 15:10:19+00:00
P03095,Patient Arrival,2026-03-15 10:42:16+00:00
P03095,Registration,2026-03-15 11:00:16+00:00
P03095,Waiting,2026-03-15 12:38:16+00:00
P03095,Doctor Consultation,2026-03-15 13:16:16+00:00
P03095,Urine Test,2026-03-15 13:54:16+00:00
P03095,Doctor Consultation,2026-03-15 14:20:16+00:00
P03095,Diagnosis,2026-03-15 14:53:16+00:00
P03095,Treatment,2026-03-15 17:07:16+00:00
P03095,Pharmacy,2026-03-15 17:52:16+00:00
P03095,Billing,2026-03-15 18:32:16+00:00
P03095,Discharge,2026-03-15 19:05:16+00:00
P03096,Patient Arrival,2026-03-16 23:19:24+00:00
P03096,Registration,2026-03-16 23:59:24+00:00
P03096,Waiting,2026-03-17 01:01:24+00:00
P03096,Doctor Consultation,2026-03-17 01:29:24+00:00
P03096,Blood Test,2026-03-17 01:47:24+00:00
P03096,Doctor Consultation,2026-03-17 02:14:24+00:00
P03096,Diagnosis,2026-03-17 02:29:24+00:00
P03096,Ward Transfer,2026-03-17 03:02:24+00:00
P03096,Treatment,2026-03-17 05:17:24+00:00
P03096,Treatment,2026-03-17 05:17:24+00:00
P03096,Pharmacy,2026-03-17 05:54:24+00:00
P03096,Billing,2026-03-17 06:29:24+00:00
P03096,Discharge,2026-03-17 07:03:24+00:00
P03098,Patient Arrival,2026-08-28 20:50:03+00:00
P03098,Registration,2026-08-28 21:35:03+00:00
P03098,Waiting,2026-08-28 22:18:03+00:00
P03098,Doctor Consultation,2026-08-28 22:50:03+00:00
P03098,ECG,2026-08-28 23:29:03+00:00
P03098,Doctor Consultation,2026-08-28 23:56:03+00:00
P03098,Diagnosis,2026-08-29 00:15:03+00:00
P03098,Ward Transfer,2026-08-29 00:46:03+00:00
P03098,Treatment,2026-08-29 01:44:03+00:00
P03098,Pharmacy,2026-08-29 02:33:03+00:00
P03098,Billing,2026-08-29 03:01:03+00:00
P03098,Discharge,2026-08-29 03:50:03+00:00
P03100,Patient Arrival,2026-04-26 12:13:05+00:00
P03100,Registration,2026-04-26 12:37:05+00:00
P03100,Waiting,2026-04-26 13:24:05+00:00
P03100,Doctor Consultation,2026-04-26 13:56:05+00:00
P03100,Diagnosis,2026-04-26 14:34:05+00:00
P03100,Ward Transfer,2026-04-26 15:08:05+00:00
P03100,Treatment,2026-04-26 15:59:05+00:00
P03100,Pharmacy,2026-04-26 16:29:05+00:00
P03100,Billing,2026-04-26 16:56:05+00:00
P03100,Discharge,2026-04-26 17:37:05+00:00
P03101,Patient Arrival,2026-10-21 03:38:31+00:00
P03101,Registration,2026-10-21 04:15:31+00:00
P03101,Waiting,2026-10-21 05:09:31+00:00
P03101,Doctor Consultation,2026-10-21 05:24:31+00:00
P03101,Blood Test,2026-10-21 05:40:31+00:00
P03101,Doctor Consultation,2026-10-21 06:22:31+00:00
P03101,Diagnosis,2026-10-21 07:06:31+00:00
P03101,Ward Transfer,2026-10-21 07:40:31+00:00
P03101,Treatment,2026-10-21 08:59:31+00:00
P03101,Pharmacy,2026-10-21 09:35:31+00:00
P03101,Billing,2026-10-21 09:54:31+00:00
P03101,Discharge,2026-10-21 10:27:31+00:00
P03104,Patient Arrival,2026-05-02 03:29:34+00:00
P03104,Registration,2026-05-02 04:13:34+00:00
P03104,Waiting,2026-05-02 05:49:34+00:00
P03104,Doctor Consultation,2026-05-02 06:03:34+00:00
P03104,Diagnosis,2026-05-02 06:34:34+00:00
P03104,Ward Transfer,2026-05-02 07:08:34+00:00
P03104,Treatment,2026-05-02 09:00:34+00:00
P03104,Pharmacy,2026-05-02 09:13:34+00:00
P03104,Billing,2026-05-02 09:51:34+00:00
P03104,Discharge,2026-05-02 10:24:34+00:00
P03105,Patient Arrival,2026-01-30 22:06:27+00:00
P03105,Registration,2026-01-30 22:42:27+00:00
P03105,Waiting,2026-01-31 00:21:27+00:00
P03105,Doctor Consultation,2026-01-31 01:05:27+00:00
P03105,Doctor Consultation,2026-01-31 01:05:27+00:00
P03105,Blood Test,2026-01-31 01:39:27+00:00
P03105,Doctor Consultation,2026-01-31 02:26:27+00:00
P03105,Diagnosis,2026-01-31 03:01:27+00:00
P03105,Treatment,2026-01-31 04:43:27+00:00
P03105,Pharmacy,2026-01-31 05:27:27+00:00
P03105,Billing,2026-01-31 06:04:27+00:00
P03105,Discharge,2026-01-31 06:26:27+00:00
P03106,Patient Arrival,2026-08-13 19:19:07+00:00
P03106,Registration,2026-08-13 19:51:07+00:00
P03106,Waiting,2026-08-13 21:31:07+00:00
P03106,Doctor Consultation,2026-08-13 22:00:07+00:00
P03106,X-Ray,2026-08-13 22:35:07+00:00
P03106,Doctor Consultation,2026-08-13 23:10:07+00:00
P03106,Diagnosis,2026-08-13 23:36:07+00:00
P03106,Treatment,2026-08-14 00:50:07+00:00
P03106,Pharmacy,2026-08-14 01:23:07+00:00
P03106,Billing,2026-08-14 01:45:07+00:00
P03106,Discharge,2026-08-14 02:04:07+00:00
P03107,Patient Arrival,2026-09-16 05:26:10+00:00
P03107,Registration,2026-09-16 05:51:10+00:00
P03107,Waiting,2026-09-16 06:57:10+00:00
P03107,Doctor Consultation,2026-09-16 07:31:10+00:00
P03107,Diagnosis,2026-09-16 07:55:10+00:00
P03107,Treatment,2026-09-16 10:03:10+00:00
P03107,Pharmacy,2026-09-16 10:53:10+00:00
P03107,Billing,2026-09-16 11:38:10+00:00
P03107,Discharge,2026-09-16 12:14:10+00:00
P03108,Patient Arrival,2026-02-06 13:31:39+00:00
P03108,Registration,2026-02-06 14:05:39+00:00
P03108,Waiting,2026-02-06 14:44:39+00:00
P03108,Waiting,2026-02-06 14:44:39+00:00
P03108,Doctor Consultation,2026-02-06 15:15:39+00:00
P03108,Diagnosis,2026-02-06 15:53:39+00:00
P03108,Treatment,2026-02-06 17:13:39+00:00
P03108,Pharmacy,2026-02-06 17:51:39+00:00
P03108,Billing,2026-02-06 18:37:39+00:00
P03108,Discharge,2026-02-06 19:09:39+00:00
P03110,Patient Arrival,2026-05-28 08:43:39+00:00
P03110,Registration,2026-05-28 09:26:39+00:00
P03110,Waiting,2026-05-28 11:05:39+00:00
P03110,Doctor Consultation,2026-05-28 11:26:39+00:00
P03110,ECG,2026-05-28 11:58:39+00:00
P03110,Doctor Consultation,2026-05-28 12:28:39+00:00
P03110,Diagnosis,2026-05-28 12:59:39+00:00
P03110,Ward Transfer,2026-05-28 13:36:39+00:00
P03110,Treatment,2026-05-28 15:16:39+00:00
P03110,Pharmacy,2026-05-28 16:02:39+00:00
P03110,Billing,2026-05-28 16:32:39+00:00
P03110,Discharge,2026-05-28 16:53:39+00:00
P03114,Patient Arrival,2026-11-16 06:17:07+00:00
P03114,Registration,2026-11-16 06:39:07+00:00
P03114,Waiting,2026-11-16 07:24:07+00:00
P03114,Doctor Consultation,2026-11-16 07:51:07+00:00
P03114,Diagnosis,2026-11-16 08:43:07+00:00
P03114,Treatment,2026-11-16 10:33:07+00:00
P03114,Treatment,2026-11-16 10:33:07+00:00
P03114,Pharmacy,2026-11-16 10:57:07+00:00
P03114,Billing,2026-11-16 11:23:07+00:00
P03114,Discharge,2026-11-16 11:57:07+00:00
P03117,Patient Arrival,2026-01-18 18:14:51+00:00
P03117,Registration,2026-01-18 18:42:51+00:00
P03117,Waiting,2026-01-18 20:23:51+00:00
P03117,Doctor Consultation,2026-01-18 20:52:51+00:00
P03117,Diagnosis,2026-01-18 21:18:51+00:00
P03117,Treatment,2026-01-18 22:53:51+00:00
P03117,Pharmacy,2026-01-18 23:36:51+00:00
P03117,Billing,2026-01-19 00:05:51+00:00
P03117,Discharge,2026-01-19 00:38:51+00:00
P03119,Patient Arrival,2026-08-26 11:05:52+00:00
P03119,Registration,2026-08-26 11:38:52+00:00
P03119,Waiting,2026-08-26 13:11:52+00:00
P03119,Doctor Consultation,2026-08-26 13:42:52+00:00
P03119,Doctor Consultation,2026-08-26 13:42:52+00:00
P03119,Blood Test,2026-08-26 14:12:52+00:00
P03119,Doctor Consultation,2026-08-26 14:35:52+00:00
P03119,Diagnosis,2026-08-26 15:11:52+00:00
P03119,Diagnosis,2026-08-26 15:11:52+00:00
P03119,Treatment,2026-08-26 16:03:52+00:00
P03119,Pharmacy,2026-08-26 16:52:52+00:00
P03119,Billing,2026-08-26 17:38:52+00:00
P03119,Discharge,2026-08-26 18:02:52+00:00
P03122,Patient Arrival,2026-06-24 08:36:01+00:00
P03122,Registration,2026-06-24 09:20:01+00:00
P03122,Waiting,2026-06-24 10:46:01+00:00
P03122,Doctor Consultation,2026-06-24 11:22:01+00:00
P03122,Diagnosis,2026-06-24 11:52:01+00:00
P03122,Treatment,2026-06-24 13:10:01+00:00
P03122,Pharmacy,2026-06-24 13:36:01+00:00
P03122,Billing,2026-06-24 14:00:01+00:00
P03122,Discharge,2026-06-24 14:21:01+00:00
P03124,Patient Arrival,2026-12-11 18:39:48+00:00
P03124,Registration,2026-12-11 19:11:48+00:00
P03124,Waiting,2026-12-11 20:34:48+00:00
P03124,Doctor Consultation,2026-12-11 20:54:48+00:00
P03124,Blood Test,2026-12-11 21:18:48+00:00
P03124,Doctor Consultation,2026-12-11 21:39:48+00:00
P03124,Diagnosis,2026-12-11 21:52:48+00:00
P03124,Treatment,2026-12-11 23:44:48+00:00
P03124,Pharmacy,2026-12-12 00:30:48+00:00
P03124,Billing,2026-12-12 01:00:48+00:00
P03124,Discharge,2026-12-12 01:29:48+00:00
P03125,Patient Arrival,2026-06-19 06:38:35+00:00
P03125,Registration,2026-06-19 07:13:35+00:00
P03125,Waiting,2026-06-19 08:06:35+00:00
P03125,Doctor Consultation,2026-06-19 08:38:35+00:00
P03125,Blood Test,2026-06-19 08:52:35+00:00
P03125,Doctor Consultation,2026-06-19 09:34:35+00:00
P03125,Diagnosis,2026-06-19 10:25:35+00:00
P03125,Ward Transfer,2026-06-19 11:08:35+00:00
P03125,Treatment,2026-06-19 12:20:35+00:00
P03125,Pharmacy,2026-06-19 12:45:35+00:00
P03125,Billing,2026-06-19 13:05:35+00:00
P03125,Billing,2026-06-19 13:05:35+00:00
P03125,Discharge,2026-06-19 13:48:35+00:00
P03127,Patient Arrival,2026-10-19 09:31:14+00:00
P03127,Registration,2026-10-19 09:54:14+00:00
P03127,Waiting,2026-10-19 11:37:14+00:00
P03127,Doctor Consultation,2026-10-19 12:15:14+00:00
P03127,Diagnosis,2026-10-19 12:56:14+00:00
P03127,Treatment,2026-10-19 15:02:14+00:00
P03127,Pharmacy,2026-10-19 15:43:14+00:00
P03127,Billing,2026-10-19 16:11:14+00:00
P03127,Discharge,2026-10-19 16:37:14+00:00
P03128,Patient Arrival,2026-12-16 16:26:42+00:00
P03128,Registration,2026-12-16 17:03:42+00:00
P03128,Waiting,2026-12-16 17:54:42+00:00
P03128,Doctor Consultation,2026-12-16 18:22:42+00:00
P03128,Diagnosis,2026-12-16 19:02:42+00:00
P03128,Ward Transfer,2026-12-16 19:35:42+00:00
P03128,Treatment,2026-12-16 21:31:42+00:00
P03128,Pharmacy,2026-12-16 22:04:42+00:00
P03128,Billing,2026-12-16 22:30:42+00:00
P03128,Discharge,2026-12-16 22:56:42+00:00
P03131,Patient Arrival,2026-12-04 12:30:11+00:00
P03131,Registration,2026-12-04 13:08:11+00:00
P03131,Registration,2026-12-04 13:08:11+00:00
P03131,Waiting,2026-12-04 14:12:11+00:00
P03131,Doctor Consultation,2026-12-04 14:50:11+00:00
P03131,Diagnosis,2026-12-04 15:25:11+00:00
P03131,Ward Transfer,2026-12-04 16:15:11+00:00
P03131,Treatment,2026-12-04 18:16:11+00:00
P03131,Pharmacy,2026-12-04 19:01:11+00:00
P03131,Billing,2026-12-04 19:41:11+00:00
P03131,Discharge,2026-12-04 20:11:11+00:00
P03132,Patient Arrival,2026-02-01 05:14:49+00:00
P03132,Registration,2026-02-01 05:57:49+00:00
P03132,Waiting,2026-02-01 07:06:49+00:00
P03132,Doctor Consultation,2026-02-01 07:52:49+00:00
P03132,Urine Test,2026-02-01 08:04:49+00:00
P03132,Doctor Consultation,2026-02-01 08:29:49+00:00
P03132,Diagnosis,2026-02-01 08:50:49+00:00
P03132,Ward Transfer,2026-02-01 09:10:49+00:00
P03132,Treatment,2026-02-01 10:33:49+00:00
P03132,Pharmacy,2026-02-01 11:00:49+00:00
P03132,Billing,2026-02-01 11:46:49+00:00
P03132,Discharge,2026-02-01 12:05:49+00:00
P03133,Patient Arrival,2026-01-01 22:43:45+00:00
P03133,Registration,2026-01-01 23:13:45+00:00
P03133,Waiting,2026-01-02 01:06:45+00:00
P03133,Doctor Consultation,2026-01-02 01:37:45+00:00
P03133,Urine Test,2026-01-02 02:24:45+00:00
P03133,Doctor Consultation,2026-01-02 02:39:45+00:00
P03133,Diagnosis,2026-01-02 03:10:45+00:00
P03133,Treatment,2026-01-02 04:19:45+00:00
P03133,Pharmacy,2026-01-02 04:40:45+00:00
P03133,Billing,2026-01-02 05:18:45+00:00
P03133,Discharge,2026-01-02 05:52:45+00:00
P03134,Patient Arrival,2026-05-17 09:17:44+00:00
P03134,Registration,2026-05-17 09:40:44+00:00
P03134,Waiting,2026-05-17 11:15:44+00:00
P03134,Waiting,2026-05-17 11:15:44+00:00
P03134,Doctor Consultation,2026-05-17 11:55:44+00:00
P03134,ECG,2026-05-17 12:37:44+00:00
P03134,Doctor Consultation,2026-05-17 13:27:44+00:00
P03134,Diagnosis,2026-05-17 14:02:44+00:00
P03134,Ward Transfer,2026-05-17 14:30:44+00:00
P03134,Treatment,2026-05-17 16:05:44+00:00
P03134,Pharmacy,2026-05-17 16:26:44+00:00
P03134,Billing,2026-05-17 16:51:44+00:00
P03134,Discharge,2026-05-17 17:15:44+00:00
P03136,Patient Arrival,2026-05-27 23:14:27+00:00
P03136,Registration,2026-05-27 23:41:27+00:00
P03136,Waiting,2026-05-28 00:41:27+00:00
P03136,Doctor Consultation,2026-05-28 01:11:27+00:00
P03136,ECG,2026-05-28 01:28:27+00:00
P03136,Doctor Consultation,2026-05-28 02:00:27+00:00
P03136,Diagnosis,2026-05-28 02:36:27+00:00
P03136,Treatment,2026-05-28 04:00:27+00:00
P03136,Pharmacy,2026-05-28 04:20:27+00:00
P03136,Billing,2026-05-28 04:51:27+00:00
P03136,Discharge,2026-05-28 05:25:27+00:00
P03137,Patient Arrival,2026-06-21 03:28:54+00:00
P03137,Registration,2026-06-21 03:56:54+00:00
P03137,Waiting,2026-06-21 05:17:54+00:00
P03137,Doctor Consultation,2026-06-21 05:51:54+00:00
P03137,ECG,2026-06-21 06:29:54+00:00
P03137,Doctor Consultation,2026-06-21 07:15:54+00:00
P03137,Diagnosis,2026-06-21 07:32:54+00:00
P03137,Diagnosis,2026-06-21 07:32:54+00:00
P03137,Ward Transfer,2026-06-21 08:17:54+00:00
P03137,Treatment,2026-06-21 10:11:54+00:00
P03137,Pharmacy,2026-06-21 10:39:54+00:00
P03137,Billing,2026-06-21 11:22:54+00:00
P03137,Discharge,2026-06-21 11:57:54+00:00
P03139,Patient Arrival,2026-05-02 23:15:43+00:00
P03139,Registration,2026-05-02 23:42:43+00:00
P03139,Waiting,2026-05-03 00:51:43+00:00
P03139,Doctor Consultation,2026-05-03 01:08:43+00:00
P03139,Diagnosis,2026-05-03 01:21:43+00:00
P03139,Treatment,2026-05-03 02:08:43+00:00
P03139,Pharmacy,2026-05-03 02:39:43+00:00
P03139,Billing,2026-05-03 03:03:43+00:00
P03139,Discharge,2026-05-03 03:30:43+00:00
P03145,Patient Arrival,2026-11-27 21:35:51+00:00
P03145,Registration,2026-11-27 22:05:51+00:00
P03145,Waiting,2026-11-27 22:56:51+00:00
P03145,Doctor Consultation,2026-11-27 23:15:51+00:00
P03145,Urine Test,2026-11-27 23:48:51+00:00
P03145,Doctor Consultation,2026-11-28 00:33:51+00:00
P03145,Diagnosis,2026-11-28 01:04:51+00:00
P03145,Treatment,2026-11-28 02:20:51+00:00
P03145,Pharmacy,2026-11-28 02:51:51+00:00
P03145,Billing,2026-11-28 03:26:51+00:00
P03145,Discharge,2026-11-28 03:44:51+00:00
P03146,Patient Arrival,2026-04-24 04:30:01+00:00
P03146,Registration,2026-04-24 05:06:01+00:00
P03146,Waiting,2026-04-24 05:52:01+00:00
P03146,Doctor Consultation,2026-04-24 06:18:01+00:00
P03146,Diagnosis,2026-04-24 06:43:01+00:00
P03146,Ward Transfer,2026-04-24 07:16:01+00:00
P03146,Treatment,2026-04-24 09:04:01+00:00
P03146,Pharmacy,2026-04-24 09:18:01+00:00
P03146,Billing,2026-04-24 09:52:01+00:00
P03146,Discharge,2026-04-24 10:29:01+00:00
P03148,Patient Arrival,2026-09-18 23:23:10+00:00
P03148,Registration,2026-09-18 23:50:10+00:00
P03148,Waiting,2026-09-19 01:39:10+00:00
P03148,Doctor Consultation,2026-09-19 02:10:10+00:00
P03148,Urine Test,2026-09-19 02:46:10+00:00
P03148,Doctor Consultation,2026-09-19 03:01:10+00:00
P03148,Diagnosis,2026-09-19 03:42:10+00:00
P03148,Treatment,2026-09-19 05:15:10+00:00
P03148,Pharmacy,2026-09-19 05:47:10+00:00
P03148,Billing,2026-09-19 06:19:10+00:00
P03148,Discharge,2026-09-19 06:49:10+00:00
P03154,Patient Arrival,2026-02-27 13:05:26+00:00
P03154,Registration,2026-02-27 13:46:26+00:00
P03154,Waiting,2026-02-27 14:33:26+00:00
P03154,Doctor Consultation,2026-02-27 14:50:26+00:00
P03154,Diagnosis,2026-02-27 15:17:26+00:00
P03154,Ward Transfer,2026-02-27 15:53:26+00:00
P03154,Treatment,2026-02-27 16:50:26+00:00
P03154,Pharmacy,2026-02-27 17:14:26+00:00
P03154,Billing,2026-02-27 17:35:26+00:00
P03154,Discharge,2026-02-27 18:16:26+00:00
P03156,Patient Arrival,2026-07-13 03:08:35+00:00
P03156,Registration,2026-07-13 03:49:35+00:00
P03156,Waiting,2026-07-13 04:43:35+00:00
P03156,Doctor Consultation,2026-07-13 05:11:35+00:00
P03156,Blood Test,2026-07-13 05:22:35+00:00
P03156,Doctor Consultation,2026-07-13 05:55:35+00:00
P03156,Diagnosis,2026-07-13 06:21:35+00:00
P03156,Ward Transfer,2026-07-13 06:42:35+00:00
P03156,Treatment,2026-07-13 07:33:35+00:00
P03156,Pharmacy,2026-07-13 07:49:35+00:00
P03156,Billing,2026-07-13 07:59:35+00:00
P03156,Discharge,2026-07-13 08:21:35+00:00
P03157,Patient Arrival,2026-03-02 18:41:50+00:00
P03157,Registration,2026-03-02 18:59:50+00:00
P03157,Waiting,2026-03-02 20:01:50+00:00
P03157,Doctor Consultation,2026-03-02 20:48:50+00:00
P03157,Urine Test,2026-03-02 21:08:50+00:00
P03157,Doctor Consultation,2026-03-02 21:31:50+00:00
P03157,Diagnosis,2026-03-02 21:58:50+00:00
P03157,Ward Transfer,2026-03-02 22:37:50+00:00
P03157,Treatment,2026-03-02 23:33:50+00:00
P03157,Treatment,2026-03-02 23:33:50+00:00
P03157,Pharmacy,2026-03-03 00:13:50+00:00
P03157,Billing,2026-03-03 00:46:50+00:00
P03157,Discharge,2026-03-03 01:00:50+00:00
P03162,Patient Arrival,2026-02-07 10:52:12+00:00
P03162,Registration,2026-02-07 11:23:12+00:00
P03162,Waiting,2026-02-07 11:58:12+00:00
P03162,Doctor Consultation,2026-02-07 12:30:12+00:00
P03162,Diagnosis,2026-02-07 13:04:12+00:00
P03162,Ward Transfer,2026-02-07 13:42:12+00:00
P03162,Treatment,2026-02-07 15:21:12+00:00
P03162,Pharmacy,2026-02-07 16:00:12+00:00
P03162,Billing,2026-02-07 16:25:12+00:00
P03162,Discharge,2026-02-07 16:58:12+00:00
P03163,Patient Arrival,2026-05-26 13:32:21+00:00
P03163,Registration,2026-05-26 14:00:21+00:00
P03163,Waiting,2026-05-26 15:11:21+00:00
P03163,Doctor Consultation,2026-05-26 15:37:21+00:00
P03163,Urine Test,2026-05-26 16:05:21+00:00
P03163,Doctor Consultation,2026-05-26 16:24:21+00:00
P03163,Diagnosis,2026-05-26 16:50:21+00:00
P03163,Treatment,2026-05-26 19:06:21+00:00
P03163,Pharmacy,2026-05-26 19:41:21+00:00
P03163,Billing,2026-05-26 20:15:21+00:00
P03163,Discharge,2026-05-26 20:44:21+00:00
P03167,Patient Arrival,2026-07-29 07:13:03+00:00
P03167,Registration,2026-07-29 07:47:03+00:00
P03167,Waiting,2026-07-29 09:06:03+00:00
P03167,Doctor Consultation,2026-07-29 09:44:03+00:00
P03167,Diagnosis,2026-07-29 10:31:03+00:00
P03167,Treatment,2026-07-29 12:08:03+00:00
P03167,Pharmacy,2026-07-29 12:36:03+00:00
P03167,Billing,2026-07-29 13:08:03+00:00
P03167,Discharge,2026-07-29 13:47:03+00:00
P03170,Patient Arrival,2026-10-17 12:07:42+00:00
P03170,Registration,2026-10-17 12:43:42+00:00
P03170,Waiting,2026-10-17 13:38:42+00:00
P03170,Doctor Consultation,2026-10-17 13:56:42+00:00
P03170,Blood Test,2026-10-17 14:19:42+00:00
P03170,Doctor Consultation,2026-10-17 14:29:42+00:00
P03170,Diagnosis,2026-10-17 15:09:42+00:00
P03170,Ward Transfer,2026-10-17 15:31:42+00:00
P03170,Treatment,2026-10-17 17:32:42+00:00
P03170,Pharmacy,2026-10-17 18:11:42+00:00
P03170,Billing,2026-10-17 18:24:42+00:00
P03170,Discharge,2026-10-17 18:55:42+00:00
P03172,Patient Arrival,2026-05-10 10:18:04+00:00
P03172,Registration,2026-05-10 10:44:04+00:00
P03172,Waiting,2026-05-10 11:52:04+00:00
P03172,Doctor Consultation,2026-05-10 12:19:04+00:00
P03172,Blood Test,2026-05-10 12:42:04+00:00
P03172,Doctor Consultation,2026-05-10 13:18:04+00:00
P03172,Diagnosis,2026-05-10 13:45:04+00:00
P03172,Treatment,2026-05-10 14:31:04+00:00
P03172,Pharmacy,2026-05-10 14:56:04+00:00
P03172,Billing,2026-05-10 15:37:04+00:00
P03172,Discharge,2026-05-10 15:55:04+00:00
P03174,Patient Arrival,2026-10-15 21:31:50+00:00
P03174,Registration,2026-10-15 22:07:50+00:00
P03174,Waiting,2026-10-15 23:30:50+00:00
P03174,Doctor Consultation,2026-10-16 00:01:50+00:00
P03174,Diagnosis,2026-10-16 00:34:50+00:00
P03174,Ward Transfer,2026-10-16 01:02:50+00:00
P03174,Treatment,2026-10-16 02:08:50+00:00
P03174,Pharmacy,2026-10-16 02:32:50+00:00
P03174,Billing,2026-10-16 03:03:50+00:00
P03174,Discharge,2026-10-16 03:53:50+00:00
P03175,Patient Arrival,2026-06-18 04:32:46+00:00
P03175,Registration,2026-06-18 04:53:46+00:00
P03175,Waiting,2026-06-18 05:44:46+00:00
P03175,Doctor Consultation,2026-06-18 06:25:46+00:00
P03175,X-Ray,2026-06-18 06:59:46+00:00
P03175,Doctor Consultation,2026-06-18 07:29:46+00:00
P03175,Urine Test,2026-06-18 08:08:46+00:00
P03175,Doctor Consultation,2026-06-18 08:26:46+00:00
P03175,Diagnosis,2026-06-18 09:00:46+00:00
P03175,Treatment,2026-06-18 09:55:46+00:00
P03175,Pharmacy,2026-06-18 10:28:46+00:00
P03175,Billing,2026-06-18 10:59:46+00:00
P03175,Discharge,2026-06-18 11:48:46+00:00
P03176,Patient Arrival,2026-02-08 12:28:27+00:00
P03176,Registration,2026-02-08 13:15:27+00:00
P03176,Waiting,2026-02-08 14:07:27+00:00
P03176,Doctor Consultation,2026-02-08 14:44:27+00:00
P03176,ECG,2026-02-08 15:14:27+00:00
P03176,Doctor Consultation,2026-02-08 15:42:27+00:00
P03176,Diagnosis,2026-02-08 16:15:27+00:00
P03176,Ward Transfer,2026-02-08 16:47:27+00:00
P03176,Treatment,2026-02-08 17:46:27+00:00
P03176,Pharmacy,2026-02-08 18:08:27+00:00
P03176,Billing,2026-02-08 18:27:27+00:00
P03176,Billing,2026-02-08 18:27:27+00:00
P03176,Discharge,2026-02-08 19:01:27+00:00
P03179,Patient Arrival,2026-02-18 07:24:01+00:00
P03179,Registration,2026-02-18 07:41:01+00:00
P03179,Waiting,2026-02-18 08:34:01+00:00
P03179,Doctor Consultation,2026-02-18 09:24:01+00:00
P03179,ECG,2026-02-18 09:55:01+00:00
P03179,Doctor Consultation,2026-02-18 10:30:01+00:00
P03179,Diagnosis,2026-02-18 10:57:01+00:00
P03179,Ward Transfer,2026-02-18 11:38:01+00:00
P03179,Treatment,2026-02-18 12:54:01+00:00
P03179,Pharmacy,2026-02-18 13:15:01+00:00
P03179,Billing,2026-02-18 13:53:01+00:00
P03179,Discharge,2026-02-18 14:19:01+00:00
P03180,Patient Arrival,2026-09-06 03:23:55+00:00
P03180,Registration,2026-09-06 03:39:55+00:00
P03180,Waiting,2026-09-06 04:28:55+00:00
P03180,Doctor Consultation,2026-09-06 05:01:55+00:00
P03180,Urine Test,2026-09-06 05:26:55+00:00
P03180,Doctor Consultation,2026-09-06 06:08:55+00:00
P03180,Diagnosis,2026-09-06 06:40:55+00:00
P03180,Treatment,2026-09-06 07:51:55+00:00
P03180,Pharmacy,2026-09-06 08:31:55+00:00
P03180,Billing,2026-09-06 09:17:55+00:00
P03180,Discharge,2026-09-06 09:46:55+00:00
P03182,Patient Arrival,2026-02-24 09:15:36+00:00
P03182,Registration,2026-02-24 09:49:36+00:00
P03182,Waiting,2026-02-24 11:17:36+00:00
P03182,Doctor Consultation,2026-02-24 11:49:36+00:00
P03182,ECG,2026-02-24 12:15:36+00:00
P03182,Doctor Consultation,2026-02-24 12:50:36+00:00
P03182,Diagnosis,2026-02-24 13:08:36+00:00
P03182,Treatment,2026-02-24 14:01:36+00:00
P03182,Pharmacy,2026-02-24 14:50:36+00:00
P03182,Billing,2026-02-24 15:15:36+00:00
P03182,Discharge,2026-02-24 15:43:36+00:00
P03183,Patient Arrival,2026-06-27 09:11:13+00:00
P03183,Registration,2026-06-27 09:27:13+00:00
P03183,Waiting,2026-06-27 11:02:13+00:00
P03183,Doctor Consultation,2026-06-27 11:15:13+00:00
P03183,X-Ray,2026-06-27 11:45:13+00:00
P03183,Doctor Consultation,2026-06-27 12:04:13+00:00
P03183,Diagnosis,2026-06-27 12:29:13+00:00
P03183,Treatment,2026-06-27 14:16:13+00:00
P03183,Pharmacy,2026-06-27 15:02:13+00:00
P03183,Billing,2026-06-27 15:28:13+00:00
P03183,Discharge,2026-06-27 16:07:13+00:00
P03187,Patient Arrival,2026-11-20 08:58:17+00:00
P03187,Registration,2026-11-20 09:30:17+00:00
P03187,Waiting,2026-11-20 11:26:17+00:00
P03187,Doctor Consultation,2026-11-20 11:55:17+00:00
P03187,Urine Test,2026-11-20 12:06:17+00:00
P03187,Doctor Consultation,2026-11-20 12:33:17+00:00
P03187,Diagnosis,2026-11-20 13:06:17+00:00
P03187,Ward Transfer,2026-11-20 13:43:17+00:00
P03187,Treatment,2026-11-20 14:54:17+00:00
P03187,Pharmacy,2026-11-20 15:20:17+00:00
P03187,Billing,2026-11-20 15:40:17+00:00
P03187,Discharge,2026-11-20 16:00:17+00:00
P03191,Patient Arrival,2026-09-29 03:25:21+00:00
P03191,Registration,2026-09-29 04:00:21+00:00
P03191,Waiting,2026-09-29 04:51:21+00:00
P03191,Doctor Consultation,2026-09-29 05:15:21+00:00
P03191,Diagnosis,2026-09-29 06:04:21+00:00
P03191,Treatment,2026-09-29 07:22:21+00:00
P03191,Pharmacy,2026-09-29 07:56:21+00:00
P03191,Billing,2026-09-29 08:20:21+00:00
P03191,Discharge,2026-09-29 08:44:21+00:00
P03192,Patient Arrival,2026-02-20 01:22:53+00:00
P03192,Registration,2026-02-20 02:06:53+00:00
P03192,Waiting,2026-02-20 03:23:53+00:00
P03192,Doctor Consultation,2026-02-20 04:03:53+00:00
P03192,Diagnosis,2026-02-20 04:50:53+00:00
P03192,Treatment,2026-02-20 06:49:53+00:00
P03192,Pharmacy,2026-02-20 07:23:53+00:00
P03192,Billing,2026-02-20 07:51:53+00:00
P03192,Discharge,2026-02-20 08:30:53+00:00
P03197,Patient Arrival,2026-05-20 13:09:44+00:00
P03197,Registration,2026-05-20 13:28:44+00:00
P03197,Waiting,2026-05-20 14:11:44+00:00
P03197,Doctor Consultation,2026-05-20 14:45:44+00:00
P03197,Blood Test,2026-05-20 15:33:44+00:00
P03197,Doctor Consultation,2026-05-20 16:07:44+00:00
P03197,Diagnosis,2026-05-20 16:40:44+00:00
P03197,Treatment,2026-05-20 17:52:44+00:00
P03197,Pharmacy,2026-05-20 18:15:44+00:00
P03197,Billing,2026-05-20 18:38:44+00:00
P03197,Discharge,2026-05-20 19:09:44+00:00
P03198,Patient Arrival,2026-09-13 16:47:06+00:00
P03198,Patient Arrival,2026-09-13 16:47:06+00:00
P03198,Registration,2026-09-13 17:13:06+00:00
P03198,Waiting,2026-09-13 18:49:06+00:00
P03198,Doctor Consultation,2026-09-13 19:33:06+00:00
P03198,Diagnosis,2026-09-13 20:20:06+00:00
P03198,Ward Transfer,2026-09-13 20:55:06+00:00
P03198,Treatment,2026-09-13 22:43:06+00:00
P03198,Pharmacy,2026-09-13 23:29:06+00:00
P03198,Billing,2026-09-13 23:37:06+00:00
P03198,Discharge,2026-09-14 00:10:06+00:00
P03200,Patient Arrival,2026-09-15 14:36:27+00:00
P03200,Registration,2026-09-15 15:15:27+00:00
P03200,Waiting,2026-09-15 16:40:27+00:00
P03200,Doctor Consultation,2026-09-15 17:22:27+00:00
P03200,Blood Test,2026-09-15 17:45:27+00:00
P03200,Doctor Consultation,2026-09-15 18:22:27+00:00
P03200,Diagnosis,2026-09-15 18:59:27+00:00
P03200,Ward Transfer,2026-09-15 19:22:27+00:00
P03200,Treatment,2026-09-15 21:02:27+00:00
P03200,Pharmacy,2026-09-15 21:48:27+00:00
P03200,Billing,2026-09-15 22:17:27+00:00
P03200,Discharge,2026-09-15 22:51:27+00:00
P03202,Patient Arrival,2026-11-20 09:42:01+00:00
P03202,Registration,2026-11-20 10:32:01+00:00
P03202,Waiting,2026-11-20 12:18:01+00:00
P03202,Doctor Consultation,2026-11-20 12:56:01+00:00
P03202,Blood Test,2026-11-20 13:43:01+00:00
P03202,Doctor Consultation,2026-11-20 14:29:01+00:00
P03202,Diagnosis,2026-11-20 15:16:01+00:00
P03202,Treatment,2026-11-20 17:13:01+00:00
P03202,Pharmacy,2026-11-20 17:45:01+00:00
P03202,Billing,2026-11-20 18:08:01+00:00
P03202,Discharge,2026-11-20 18:31:01+00:00
P03203,Patient Arrival,2026-08-03 14:26:54+00:00
P03203,Registration,2026-08-03 14:50:54+00:00
P03203,Waiting,2026-08-03 16:06:54+00:00
P03203,Doctor Consultation,2026-08-03 16:36:54+00:00
P03203,ECG,2026-08-03 17:19:54+00:00
P03203,Doctor Consultation,2026-08-03 17:45:54+00:00
P03203,Diagnosis,2026-08-03 18:23:54+00:00
P03203,Ward Transfer,2026-08-03 19:00:54+00:00
P03203,Treatment,2026-08-03 20:59:54+00:00
P03203,Pharmacy,2026-08-03 21:41:54+00:00
P03203,Billing,2026-08-03 22:15:54+00:00
P03203,Discharge,2026-08-03 22:47:54+00:00
P03204,Patient Arrival,2026-04-01 02:18:05+00:00
P03204,Registration,2026-04-01 02:42:05+00:00
P03204,Waiting,2026-04-01 03:36:05+00:00
P03204,Doctor Consultation,2026-04-01 04:09:05+00:00
P03204,ECG,2026-04-01 04:25:05+00:00
P03204,Doctor Consultation,2026-04-01 04:57:05+00:00
P03204,Diagnosis,2026-04-01 05:39:05+00:00
P03204,Ward Transfer,2026-04-01 06:07:05+00:00
P03204,Treatment,2026-04-01 08:28:05+00:00
P03204,Pharmacy,2026-04-01 09:02:05+00:00
P03204,Billing,2026-04-01 09:49:05+00:00
P03204,Discharge,2026-04-01 10:13:05+00:00
P03206,Patient Arrival,2026-09-24 17:12:37+00:00
P03206,Registration,2026-09-24 17:48:37+00:00
P03206,Waiting,2026-09-24 18:45:37+00:00
P03206,Doctor Consultation,2026-09-24 19:15:37+00:00
P03206,Diagnosis,2026-09-24 19:41:37+00:00
P03206,Treatment,2026-09-24 20:40:37+00:00
P03206,Pharmacy,2026-09-24 21:02:37+00:00
P03206,Billing,2026-09-24 21:44:37+00:00
P03206,Discharge,2026-09-24 22:07:37+00:00
P03208,Patient Arrival,2026-08-27 11:11:20+00:00
P03208,Registration,2026-08-27 11:28:20+00:00
P03208,Waiting,2026-08-27 12:35:20+00:00
P03208,Doctor Consultation,2026-08-27 13:18:20+00:00
P03208,Blood Test,2026-08-27 13:53:20+00:00
P03208,Doctor Consultation,2026-08-27 14:14:20+00:00
P03208,Diagnosis,2026-08-27 14:42:20+00:00
P03208,Treatment,2026-08-27 16:13:20+00:00
P03208,Pharmacy,2026-08-27 16:48:20+00:00
P03208,Billing,2026-08-27 17:20:20+00:00
P03208,Discharge,2026-08-27 17:49:20+00:00
P03212,Patient Arrival,2026-03-25 20:08:58+00:00
P03212,Registration,2026-03-25 20:31:58+00:00
P03212,Waiting,2026-03-25 21:41:58+00:00
P03212,Doctor Consultation,2026-03-25 22:15:58+00:00
P03212,Diagnosis,2026-03-25 23:08:58+00:00
P03212,Treatment,2026-03-26 00:30:58+00:00
P03212,Pharmacy,2026-03-26 01:06:58+00:00
P03212,Billing,2026-03-26 01:41:58+00:00
P03212,Discharge,2026-03-26 02:28:58+00:00
P03218,Patient Arrival,2026-11-28 10:56:28+00:00
P03218,Registration,2026-11-28 11:36:28+00:00
P03218,Waiting,2026-11-28 12:42:28+00:00
P03218,Doctor Consultation,2026-11-28 13:01:28+00:00
P03218,Diagnosis,2026-11-28 13:40:28+00:00
P03218,Ward Transfer,2026-11-28 14:08:28+00:00
P03218,Treatment,2026-11-28 15:16:28+00:00
P03218,Pharmacy,2026-11-28 15:33:28+00:00
P03218,Billing,2026-11-28 15:45:28+00:00
P03218,Discharge,2026-11-28 16:14:28+00:00
P03220,Patient Arrival,2026-05-20 03:53:57+00:00
P03220,Registration,2026-05-20 04:30:57+00:00
P03220,Waiting,2026-05-20 05:43:57+00:00
P03220,Doctor Consultation,2026-05-20 06:25:57+00:00
P03220,Diagnosis,2026-05-20 07:05:57+00:00
P03220,Treatment,2026-05-20 08:25:57+00:00
P03220,Pharmacy,2026-05-20 08:46:57+00:00
P03220,Billing,2026-05-20 08:58:57+00:00
P03220,Discharge,2026-05-20 09:28:57+00:00
P03222,Patient Arrival,2026-07-05 20:44:00+00:00
P03222,Registration,2026-07-05 21:09:00+00:00
P03222,Waiting,2026-07-05 22:07:00+00:00
P03222,Doctor Consultation,2026-07-05 22:40:00+00:00
P03222,ECG,2026-07-05 23:34:00+00:00
P03222,Doctor Consultation,2026-07-05 23:59:00+00:00
P03222,Diagnosis,2026-07-06 00:13:00+00:00
P03222,Treatment,2026-07-06 01:18:00+00:00
P03222,Pharmacy,2026-07-06 01:32:00+00:00
P03222,Billing,2026-07-06 01:40:00+00:00
P03222,Discharge,2026-07-06 02:19:00+00:00
P03223,Patient Arrival,2026-11-19 18:03:42+00:00
P03223,Registration,2026-11-19 18:35:42+00:00
P03223,Waiting,2026-11-19 19:58:42+00:00
P03223,Doctor Consultation,2026-11-19 20:28:42+00:00
P03223,Blood Test,2026-11-19 21:15:42+00:00
P03223,Doctor Consultation,2026-11-19 21:30:42+00:00
P03223,Diagnosis,2026-11-19 22:24:42+00:00
P03223,Ward Transfer,2026-11-19 22:53:42+00:00
P03223,Treatment,2026-11-19 23:27:42+00:00
P03223,Pharmacy,2026-11-20 00:02:42+00:00
P03223,Billing,2026-11-20 00:37:42+00:00
P03223,Discharge,2026-11-20 01:11:42+00:00
P03224,Patient Arrival,2026-01-27 23:06:06+00:00
P03224,Registration,2026-01-27 23:30:06+00:00
P03224,Waiting,2026-01-28 00:42:06+00:00
P03224,Doctor Consultation,2026-01-28 01:21:06+00:00
P03224,ECG,2026-01-28 01:55:06+00:00
P03224,Doctor Consultation,2026-01-28 02:28:06+00:00
P03224,Diagnosis,2026-01-28 02:51:06+00:00
P03224,Treatment,2026-01-28 03:47:06+00:00
P03224,Pharmacy,2026-01-28 04:08:06+00:00
P03224,Billing,2026-01-28 04:32:06+00:00
P03224,Discharge,2026-01-28 04:54:06+00:00
P03225,Patient Arrival,2026-09-19 09:54:43+00:00
P03225,Registration,2026-09-19 10:44:43+00:00
P03225,Waiting,2026-09-19 12:06:43+00:00
P03225,Doctor Consultation,2026-09-19 12:35:43+00:00
P03225,Urine Test,2026-09-19 13:14:43+00:00
P03225,Doctor Consultation,2026-09-19 14:01:43+00:00
P03225,Diagnosis,2026-09-19 14:38:43+00:00
P03225,Treatment,2026-09-19 15:24:43+00:00
P03225,Pharmacy,2026-09-19 15:38:43+00:00
P03225,Billing,2026-09-19 16:23:43+00:00
P03225,Discharge,2026-09-19 16:54:43+00:00
P03227,Patient Arrival,2026-01-15 14:42:21+00:00
P03227,Registration,2026-01-15 15:23:21+00:00
P03227,Waiting,2026-01-15 16:14:21+00:00
P03227,Doctor Consultation,2026-01-15 16:51:21+00:00
P03227,Blood Test,2026-01-15 17:21:21+00:00
P03227,Doctor Consultation,2026-01-15 18:07:21+00:00
P03227,Diagnosis,2026-01-15 18:31:21+00:00
P03227,Treatment,2026-01-15 19:13:21+00:00
P03227,Pharmacy,2026-01-15 19:50:21+00:00
P03227,Billing,2026-01-15 20:17:21+00:00
P03227,Discharge,2026-01-15 20:45:21+00:00
P03229,Patient Arrival,2026-03-10 04:47:15+00:00
P03229,Registration,2026-03-10 05:06:15+00:00
P03229,Waiting,2026-03-10 06:01:15+00:00
P03229,Doctor Consultation,2026-03-10 06:27:15+00:00
P03229,Diagnosis,2026-03-10 07:00:15+00:00
P03229,Treatment,2026-03-10 09:11:15+00:00
P03229,Pharmacy,2026-03-10 09:34:15+00:00
P03229,Billing,2026-03-10 10:02:15+00:00
P03229,Discharge,2026-03-10 10:30:15+00:00
P03233,Patient Arrival,2026-05-23 04:53:43+00:00
P03233,Registration,2026-05-23 05:38:43+00:00
P03233,Waiting,2026-05-23 06:45:43+00:00
P03233,Doctor Consultation,2026-05-23 07:08:43+00:00
P03233,X-Ray,2026-05-23 08:00:43+00:00
P03233,Doctor Consultation,2026-05-23 08:31:43+00:00
P03233,Diagnosis,2026-05-23 08:40:43+00:00
P03233,Treatment,2026-05-23 09:49:43+00:00
P03233,Pharmacy,2026-05-23 10:33:43+00:00
P03233,Billing,2026-05-23 11:13:43+00:00
P03233,Discharge,2026-05-23 11:35:43+00:00
P03234,Patient Arrival,2026-07-09 19:12:24+00:00
P03234,Registration,2026-07-09 19:47:24+00:00
P03234,Waiting,2026-07-09 20:58:24+00:00
P03234,Doctor Consultation,2026-07-09 21:16:24+00:00
P03234,ECG,2026-07-09 21:59:24+00:00
P03234,Doctor Consultation,2026-07-09 22:10:24+00:00
P03234,Diagnosis,2026-07-09 22:22:24+00:00
P03234,Treatment,2026-07-09 23:57:24+00:00
P03234,Pharmacy,2026-07-10 00:33:24+00:00
P03234,Billing,2026-07-10 00:47:24+00:00
P03234,Discharge,2026-07-10 00:56:24+00:00
P03235,Patient Arrival,2026-04-03 16:57:16+00:00
P03235,Registration,2026-04-03 17:21:16+00:00
P03235,Waiting,2026-04-03 18:16:16+00:00
P03235,Doctor Consultation,2026-04-03 18:52:16+00:00
P03235,ECG,2026-04-03 19:33:16+00:00
P03235,Doctor Consultation,2026-04-03 19:53:16+00:00
P03235,Diagnosis,2026-04-03 20:40:16+00:00
P03235,Treatment,2026-04-03 22:29:16+00:00
P03235,Pharmacy,2026-04-03 23:01:16+00:00
P03235,Billing,2026-04-03 23:35:16+00:00
P03235,Discharge,2026-04-04 00:12:16+00:00
P03236,Patient Arrival,2026-11-02 12:20:48+00:00
P03236,Registration,2026-11-02 13:09:48+00:00
P03236,Waiting,2026-11-02 14:47:48+00:00
P03236,Doctor Consultation,2026-11-02 15:03:48+00:00
P03236,Diagnosis,2026-11-02 15:19:48+00:00
P03236,Treatment,2026-11-02 16:18:48+00:00
P03236,Pharmacy,2026-11-02 16:41:48+00:00
P03236,Billing,2026-11-02 17:08:48+00:00
P03236,Discharge,2026-11-02 17:36:48+00:00
P03237,Patient Arrival,2026-06-09 02:34:40+00:00
P03237,Registration,2026-06-09 03:22:40+00:00
P03237,Waiting,2026-06-09 04:46:40+00:00
P03237,Doctor Consultation,2026-06-09 05:20:40+00:00
P03237,Urine Test,2026-06-09 05:39:40+00:00
P03237,Doctor Consultation,2026-06-09 06:04:40+00:00
P03237,Diagnosis,2026-06-09 06:37:40+00:00
P03237,Treatment,2026-06-09 07:58:40+00:00
P03237,Pharmacy,2026-06-09 08:24:40+00:00
P03237,Billing,2026-06-09 09:01:40+00:00
P03237,Discharge,2026-06-09 09:44:40+00:00
P03242,Patient Arrival,2026-10-26 01:56:24+00:00
P03242,Registration,2026-10-26 02:37:24+00:00
P03242,Waiting,2026-10-26 03:47:24+00:00
P03242,Doctor Consultation,2026-10-26 04:09:24+00:00
P03242,X-Ray,2026-10-26 04:36:24+00:00
P03242,Doctor Consultation,2026-10-26 05:14:24+00:00
P03242,Diagnosis,2026-10-26 05:48:24+00:00
P03242,Treatment,2026-10-26 07:09:24+00:00
P03242,Pharmacy,2026-10-26 07:39:24+00:00
P03242,Billing,2026-10-26 08:11:24+00:00
P03242,Discharge,2026-10-26 08:55:24+00:00
P03243,Patient Arrival,2026-05-16 11:38:08+00:00
P03243,Registration,2026-05-16 12:22:08+00:00
P03243,Waiting,2026-05-16 13:28:08+00:00
P03243,Doctor Consultation,2026-05-16 13:50:08+00:00
P03243,ECG,2026-05-16 14:27:08+00:00
P03243,Doctor Consultation,2026-05-16 15:04:08+00:00
P03243,Diagnosis,2026-05-16 15:27:08+00:00
P03243,Treatment,2026-05-16 17:24:08+00:00
P03243,Pharmacy,2026-05-16 18:00:08+00:00
P03243,Billing,2026-05-16 18:18:08+00:00
P03243,Discharge,2026-05-16 18:44:08+00:00
P03244,Patient Arrival,2026-08-11 19:25:00+00:00
P03244,Registration,2026-08-11 20:00:00+00:00
P03244,Waiting,2026-08-11 21:03:00+00:00
P03244,Doctor Consultation,2026-08-11 21:50:00+00:00
P03244,Diagnosis,2026-08-11 22:28:00+00:00
P03244,Treatment,2026-08-11 23:40:00+00:00
P03244,Pharmacy,2026-08-12 00:11:00+00:00
P03244,Billing,2026-08-12 00:52:00+00:00
P03244,Discharge,2026-08-12 01:23:00+00:00
P03246,Patient Arrival,2026-11-04 17:39:09+00:00
P03246,Registration,2026-11-04 18:09:09+00:00
P03246,Waiting,2026-11-04 19:01:09+00:00
P03246,Doctor Consultation,2026-11-04 19:45:09+00:00
P03246,Diagnosis,2026-11-04 20:19:09+00:00
P03246,Ward Transfer,2026-11-04 20:55:09+00:00
P03246,Treatment,2026-11-04 22:51:09+00:00
P03246,Pharmacy,2026-11-04 23:03:09+00:00
P03246,Billing,2026-11-04 23:42:09+00:00
P03246,Discharge,2026-11-05 00:19:09+00:00
P03248,Patient Arrival,2026-03-25 15:07:28+00:00
P03248,Registration,2026-03-25 15:15:28+00:00
P03248,Waiting,2026-03-25 16:35:28+00:00
P03248,Doctor Consultation,2026-03-25 17:07:28+00:00
P03248,Blood Test,2026-03-25 17:43:28+00:00
P03248,Doctor Consultation,2026-03-25 18:08:28+00:00
P03248,Diagnosis,2026-03-25 18:25:28+00:00
P03248,Treatment,2026-03-25 20:26:28+00:00
P03248,Pharmacy,2026-03-25 21:08:28+00:00
P03248,Billing,2026-03-25 21:50:28+00:00
P03248,Discharge,2026-03-25 22:15:28+00:00
P03248,Discharge,2026-03-25 22:15:28+00:00
P03252,Patient Arrival,2026-01-21 09:03:37+00:00
P03252,Registration,2026-01-21 09:44:37+00:00
P03252,Waiting,2026-01-21 10:16:37+00:00
P03252,Waiting,2026-01-21 10:16:37+00:00
P03252,Doctor Consultation,2026-01-21 10:49:37+00:00
P03252,X-Ray,2026-01-21 11:28:37+00:00
P03252,Doctor Consultation,2026-01-21 11:46:37+00:00
P03252,Diagnosis,2026-01-21 12:13:37+00:00
P03252,Ward Transfer,2026-01-21 12:39:37+00:00
P03252,Treatment,2026-01-21 13:45:37+00:00
P03252,Pharmacy,2026-01-21 14:30:37+00:00
P03252,Billing,2026-01-21 14:50:37+00:00
P03252,Discharge,2026-01-21 15:32:37+00:00
P03253,Patient Arrival,2026-06-01 17:55:48+00:00
P03253,Registration,2026-06-01 18:31:48+00:00
P03253,Waiting,2026-06-01 20:10:48+00:00
P03253,Doctor Consultation,2026-06-01 20:36:48+00:00
P03253,Diagnosis,2026-06-01 21:02:48+00:00
P03253,Ward Transfer,2026-06-01 21:53:48+00:00
P03253,Treatment,2026-06-01 23:28:48+00:00
P03253,Pharmacy,2026-06-02 00:16:48+00:00
P03253,Billing,2026-06-02 00:49:48+00:00
P03253,Discharge,2026-06-02 01:11:48+00:00
P03256,Patient Arrival,2026-09-01 16:53:58+00:00
P03256,Registration,2026-09-01 17:15:58+00:00
P03256,Waiting,2026-09-01 18:31:58+00:00
P03256,Doctor Consultation,2026-09-01 19:10:58+00:00
P03256,ECG,2026-09-01 19:48:58+00:00
P03256,Doctor Consultation,2026-09-01 20:13:58+00:00
P03256,Diagnosis,2026-09-01 20:44:58+00:00
P03256,Treatment,2026-09-01 22:55:58+00:00
P03256,Pharmacy,2026-09-01 23:29:58+00:00
P03256,Billing,2026-09-01 23:55:58+00:00
P03256,Discharge,2026-09-02 00:11:58+00:00
P03257,Patient Arrival,2026-08-01 14:54:16+00:00
P03257,Registration,2026-08-01 15:32:16+00:00
P03257,Waiting,2026-08-01 17:12:16+00:00
P03257,Doctor Consultation,2026-08-01 17:26:16+00:00
P03257,X-Ray,2026-08-01 18:09:16+00:00
P03257,Doctor Consultation,2026-08-01 18:49:16+00:00
P03257,Diagnosis,2026-08-01 19:32:16+00:00
P03257,Treatment,2026-08-01 20:52:16+00:00
P03257,Pharmacy,2026-08-01 21:22:16+00:00
P03257,Billing,2026-08-01 21:35:16+00:00
P03257,Discharge,2026-08-01 22:13:16+00:00
P03258,Patient Arrival,2026-04-13 22:02:44+00:00
P03258,Registration,2026-04-13 22:34:44+00:00
P03258,Waiting,2026-04-13 23:26:44+00:00
P03258,Doctor Consultation,2026-04-13 23:46:44+00:00
P03258,Diagnosis,2026-04-13 23:57:44+00:00
P03258,Treatment,2026-04-14 00:55:44+00:00
P03258,Pharmacy,2026-04-14 01:18:44+00:00
P03258,Billing,2026-04-14 01:54:44+00:00
P03258,Discharge,2026-04-14 02:33:44+00:00
P03259,Patient Arrival,2026-04-20 03:44:05+00:00
P03259,Registration,2026-04-20 04:11:05+00:00
P03259,Waiting,2026-04-20 05:18:05+00:00
P03259,Doctor Consultation,2026-04-20 05:47:05+00:00
P03259,Diagnosis,2026-04-20 06:18:05+00:00
P03259,Treatment,2026-04-20 07:24:05+00:00
P03259,Pharmacy,2026-04-20 07:38:05+00:00
P03259,Billing,2026-04-20 07:59:05+00:00
P03259,Discharge,2026-04-20 08:31:05+00:00
P03261,Patient Arrival,2026-01-23 20:22:39+00:00
P03261,Registration,2026-01-23 21:05:39+00:00
P03261,Waiting,2026-01-23 22:35:39+00:00
P03261,Doctor Consultation,2026-01-23 22:57:39+00:00
P03261,Urine Test,2026-01-23 23:12:39+00:00
P03261,Doctor Consultation,2026-01-23 23:54:39+00:00
P03261,Diagnosis,2026-01-24 00:09:39+00:00
P03261,Ward Transfer,2026-01-24 00:36:39+00:00
P03261,Treatment,2026-01-24 01:48:39+00:00
P03261,Pharmacy,2026-01-24 02:32:39+00:00
P03261,Billing,2026-01-24 03:02:39+00:00
P03261,Discharge,2026-01-24 03:52:39+00:00
P03267,Patient Arrival,2026-06-13 21:05:08+00:00
P03267,Registration,2026-06-13 21:28:08+00:00
P03267,Waiting,2026-06-13 22:04:08+00:00
P03267,Doctor Consultation,2026-06-13 22:46:08+00:00
P03267,Urine Test,2026-06-13 22:58:08+00:00
P03267,Doctor Consultation,2026-06-13 23:13:08+00:00
P03267,Diagnosis,2026-06-13 23:43:08+00:00
P03267,Ward Transfer,2026-06-14 00:13:08+00:00
P03267,Treatment,2026-06-14 02:14:08+00:00
P03267,Pharmacy,2026-06-14 02:35:08+00:00
P03267,Billing,2026-06-14 03:22:08+00:00
P03267,Discharge,2026-06-14 03:55:08+00:00
P03269,Patient Arrival,2026-03-30 05:03:36+00:00
P03269,Registration,2026-03-30 05:46:36+00:00
P03269,Waiting,2026-03-30 06:45:36+00:00
P03269,Waiting,2026-03-30 06:45:36+00:00
P03269,Doctor Consultation,2026-03-30 07:21:36+00:00
P03269,ECG,2026-03-30 07:48:36+00:00
P03269,Doctor Consultation,2026-03-30 08:02:36+00:00
P03269,Diagnosis,2026-03-30 08:32:36+00:00
P03269,Treatment,2026-03-30 09:44:36+00:00
P03269,Pharmacy,2026-03-30 10:22:36+00:00
P03269,Billing,2026-03-30 10:56:36+00:00
P03269,Discharge,2026-03-30 11:06:36+00:00
P03271,Patient Arrival,2026-01-09 07:02:03+00:00
P03271,Registration,2026-01-09 07:32:03+00:00
P03271,Waiting,2026-01-09 09:00:03+00:00
P03271,Doctor Consultation,2026-01-09 09:20:03+00:00
P03271,Doctor Consultation,2026-01-09 09:20:03+00:00
P03271,Blood Test,2026-01-09 10:12:03+00:00
P03271,Doctor Consultation,2026-01-09 10:39:03+00:00
P03271,Diagnosis,2026-01-09 11:10:03+00:00
P03271,Ward Transfer,2026-01-09 11:47:03+00:00
P03271,Treatment,2026-01-09 13:45:03+00:00
P03271,Pharmacy,2026-01-09 14:06:03+00:00
P03271,Billing,2026-01-09 14:51:03+00:00
P03271,Discharge,2026-01-09 15:02:03+00:00
P03276,Patient Arrival,2026-10-13 18:53:18+00:00
P03276,Registration,2026-10-13 19:14:18+00:00
P03276,Waiting,2026-10-13 20:00:18+00:00
P03276,Doctor Consultation,2026-10-13 20:37:18+00:00
P03276,Diagnosis,2026-10-13 21:09:18+00:00
P03276,Treatment,2026-10-13 22:43:18+00:00
P03276,Pharmacy,2026-10-13 23:11:18+00:00
P03276,Billing,2026-10-13 23:33:18+00:00
P03276,Discharge,2026-10-14 00:04:18+00:00
P03277,Patient Arrival,2026-12-03 05:21:17+00:00
P03277,Registration,2026-12-03 05:50:17+00:00
P03277,Waiting,2026-12-03 06:37:17+00:00
P03277,Doctor Consultation,2026-12-03 07:20:17+00:00
P03277,Diagnosis,2026-12-03 07:56:17+00:00
P03277,Ward Transfer,2026-12-03 08:37:17+00:00
P03277,Treatment,2026-12-03 09:47:17+00:00
P03277,Pharmacy,2026-12-03 10:29:17+00:00
P03277,Billing,2026-12-03 11:10:17+00:00
P03277,Discharge,2026-12-03 11:47:17+00:00
P03280,Patient Arrival,2026-04-29 12:26:30+00:00
P03280,Registration,2026-04-29 12:47:30+00:00
P03280,Waiting,2026-04-29 14:22:30+00:00
P03280,Doctor Consultation,2026-04-29 14:52:30+00:00
P03280,X-Ray,2026-04-29 15:17:30+00:00
P03280,Doctor Consultation,2026-04-29 15:55:30+00:00
P03280,Diagnosis,2026-04-29 16:29:30+00:00
P03280,Treatment,2026-04-29 18:28:30+00:00
P03280,Pharmacy,2026-04-29 18:58:30+00:00
P03280,Billing,2026-04-29 19:14:30+00:00
P03280,Discharge,2026-04-29 19:33:30+00:00
P03281,Patient Arrival,2026-09-04 21:02:03+00:00
P03281,Registration,2026-09-04 21:47:03+00:00
P03281,Waiting,2026-09-04 23:17:03+00:00
P03281,Doctor Consultation,2026-09-04 23:42:03+00:00
P03281,Diagnosis,2026-09-05 00:16:03+00:00
P03281,Treatment,2026-09-05 01:29:03+00:00
P03281,Pharmacy,2026-09-05 01:53:03+00:00
P03281,Billing,2026-09-05 02:28:03+00:00
P03281,Discharge,2026-09-05 02:53:03+00:00
P03283,Patient Arrival,2026-12-19 19:33:21+00:00
P03283,Registration,2026-12-19 20:24:21+00:00
P03283,Waiting,2026-12-19 21:49:21+00:00
P03283,Doctor Consultation,2026-12-19 22:01:21+00:00
P03283,Blood Test,2026-12-19 22:30:21+00:00
P03283,Doctor Consultation,2026-12-19 23:12:21+00:00
P03283,Doctor Consultation,2026-12-19 23:12:21+00:00
P03283,Diagnosis,2026-12-19 23:33:21+00:00
P03283,Treatment,2026-12-20 00:33:21+00:00
P03283,Pharmacy,2026-12-20 01:01:21+00:00
P03283,Billing,2026-12-20 01:30:21+00:00
P03283,Discharge,2026-12-20 02:11:21+00:00
P03284,Patient Arrival,2026-02-06 13:14:53+00:00
P03284,Registration,2026-02-06 13:43:53+00:00
P03284,Waiting,2026-02-06 15:28:53+00:00
P03284,Doctor Consultation,2026-02-06 16:10:53+00:00
P03284,Urine Test,2026-02-06 16:51:53+00:00
P03284,Doctor Consultation,2026-02-06 17:29:53+00:00
P03284,Diagnosis,2026-02-06 18:09:53+00:00
P03284,Ward Transfer,2026-02-06 18:41:53+00:00
P03284,Treatment,2026-02-06 20:18:53+00:00
P03284,Pharmacy,2026-02-06 20:46:53+00:00
P03284,Billing,2026-02-06 21:16:53+00:00
P03284,Discharge,2026-02-06 21:44:53+00:00
P03285,Patient Arrival,2026-08-06 07:15:28+00:00
P03285,Registration,2026-08-06 07:39:28+00:00
P03285,Waiting,2026-08-06 09:31:28+00:00
P03285,Doctor Consultation,2026-08-06 10:14:28+00:00
P03285,Diagnosis,2026-08-06 10:49:28+00:00
P03285,Treatment,2026-08-06 11:41:28+00:00
P03285,Pharmacy,2026-08-06 12:08:28+00:00
P03285,Billing,2026-08-06 12:50:28+00:00
P03285,Discharge,2026-08-06 13:08:28+00:00
P03288,Patient Arrival,2026-11-04 15:33:20+00:00
P03288,Registration,2026-11-04 16:06:20+00:00
P03288,Waiting,2026-11-04 17:33:20+00:00
P03288,Doctor Consultation,2026-11-04 17:57:20+00:00
P03288,Diagnosis,2026-11-04 18:26:20+00:00
P03288,Treatment,2026-11-04 20:10:20+00:00
P03288,Pharmacy,2026-11-04 20:34:20+00:00
P03288,Billing,2026-11-04 21:11:20+00:00
P03288,Discharge,2026-11-04 21:34:20+00:00
P03291,Patient Arrival,2026-01-21 08:11:57+00:00
P03291,Registration,2026-01-21 08:52:57+00:00
P03291,Waiting,2026-01-21 09:51:57+00:00
P03291,Doctor Consultation,2026-01-21 10:35:57+00:00
P03291,Diagnosis,2026-01-21 10:54:57+00:00
P03291,Treatment,2026-01-21 12:32:57+00:00
P03291,Pharmacy,2026-01-21 13:00:57+00:00
P03291,Billing,2026-01-21 13:26:57+00:00
P03291,Discharge,2026-01-21 13:58:57+00:00
P03295,Patient Arrival,2026-04-11 11:31:01+00:00
P03295,Registration,2026-04-11 12:02:01+00:00
P03295,Waiting,2026-04-11 13:25:01+00:00
P03295,Doctor Consultation,2026-04-11 13:42:01+00:00
P03295,ECG,2026-04-11 14:09:01+00:00
P03295,Doctor Consultation,2026-04-11 14:28:01+00:00
P03295,Diagnosis,2026-04-11 14:57:01+00:00
P03295,Treatment,2026-04-11 16:23:01+00:00
P03295,Pharmacy,2026-04-11 16:45:01+00:00
P03295,Billing,2026-04-11 17:14:01+00:00
P03295,Discharge,2026-04-11 17:49:01+00:00
P03297,Patient Arrival,2026-12-29 02:33:50+00:00
P03297,Registration,2026-12-29 02:56:50+00:00
P03297,Waiting,2026-12-29 04:11:50+00:00
P03297,Doctor Consultation,2026-12-29 05:00:50+00:00
P03297,Diagnosis,2026-12-29 05:42:50+00:00
P03297,Treatment,2026-12-29 06:59:50+00:00
P03297,Pharmacy,2026-12-29 07:37:50+00:00
P03297,Billing,2026-12-29 08:10:50+00:00
P03297,Discharge,2026-12-29 08:52:50+00:00
P03299,Patient Arrival,2026-03-28 21:23:36+00:00
P03299,Patient Arrival,2026-03-28 21:23:36+00:00
P03299,Registration,2026-03-28 21:50:36+00:00
P03299,Waiting,2026-03-28 22:40:36+00:00
P03299,Doctor Consultation,2026-03-28 23:22:36+00:00
P03299,Urine Test,2026-03-28 23:37:36+00:00
P03299,Doctor Consultation,2026-03-29 00:04:36+00:00
P03299,Diagnosis,2026-03-29 00:19:36+00:00
P03299,Ward Transfer,2026-03-29 00:38:36+00:00
P03299,Treatment,2026-03-29 02:24:36+00:00
P03299,Pharmacy,2026-03-29 02:51:36+00:00
P03299,Billing,2026-03-29 03:28:36+00:00
P03299,Discharge,2026-03-29 03:46:36+00:00
P03302,Patient Arrival,2026-01-21 12:03:36+00:00
P03302,Registration,2026-01-21 12:40:36+00:00
P03302,Waiting,2026-01-21 14:27:36+00:00
P03302,Doctor Consultation,2026-01-21 15:07:36+00:00
P03302,Diagnosis,2026-01-21 15:42:36+00:00
P03302,Treatment,2026-01-21 16:49:36+00:00
P03302,Pharmacy,2026-01-21 17:17:36+00:00
P03302,Billing,2026-01-21 17:45:36+00:00
P03302,Discharge,2026-01-21 18:01:36+00:00
P03304,Patient Arrival,2026-05-14 20:47:12+00:00
P03304,Registration,2026-05-14 21:04:12+00:00
P03304,Waiting,2026-05-14 22:26:12+00:00
P03304,Doctor Consultation,2026-05-14 23:08:12+00:00
P03304,Diagnosis,2026-05-14 23:48:12+00:00
P03304,Ward Transfer,2026-05-15 00:05:12+00:00
P03304,Treatment,2026-05-15 01:49:12+00:00
P03304,Pharmacy,2026-05-15 02:17:12+00:00
P03304,Billing,2026-05-15 02:32:12+00:00
P03304,Billing,2026-05-15 02:32:12+00:00
P03304,Discharge,2026-05-15 03:02:12+00:00
P03306,Patient Arrival,2026-12-11 08:49:46+00:00
P03306,Registration,2026-12-11 09:06:46+00:00
P03306,Waiting,2026-12-11 10:46:46+00:00
P03306,Doctor Consultation,2026-12-11 11:38:46+00:00
P03306,X-Ray,2026-12-11 11:57:46+00:00
P03306,Doctor Consultation,2026-12-11 12:45:46+00:00
P03306,Diagnosis,2026-12-11 13:19:46+00:00
P03306,Treatment,2026-12-11 14:48:46+00:00
P03306,Pharmacy,2026-12-11 15:25:46+00:00
P03306,Billing,2026-12-11 15:59:46+00:00
P03306,Discharge,2026-12-11 16:20:46+00:00
P03307,Patient Arrival,2026-08-14 01:39:36+00:00
P03307,Registration,2026-08-14 02:26:36+00:00
P03307,Waiting,2026-08-14 03:41:36+00:00
P03307,Doctor Consultation,2026-08-14 04:27:36+00:00
P03307,Diagnosis,2026-08-14 05:09:36+00:00
P03307,Treatment,2026-08-14 07:15:36+00:00
P03307,Pharmacy,2026-08-14 07:57:36+00:00
P03307,Billing,2026-08-14 08:29:36+00:00
P03307,Discharge,2026-08-14 09:04:36+00:00
P03308,Patient Arrival,2026-07-25 23:09:00+00:00
P03308,Registration,2026-07-25 23:34:00+00:00
P03308,Waiting,2026-07-26 00:30:00+00:00
P03308,Doctor Consultation,2026-07-26 00:58:00+00:00
P03308,Blood Test,2026-07-26 01:29:00+00:00
P03308,Doctor Consultation,2026-07-26 01:51:00+00:00
P03308,Diagnosis,2026-07-26 02:09:00+00:00
P03308,Treatment,2026-07-26 02:53:00+00:00
P03308,Pharmacy,2026-07-26 03:32:00+00:00
P03308,Billing,2026-07-26 04:12:00+00:00
P03308,Discharge,2026-07-26 04:42:00+00:00
P03311,Patient Arrival,2026-12-16 14:55:45+00:00
P03311,Registration,2026-12-16 15:17:45+00:00
P03311,Waiting,2026-12-16 16:35:45+00:00
P03311,Doctor Consultation,2026-12-16 16:50:45+00:00
P03311,Diagnosis,2026-12-16 16:59:45+00:00
P03311,Ward Transfer,2026-12-16 17:36:45+00:00
P03311,Treatment,2026-12-16 19:21:45+00:00
P03311,Pharmacy,2026-12-16 19:52:45+00:00
P03311,Billing,2026-12-16 20:21:45+00:00
P03311,Discharge,2026-12-16 20:47:45+00:00
P03315,Patient Arrival,2026-07-03 06:27:25+00:00
P03315,Registration,2026-07-03 07:09:25+00:00
P03315,Waiting,2026-07-03 08:01:25+00:00
P03315,Doctor Consultation,2026-07-03 08:20:25+00:00
P03315,Blood Test,2026-07-03 08:45:25+00:00
P03315,Doctor Consultation,2026-07-03 09:10:25+00:00
P03315,Diagnosis,2026-07-03 09:55:25+00:00
P03315,Treatment,2026-07-03 11:43:25+00:00
P03315,Pharmacy,2026-07-03 12:19:25+00:00
P03315,Billing,2026-07-03 13:08:25+00:00
P03315,Discharge,2026-07-03 13:38:25+00:00
P03316,Patient Arrival,2026-02-28 15:16:18+00:00
P03316,Registration,2026-02-28 15:34:18+00:00
P03316,Waiting,2026-02-28 16:49:18+00:00
P03316,Doctor Consultation,2026-02-28 17:13:18+00:00
P03316,Urine Test,2026-02-28 17:36:18+00:00
P03316,Doctor Consultation,2026-02-28 18:16:18+00:00
P03316,Diagnosis,2026-02-28 18:47:18+00:00
P03316,Treatment,2026-02-28 20:16:18+00:00
P03316,Pharmacy,2026-02-28 20:46:18+00:00
P03316,Billing,2026-02-28 21:37:18+00:00
P03316,Discharge,2026-02-28 21:56:18+00:00
P03323,Patient Arrival,2026-07-08 21:14:12+00:00
P03323,Registration,2026-07-08 21:39:12+00:00
P03323,Waiting,2026-07-08 22:41:12+00:00
P03323,Doctor Consultation,2026-07-08 23:09:12+00:00
P03323,Urine Test,2026-07-08 23:46:12+00:00
P03323,Doctor Consultation,2026-07-09 00:21:12+00:00
P03323,Diagnosis,2026-07-09 00:33:12+00:00
P03323,Ward Transfer,2026-07-09 00:59:12+00:00
P03323,Treatment,2026-07-09 02:25:12+00:00
P03323,Pharmacy,2026-07-09 03:07:12+00:00
P03323,Billing,2026-07-09 03:30:12+00:00
P03323,Discharge,2026-07-09 03:49:12+00:00
P03324,Patient Arrival,2026-05-23 02:32:03+00:00
P03324,Registration,2026-05-23 03:04:03+00:00
P03324,Waiting,2026-05-23 04:34:03+00:00
P03324,Doctor Consultation,2026-05-23 04:53:03+00:00
P03324,Diagnosis,2026-05-23 05:17:03+00:00
P03324,Ward Transfer,2026-05-23 05:35:03+00:00
P03324,Treatment,2026-05-23 07:36:03+00:00
P03324,Pharmacy,2026-05-23 07:58:03+00:00
P03324,Billing,2026-05-23 08:41:03+00:00
P03324,Discharge,2026-05-23 09:21:03+00:00
P03330,Patient Arrival,2026-04-27 11:34:51+00:00
P03330,Registration,2026-04-27 12:01:51+00:00
P03330,Waiting,2026-04-27 13:40:51+00:00
P03330,Doctor Consultation,2026-04-27 14:21:51+00:00
P03330,Diagnosis,2026-04-27 14:52:51+00:00
P03330,Diagnosis,2026-04-27 14:52:51+00:00
P03330,Ward Transfer,2026-04-27 15:20:51+00:00
P03330,Treatment,2026-04-27 16:33:51+00:00
P03330,Pharmacy,2026-04-27 17:12:51+00:00
P03330,Billing,2026-04-27 17:49:51+00:00
P03330,Discharge,2026-04-27 18:32:51+00:00
P03331,Patient Arrival,2026-08-01 04:02:23+00:00
P03331,Registration,2026-08-01 04:43:23+00:00
P03331,Waiting,2026-08-01 06:03:23+00:00
P03331,Doctor Consultation,2026-08-01 06:33:23+00:00
P03331,Blood Test,2026-08-01 07:05:23+00:00
P03331,Doctor Consultation,2026-08-01 07:30:23+00:00
P03331,Diagnosis,2026-08-01 07:55:23+00:00
P03331,Treatment,2026-08-01 10:18:23+00:00
P03331,Pharmacy,2026-08-01 10:35:23+00:00
P03331,Billing,2026-08-01 11:00:23+00:00
P03331,Discharge,2026-08-01 11:20:23+00:00
P03332,Patient Arrival,2026-04-02 20:53:19+00:00
P03332,Registration,2026-04-02 21:06:19+00:00
P03332,Waiting,2026-04-02 22:28:19+00:00
P03332,Doctor Consultation,2026-04-02 23:02:19+00:00
P03332,Diagnosis,2026-04-02 23:12:19+00:00
P03332,Ward Transfer,2026-04-02 23:50:19+00:00
P03332,Treatment,2026-04-03 01:52:19+00:00
P03332,Pharmacy,2026-04-03 02:17:19+00:00
P03332,Billing,2026-04-03 02:35:19+00:00
P03332,Discharge,2026-04-03 02:54:19+00:00
P03334,Patient Arrival,2026-02-13 05:01:05+00:00
P03334,Registration,2026-02-13 05:28:05+00:00
P03334,Waiting,2026-02-13 07:04:05+00:00
P03334,Doctor Consultation,2026-02-13 07:25:05+00:00
P03334,Diagnosis,2026-02-13 08:10:05+00:00
P03334,Treatment,2026-02-13 09:57:05+00:00
P03334,Pharmacy,2026-02-13 10:24:05+00:00
P03334,Billing,2026-02-13 11:02:05+00:00
P03334,Discharge,2026-02-13 11:29:05+00:00
P03338,Patient Arrival,2026-09-28 02:12:18+00:00
P03338,Registration,2026-09-28 02:43:18+00:00
P03338,Waiting,2026-09-28 04:14:18+00:00
P03338,Doctor Consultation,2026-09-28 04:43:18+00:00
P03338,Urine Test,2026-09-28 05:16:18+00:00
P03338,Doctor Consultation,2026-09-28 05:32:18+00:00
P03338,Diagnosis,2026-09-28 05:59:18+00:00
P03338,Treatment,2026-09-28 07:01:18+00:00
P03338,Pharmacy,2026-09-28 07:33:18+00:00
P03338,Pharmacy,2026-09-28 07:33:18+00:00
P03338,Billing,2026-09-28 08:07:18+00:00
P03338,Discharge,2026-09-28 08:40:18+00:00
P03341,Patient Arrival,2026-12-21 07:41:41+00:00
P03341,Registration,2026-12-21 08:07:41+00:00
P03341,Waiting,2026-12-21 09:12:41+00:00
P03341,Doctor Consultation,2026-12-21 09:28:41+00:00
P03341,Blood Test,2026-12-21 10:12:41+00:00
P03341,Doctor Consultation,2026-12-21 10:35:41+00:00
P03341,Diagnosis,2026-12-21 11:16:41+00:00
P03341,Treatment,2026-12-21 12:40:41+00:00
P03341,Pharmacy,2026-12-21 13:17:41+00:00
P03341,Billing,2026-12-21 13:53:41+00:00
P03341,Discharge,2026-12-21 14:15:41+00:00
P03342,Patient Arrival,2026-09-04 15:07:40+00:00
P03342,Registration,2026-09-04 15:34:40+00:00
P03342,Waiting,2026-09-04 16:19:40+00:00
P03342,Doctor Consultation,2026-09-04 16:59:40+00:00
P03342,Diagnosis,2026-09-04 17:29:40+00:00
P03342,Ward Transfer,2026-09-04 17:54:40+00:00
P03342,Treatment,2026-09-04 20:10:40+00:00
P03342,Pharmacy,2026-09-04 20:21:40+00:00
P03342,Billing,2026-09-04 20:39:40+00:00
P03342,Discharge,2026-09-04 21:20:40+00:00
P03343,Patient Arrival,2026-06-24 11:41:32+00:00
P03343,Registration,2026-06-24 12:32:32+00:00
P03343,Waiting,2026-06-24 13:56:32+00:00
P03343,Doctor Consultation,2026-06-24 14:08:32+00:00
P03343,Blood Test,2026-06-24 14:47:32+00:00
P03343,Doctor Consultation,2026-06-24 15:20:32+00:00
P03343,Diagnosis,2026-06-24 15:52:32+00:00
P03343,Treatment,2026-06-24 16:35:32+00:00
P03343,Pharmacy,2026-06-24 17:19:32+00:00
P03343,Billing,2026-06-24 18:06:32+00:00
P03343,Discharge,2026-06-24 18:51:32+00:00
P03347,Patient Arrival,2026-09-05 09:59:38+00:00
P03347,Registration,2026-09-05 10:29:38+00:00
P03347,Waiting,2026-09-05 11:35:38+00:00
P03347,Doctor Consultation,2026-09-05 11:55:38+00:00
P03347,Diagnosis,2026-09-05 12:16:38+00:00
P03347,Treatment,2026-09-05 13:03:38+00:00
P03347,Pharmacy,2026-09-05 13:18:38+00:00
P03347,Billing,2026-09-05 13:39:38+00:00
P03347,Discharge,2026-09-05 14:09:38+00:00
P03348,Patient Arrival,2026-06-25 18:00:40+00:00
P03348,Registration,2026-06-25 18:21:40+00:00
P03348,Waiting,2026-06-25 19:22:40+00:00
P03348,Doctor Consultation,2026-06-25 19:51:40+00:00
P03348,Urine Test,2026-06-25 20:17:40+00:00
P03348,Doctor Consultation,2026-06-25 21:02:40+00:00
P03348,Diagnosis,2026-06-25 21:24:40+00:00
P03348,Ward Transfer,2026-06-25 22:02:40+00:00
P03348,Treatment,2026-06-25 22:39:40+00:00
P03348,Pharmacy,2026-06-25 23:20:40+00:00
P03348,Billing,2026-06-25 23:47:40+00:00
P03348,Discharge,2026-06-26 00:03:40+00:00
P03350,Patient Arrival,2026-05-22 14:08:15+00:00
P03350,Registration,2026-05-22 14:44:15+00:00
P03350,Waiting,2026-05-22 15:59:15+00:00
P03350,Doctor Consultation,2026-05-22 16:37:15+00:00
P03350,Urine Test,2026-05-22 17:15:15+00:00
P03350,Doctor Consultation,2026-05-22 17:32:15+00:00
P03350,Diagnosis,2026-05-22 18:05:15+00:00
P03350,Treatment,2026-05-22 20:01:15+00:00
P03350,Pharmacy,2026-05-22 20:44:15+00:00
P03350,Billing,2026-05-22 21:11:15+00:00
P03350,Discharge,2026-05-22 21:44:15+00:00
P03351,Patient Arrival,2026-06-05 18:59:30+00:00
P03351,Registration,2026-06-05 19:32:30+00:00
P03351,Waiting,2026-06-05 20:04:30+00:00
P03351,Doctor Consultation,2026-06-05 20:37:30+00:00
P03351,Blood Test,2026-06-05 21:03:30+00:00
P03351,Doctor Consultation,2026-06-05 21:27:30+00:00
P03351,Diagnosis,2026-06-05 21:45:30+00:00
P03351,Treatment,2026-06-05 23:38:30+00:00
P03351,Pharmacy,2026-06-06 00:10:30+00:00
P03351,Billing,2026-06-06 00:40:30+00:00
P03351,Discharge,2026-06-06 01:21:30+00:00
P03352,Patient Arrival,2026-05-16 00:27:02+00:00
P03352,Registration,2026-05-16 01:10:02+00:00
P03352,Waiting,2026-05-16 02:36:02+00:00
P03352,Doctor Consultation,2026-05-16 03:14:02+00:00
P03352,Diagnosis,2026-05-16 03:43:02+00:00
P03352,Ward Transfer,2026-05-16 04:20:02+00:00
P03352,Treatment,2026-05-16 05:39:02+00:00
P03352,Pharmacy,2026-05-16 06:06:02+00:00
P03352,Billing,2026-05-16 06:52:02+00:00
P03352,Discharge,2026-05-16 07:25:02+00:00
P03353,Patient Arrival,2026-03-28 07:12:21+00:00
P03353,Registration,2026-03-28 07:49:21+00:00
P03353,Waiting,2026-03-28 08:40:21+00:00
P03353,Doctor Consultation,2026-03-28 09:21:21+00:00
P03353,ECG,2026-03-28 09:50:21+00:00
P03353,Doctor Consultation,2026-03-28 10:10:21+00:00
P03353,Diagnosis,2026-03-28 10:32:21+00:00
P03353,Treatment,2026-03-28 11:56:21+00:00
P03353,Pharmacy,2026-03-28 12:22:21+00:00
P03353,Billing,2026-03-28 13:05:21+00:00
P03353,Discharge,2026-03-28 13:40:21+00:00
P03354,Patient Arrival,2026-03-12 13:38:15+00:00
P03354,Registration,2026-03-12 14:04:15+00:00
P03354,Waiting,2026-03-12 15:04:15+00:00
P03354,Doctor Consultation,2026-03-12 15:51:15+00:00
P03354,Diagnosis,2026-03-12 16:20:15+00:00
P03354,Ward Transfer,2026-03-12 17:10:15+00:00
P03354,Treatment,2026-03-12 19:01:15+00:00
P03354,Pharmacy,2026-03-12 19:21:15+00:00
P03354,Billing,2026-03-12 19:50:15+00:00
P03354,Discharge,2026-03-12 20:31:15+00:00
P03357,Patient Arrival,2026-05-23 08:22:19+00:00
P03357,Registration,2026-05-23 08:59:19+00:00
P03357,Waiting,2026-05-23 10:26:19+00:00
P03357,Doctor Consultation,2026-05-23 10:54:19+00:00
P03357,ECG,2026-05-23 11:22:19+00:00
P03357,Doctor Consultation,2026-05-23 11:44:19+00:00
P03357,Diagnosis,2026-05-23 12:29:19+00:00
P03357,Ward Transfer,2026-05-23 13:02:19+00:00
P03357,Treatment,2026-05-23 14:24:19+00:00
P03357,Pharmacy,2026-05-23 14:49:19+00:00
P03357,Billing,2026-05-23 15:31:19+00:00
P03357,Discharge,2026-05-23 16:08:19+00:00
P03360,Patient Arrival,2026-07-21 02:00:03+00:00
P03360,Registration,2026-07-21 02:24:03+00:00
P03360,Waiting,2026-07-21 03:46:03+00:00
P03360,Waiting,2026-07-21 03:46:03+00:00
P03360,Doctor Consultation,2026-07-21 04:10:03+00:00
P03360,Urine Test,2026-07-21 04:48:03+00:00
P03360,Doctor Consultation,2026-07-21 05:32:03+00:00
P03360,Diagnosis,2026-07-21 05:57:03+00:00
P03360,Treatment,2026-07-21 08:13:03+00:00
P03360,Pharmacy,2026-07-21 08:41:03+00:00
P03360,Billing,2026-07-21 09:01:03+00:00
P03360,Discharge,2026-07-21 09:37:03+00:00
P03364,Patient Arrival,2026-06-09 18:53:55+00:00
P03364,Registration,2026-06-09 19:39:55+00:00
P03364,Waiting,2026-06-09 21:10:55+00:00
P03364,Doctor Consultation,2026-06-09 21:30:55+00:00
P03364,ECG,2026-06-09 21:53:55+00:00
P03364,Doctor Consultation,2026-06-09 22:33:55+00:00
P03364,Diagnosis,2026-06-09 22:54:55+00:00
P03364,Diagnosis,2026-06-09 22:54:55+00:00
P03364,Treatment,2026-06-10 00:07:55+00:00
P03364,Pharmacy,2026-06-10 00:24:55+00:00
P03364,Billing,2026-06-10 00:47:55+00:00
P03364,Discharge,2026-06-10 01:28:55+00:00
P03371,Patient Arrival,2026-07-28 09:29:58+00:00
P03371,Registration,2026-07-28 10:08:58+00:00
P03371,Waiting,2026-07-28 11:28:58+00:00
P03371,Doctor Consultation,2026-07-28 11:55:58+00:00
P03371,Urine Test,2026-07-28 12:09:58+00:00
P03371,Doctor Consultation,2026-07-28 12:40:58+00:00
P03371,Diagnosis,2026-07-28 13:21:58+00:00
P03371,Treatment,2026-07-28 14:46:58+00:00
P03371,Pharmacy,2026-07-28 15:02:58+00:00
P03371,Billing,2026-07-28 15:29:58+00:00
P03371,Discharge,2026-07-28 15:53:58+00:00
P03372,Patient Arrival,2026-09-02 03:33:09+00:00
P03372,Registration,2026-09-02 04:18:09+00:00
P03372,Waiting,2026-09-02 06:11:09+00:00
P03372,Doctor Consultation,2026-09-02 06:55:09+00:00
P03372,ECG,2026-09-02 07:28:09+00:00
P03372,Doctor Consultation,2026-09-02 07:47:09+00:00
P03372,Diagnosis,2026-09-02 08:27:09+00:00
P03372,Treatment,2026-09-02 09:38:09+00:00
P03372,Pharmacy,2026-09-02 10:18:09+00:00
P03372,Billing,2026-09-02 10:41:09+00:00
P03372,Discharge,2026-09-02 11:15:09+00:00
P03374,Patient Arrival,2026-08-04 11:41:41+00:00
P03374,Registration,2026-08-04 12:29:41+00:00
P03374,Waiting,2026-08-04 13:24:41+00:00
P03374,Doctor Consultation,2026-08-04 14:07:41+00:00
P03374,Diagnosis,2026-08-04 14:33:41+00:00
P03374,Treatment,2026-08-04 15:11:41+00:00
P03374,Pharmacy,2026-08-04 15:46:41+00:00
P03374,Billing,2026-08-04 16:33:41+00:00
P03374,Discharge,2026-08-04 17:05:41+00:00
P03375,Patient Arrival,2026-06-13 11:07:01+00:00
P03375,Registration,2026-06-13 11:36:01+00:00
P03375,Waiting,2026-06-13 12:29:01+00:00
P03375,Doctor Consultation,2026-06-13 13:14:01+00:00
P03375,Diagnosis,2026-06-13 13:45:01+00:00
P03375,Ward Transfer,2026-06-13 14:28:01+00:00
P03375,Treatment,2026-06-13 16:31:01+00:00
P03375,Pharmacy,2026-06-13 16:45:01+00:00
P03375,Billing,2026-06-13 17:11:01+00:00
P03375,Discharge,2026-06-13 17:27:01+00:00
P03378,Patient Arrival,2026-04-13 15:50:47+00:00
P03378,Registration,2026-04-13 16:40:47+00:00
P03378,Waiting,2026-04-13 17:39:47+00:00
P03378,Doctor Consultation,2026-04-13 18:02:47+00:00
P03378,Diagnosis,2026-04-13 18:37:47+00:00
P03378,Ward Transfer,2026-04-13 18:54:47+00:00
P03378,Treatment,2026-04-13 19:53:47+00:00
P03378,Pharmacy,2026-04-13 20:33:47+00:00
P03378,Billing,2026-04-13 20:57:47+00:00
P03378,Discharge,2026-04-13 21:33:47+00:00
P03382,Patient Arrival,2026-05-15 18:43:47+00:00
P03382,Registration,2026-05-15 19:15:47+00:00
P03382,Waiting,2026-05-15 20:23:47+00:00
P03382,Doctor Consultation,2026-05-15 20:50:47+00:00
P03382,Diagnosis,2026-05-15 21:02:47+00:00
P03382,Treatment,2026-05-15 23:22:47+00:00
P03382,Pharmacy,2026-05-15 23:59:47+00:00
P03382,Billing,2026-05-16 00:23:47+00:00
P03382,Discharge,2026-05-16 01:02:47+00:00
P03384,Patient Arrival,2026-04-21 07:46:52+00:00
P03384,Registration,2026-04-21 08:26:52+00:00
P03384,Waiting,2026-04-21 09:36:52+00:00
P03384,Doctor Consultation,2026-04-21 09:47:52+00:00
P03384,Urine Test,2026-04-21 10:02:52+00:00
P03384,Doctor Consultation,2026-04-21 10:29:52+00:00
P03384,Diagnosis,2026-04-21 11:17:52+00:00
P03384,Ward Transfer,2026-04-21 11:46:52+00:00
P03384,Treatment,2026-04-21 13:40:52+00:00
P03384,Pharmacy,2026-04-21 14:22:52+00:00
P03384,Billing,2026-04-21 14:32:52+00:00
P03384,Discharge,2026-04-21 15:17:52+00:00
P03385,Patient Arrival,2026-11-15 01:29:50+00:00
P03385,Registration,2026-11-15 02:12:50+00:00
P03385,Waiting,2026-11-15 02:42:50+00:00
P03385,Doctor Consultation,2026-11-15 02:59:50+00:00
P03385,Blood Test,2026-11-15 03:22:50+00:00
P03385,Doctor Consultation,2026-11-15 03:54:50+00:00
P03385,Diagnosis,2026-11-15 04:23:50+00:00
P03385,Ward Transfer,2026-11-15 05:07:50+00:00
P03385,Treatment,2026-11-15 06:01:50+00:00
P03385,Pharmacy,2026-11-15 06:25:50+00:00
P03385,Billing,2026-11-15 07:17:50+00:00
P03385,Discharge,2026-11-15 07:55:50+00:00
P03388,Patient Arrival,2026-03-27 16:51:08+00:00
P03388,Registration,2026-03-27 17:46:08+00:00
P03388,Waiting,2026-03-27 19:12:08+00:00
P03388,Doctor Consultation,2026-03-27 19:56:08+00:00
P03388,Urine Test,2026-03-27 20:10:08+00:00
P03388,Doctor Consultation,2026-03-27 20:50:08+00:00
P03388,Diagnosis,2026-03-27 21:34:08+00:00
P03388,Treatment,2026-03-27 23:37:08+00:00
P03388,Pharmacy,2026-03-28 00:00:08+00:00
P03388,Billing,2026-03-28 00:50:08+00:00
P03388,Discharge,2026-03-28 01:05:08+00:00
P03389,Patient Arrival,2026-08-29 13:02:38+00:00
P03389,Registration,2026-08-29 13:28:38+00:00
P03389,Waiting,2026-08-29 15:00:38+00:00
P03389,Doctor Consultation,2026-08-29 15:28:38+00:00
P03389,Blood Test,2026-08-29 15:48:38+00:00
P03389,Doctor Consultation,2026-08-29 16:12:38+00:00
P03389,Diagnosis,2026-08-29 16:39:38+00:00
P03389,Treatment,2026-08-29 18:43:38+00:00
P03389,Treatment,2026-08-29 18:43:38+00:00
P03389,Pharmacy,2026-08-29 19:02:38+00:00
P03389,Billing,2026-08-29 19:50:38+00:00
P03389,Discharge,2026-08-29 20:25:38+00:00
P03390,Patient Arrival,2026-09-08 09:12:07+00:00
P03390,Registration,2026-09-08 09:45:07+00:00
P03390,Waiting,2026-09-08 11:21:07+00:00
P03390,Doctor Consultation,2026-09-08 11:56:07+00:00
P03390,X-Ray,2026-09-08 12:32:07+00:00
P03390,Doctor Consultation,2026-09-08 12:50:07+00:00
P03390,Diagnosis,2026-09-08 13:30:07+00:00
P03390,Treatment,2026-09-08 15:24:07+00:00
P03390,Pharmacy,2026-09-08 15:59:07+00:00
P03390,Billing,2026-09-08 16:24:07+00:00
P03390,Discharge,2026-09-08 17:14:07+00:00
P03391,Patient Arrival,2026-02-09 02:47:50+00:00
P03391,Registration,2026-02-09 03:14:50+00:00
P03391,Waiting,2026-02-09 03:48:50+00:00
P03391,Doctor Consultation,2026-02-09 04:05:50+00:00
P03391,Blood Test,2026-02-09 04:50:50+00:00
P03391,Doctor Consultation,2026-02-09 05:16:50+00:00
P03391,Diagnosis,2026-02-09 05:44:50+00:00
P03391,Ward Transfer,2026-02-09 06:25:50+00:00
P03391,Treatment,2026-02-09 08:13:50+00:00
P03391,Pharmacy,2026-02-09 09:05:50+00:00
P03391,Billing,2026-02-09 09:16:50+00:00
P03391,Discharge,2026-02-09 09:32:50+00:00
P03391,Discharge,2026-02-09 09:32:50+00:00
P03393,Patient Arrival,2026-11-26 16:44:49+00:00
P03393,Registration,2026-11-26 17:14:49+00:00
P03393,Waiting,2026-11-26 18:19:49+00:00
P03393,Doctor Consultation,2026-11-26 18:46:49+00:00
P03393,Blood Test,2026-11-26 19:08:49+00:00
P03393,Doctor Consultation,2026-11-26 19:35:49+00:00
P03393,Diagnosis,2026-11-26 20:20:49+00:00
P03393,Treatment,2026-11-26 21:53:49+00:00
P03393,Pharmacy,2026-11-26 22:16:49+00:00
P03393,Billing,2026-11-26 22:42:49+00:00
P03393,Discharge,2026-11-26 23:35:49+00:00
P03394,Patient Arrival,2026-04-13 06:07:39+00:00
P03394,Registration,2026-04-13 06:35:39+00:00
P03394,Waiting,2026-04-13 07:38:39+00:00
P03394,Doctor Consultation,2026-04-13 08:18:39+00:00
P03394,Diagnosis,2026-04-13 09:09:39+00:00
P03394,Treatment,2026-04-13 10:59:39+00:00
P03394,Pharmacy,2026-04-13 11:21:39+00:00
P03394,Billing,2026-04-13 11:35:39+00:00
P03394,Discharge,2026-04-13 12:10:39+00:00
P03395,Patient Arrival,2026-06-10 16:31:24+00:00
P03395,Registration,2026-06-10 17:15:24+00:00
P03395,Waiting,2026-06-10 18:52:24+00:00
P03395,Doctor Consultation,2026-06-10 19:16:24+00:00
P03395,Diagnosis,2026-06-10 19:57:24+00:00
P03395,Treatment,2026-06-10 21:05:24+00:00
P03395,Pharmacy,2026-06-10 21:39:24+00:00
P03395,Billing,2026-06-10 22:12:24+00:00
P03395,Discharge,2026-06-10 23:01:24+00:00
P03397,Patient Arrival,2026-05-08 02:33:44+00:00
P03397,Registration,2026-05-08 03:25:44+00:00
P03397,Waiting,2026-05-08 05:01:44+00:00
P03397,Doctor Consultation,2026-05-08 05:41:44+00:00
P03397,X-Ray,2026-05-08 05:50:44+00:00
P03397,Doctor Consultation,2026-05-08 06:21:44+00:00
P03397,Diagnosis,2026-05-08 06:49:44+00:00
P03397,Ward Transfer,2026-05-08 07:34:44+00:00
P03397,Treatment,2026-05-08 08:52:44+00:00
P03397,Pharmacy,2026-05-08 09:19:44+00:00
P03397,Billing,2026-05-08 09:53:44+00:00
P03397,Discharge,2026-05-08 10:41:44+00:00
P03399,Patient Arrival,2026-01-28 17:44:33+00:00
P03399,Registration,2026-01-28 18:22:33+00:00
P03399,Waiting,2026-01-28 19:56:33+00:00
P03399,Doctor Consultation,2026-01-28 20:24:33+00:00
P03399,Diagnosis,2026-01-28 21:13:33+00:00
P03399,Treatment,2026-01-28 23:16:33+00:00
P03399,Pharmacy,2026-01-28 23:51:33+00:00
P03399,Billing,2026-01-29 00:20:33+00:00
P03399,Discharge,2026-01-29 00:43:33+00:00
P03400,Patient Arrival,2026-12-05 19:26:09+00:00
P03400,Patient Arrival,2026-12-05 19:26:09+00:00
P03400,Registration,2026-12-05 20:04:09+00:00
P03400,Waiting,2026-12-05 21:45:09+00:00
P03400,Doctor Consultation,2026-12-05 22:13:09+00:00
P03400,ECG,2026-12-05 22:33:09+00:00
P03400,Doctor Consultation,2026-12-05 22:57:09+00:00
P03400,Diagnosis,2026-12-05 23:25:09+00:00
P03400,Treatment,2026-12-06 00:52:09+00:00
P03400,Pharmacy,2026-12-06 01:19:09+00:00
P03400,Billing,2026-12-06 02:01:09+00:00
P03400,Discharge,2026-12-06 02:32:09+00:00
P03401,Patient Arrival,2026-12-24 16:34:46+00:00
P03401,Registration,2026-12-24 17:10:46+00:00
P03401,Registration,2026-12-24 17:10:46+00:00
P03401,Waiting,2026-12-24 18:10:46+00:00
P03401,Doctor Consultation,2026-12-24 18:33:46+00:00
P03401,Urine Test,2026-12-24 19:11:46+00:00
P03401,Doctor Consultation,2026-12-24 19:47:46+00:00
P03401,Diagnosis,2026-12-24 20:01:46+00:00
P03401,Treatment,2026-12-24 20:35:46+00:00
P03401,Pharmacy,2026-12-24 20:58:46+00:00
P03401,Billing,2026-12-24 21:40:46+00:00
P03401,Discharge,2026-12-24 22:16:46+00:00
P03409,Patient Arrival,2026-01-09 19:48:47+00:00
P03409,Registration,2026-01-09 20:34:47+00:00
P03409,Waiting,2026-01-09 22:21:47+00:00
P03409,Doctor Consultation,2026-01-09 23:08:47+00:00
P03409,X-Ray,2026-01-09 23:53:47+00:00
P03409,Doctor Consultation,2026-01-10 00:10:47+00:00
P03409,Diagnosis,2026-01-10 00:46:47+00:00
P03409,Treatment,2026-01-10 02:35:47+00:00
P03409,Pharmacy,2026-01-10 03:08:47+00:00
P03409,Billing,2026-01-10 03:32:47+00:00
P03409,Discharge,2026-01-10 04:06:47+00:00
P03411,Patient Arrival,2026-01-11 23:12:13+00:00
P03411,Registration,2026-01-11 23:55:13+00:00
P03411,Waiting,2026-01-12 00:43:13+00:00
P03411,Doctor Consultation,2026-01-12 01:18:13+00:00
P03411,Diagnosis,2026-01-12 01:32:13+00:00
P03411,Ward Transfer,2026-01-12 02:10:13+00:00
P03411,Treatment,2026-01-12 02:52:13+00:00
P03411,Pharmacy,2026-01-12 03:17:13+00:00
P03411,Billing,2026-01-12 03:44:13+00:00
P03411,Discharge,2026-01-12 04:04:13+00:00
P03416,Patient Arrival,2026-03-30 02:00:44+00:00
P03416,Registration,2026-03-30 02:35:44+00:00
P03416,Waiting,2026-03-30 03:27:44+00:00
P03416,Doctor Consultation,2026-03-30 04:03:44+00:00
P03416,Diagnosis,2026-03-30 04:16:44+00:00
P03416,Treatment,2026-03-30 05:20:44+00:00
P03416,Pharmacy,2026-03-30 06:11:44+00:00
P03416,Billing,2026-03-30 06:55:44+00:00
P03416,Discharge,2026-03-30 07:24:44+00:00
P03420,Patient Arrival,2026-05-02 23:40:22+00:00
P03420,Registration,2026-05-03 00:19:22+00:00
P03420,Waiting,2026-05-03 01:46:22+00:00
P03420,Doctor Consultation,2026-05-03 02:06:22+00:00
P03420,Diagnosis,2026-05-03 02:44:22+00:00
P03420,Ward Transfer,2026-05-03 03:25:22+00:00
P03420,Treatment,2026-05-03 04:49:22+00:00
P03420,Pharmacy,2026-05-03 05:08:22+00:00
P03420,Billing,2026-05-03 05:34:22+00:00
P03420,Discharge,2026-05-03 05:51:22+00:00
P03423,Patient Arrival,2026-04-01 14:26:18+00:00
P03423,Registration,2026-04-01 15:05:18+00:00
P03423,Waiting,2026-04-01 15:41:18+00:00
P03423,Doctor Consultation,2026-04-01 16:01:18+00:00
P03423,Urine Test,2026-04-01 16:30:18+00:00
P03423,Doctor Consultation,2026-04-01 16:42:18+00:00
P03423,Diagnosis,2026-04-01 17:01:18+00:00
P03423,Ward Transfer,2026-04-01 17:35:18+00:00
P03423,Treatment,2026-04-01 19:38:18+00:00
P03423,Pharmacy,2026-04-01 19:51:18+00:00
P03423,Billing,2026-04-01 20:25:18+00:00
P03423,Discharge,2026-04-01 20:45:18+00:00
P03425,Patient Arrival,2026-12-19 13:02:18+00:00
P03425,Registration,2026-12-19 13:32:18+00:00
P03425,Waiting,2026-12-19 14:22:18+00:00
P03425,Doctor Consultation,2026-12-19 14:58:18+00:00
P03425,Diagnosis,2026-12-19 15:16:18+00:00
P03425,Treatment,2026-12-19 16:04:18+00:00
P03425,Pharmacy,2026-12-19 16:47:18+00:00
P03425,Billing,2026-12-19 17:13:18+00:00
P03425,Discharge,2026-12-19 17:40:18+00:00
P03428,Patient Arrival,2026-12-23 23:30:50+00:00
P03428,Registration,2026-12-23 23:59:50+00:00
P03428,Waiting,2026-12-24 00:38:50+00:00
P03428,Doctor Consultation,2026-12-24 01:17:50+00:00
P03428,Diagnosis,2026-12-24 01:49:50+00:00
P03428,Treatment,2026-12-24 03:48:50+00:00
P03428,Pharmacy,2026-12-24 04:12:50+00:00
P03428,Billing,2026-12-24 04:47:50+00:00
P03428,Discharge,2026-12-24 05:24:50+00:00
P03429,Patient Arrival,2026-08-30 19:07:55+00:00
P03429,Patient Arrival,2026-08-30 19:07:55+00:00
P03429,Registration,2026-08-30 19:58:55+00:00
P03429,Waiting,2026-08-30 21:09:55+00:00
P03429,Doctor Consultation,2026-08-30 21:44:55+00:00
P03429,Urine Test,2026-08-30 22:26:55+00:00
P03429,Doctor Consultation,2026-08-30 23:01:55+00:00
P03429,Diagnosis,2026-08-30 23:29:55+00:00
P03429,Treatment,2026-08-31 00:42:55+00:00
P03429,Pharmacy,2026-08-31 01:20:55+00:00
P03429,Billing,2026-08-31 01:40:55+00:00
P03429,Discharge,2026-08-31 02:05:55+00:00
P03435,Patient Arrival,2026-04-03 12:31:29+00:00
P03435,Registration,2026-04-03 13:10:29+00:00
P03435,Waiting,2026-04-03 14:17:29+00:00
P03435,Doctor Consultation,2026-04-03 14:48:29+00:00
P03435,Urine Test,2026-04-03 15:24:29+00:00
P03435,Doctor Consultation,2026-04-03 16:07:29+00:00
P03435,Diagnosis,2026-04-03 16:35:29+00:00
P03435,Treatment,2026-04-03 18:18:29+00:00
P03435,Pharmacy,2026-04-03 18:55:29+00:00
P03435,Billing,2026-04-03 19:17:29+00:00
P03435,Discharge,2026-04-03 19:39:29+00:00
P03438,Patient Arrival,2026-06-15 01:26:01+00:00
P03438,Registration,2026-06-15 02:02:01+00:00
P03438,Waiting,2026-06-15 02:31:01+00:00
P03438,Doctor Consultation,2026-06-15 02:47:01+00:00
P03438,Diagnosis,2026-06-15 03:24:01+00:00
P03438,Ward Transfer,2026-06-15 03:58:01+00:00
P03438,Treatment,2026-06-15 05:31:01+00:00
P03438,Pharmacy,2026-06-15 06:17:01+00:00
P03438,Billing,2026-06-15 06:46:01+00:00
P03438,Discharge,2026-06-15 07:12:01+00:00
P03439,Patient Arrival,2026-07-20 01:47:38+00:00
P03439,Registration,2026-07-20 02:21:38+00:00
P03439,Waiting,2026-07-20 03:38:38+00:00
P03439,Doctor Consultation,2026-07-20 04:12:38+00:00
P03439,Diagnosis,2026-07-20 04:43:38+00:00
P03439,Treatment,2026-07-20 07:02:38+00:00
P03439,Pharmacy,2026-07-20 07:35:38+00:00
P03439,Billing,2026-07-20 08:06:38+00:00
P03439,Discharge,2026-07-20 08:40:38+00:00
P03442,Patient Arrival,2026-04-13 06:14:22+00:00
P03442,Registration,2026-04-13 06:29:22+00:00
P03442,Waiting,2026-04-13 08:00:22+00:00
P03442,Doctor Consultation,2026-04-13 08:37:22+00:00
P03442,Diagnosis,2026-04-13 09:02:22+00:00
P03442,Treatment,2026-04-13 10:53:22+00:00
P03442,Pharmacy,2026-04-13 11:27:22+00:00
P03442,Billing,2026-04-13 12:07:22+00:00
P03442,Discharge,2026-04-13 12:36:22+00:00
P03444,Patient Arrival,2026-08-01 18:24:48+00:00
P03444,Registration,2026-08-01 18:45:48+00:00
P03444,Waiting,2026-08-01 20:05:48+00:00
P03444,Doctor Consultation,2026-08-01 20:31:48+00:00
P03444,Urine Test,2026-08-01 20:50:48+00:00
P03444,Doctor Consultation,2026-08-01 21:30:48+00:00
P03444,Diagnosis,2026-08-01 21:57:48+00:00
P03444,Treatment,2026-08-01 23:06:48+00:00
P03444,Pharmacy,2026-08-01 23:48:48+00:00
P03444,Billing,2026-08-02 00:24:48+00:00
P03444,Discharge,2026-08-02 01:06:48+00:00
P03448,Patient Arrival,2026-10-31 21:08:45+00:00
P03448,Registration,2026-10-31 21:55:45+00:00
P03448,Waiting,2026-10-31 23:09:45+00:00
P03448,Doctor Consultation,2026-10-31 23:40:45+00:00
P03448,ECG,2026-11-01 00:03:45+00:00
P03448,Doctor Consultation,2026-11-01 00:42:45+00:00
P03448,Diagnosis,2026-11-01 00:59:45+00:00
P03448,Treatment,2026-11-01 01:47:45+00:00
P03448,Pharmacy,2026-11-01 02:14:45+00:00
P03448,Billing,2026-11-01 02:36:45+00:00
P03448,Discharge,2026-11-01 03:21:45+00:00
P03449,Patient Arrival,2026-12-16 18:31:17+00:00
P03449,Registration,2026-12-16 18:52:17+00:00
P03449,Waiting,2026-12-16 19:51:17+00:00
P03449,Doctor Consultation,2026-12-16 20:14:17+00:00
P03449,ECG,2026-12-16 20:52:17+00:00
P03449,Doctor Consultation,2026-12-16 21:29:17+00:00
P03449,Diagnosis,2026-12-16 21:49:17+00:00
P03449,Treatment,2026-12-16 23:08:17+00:00
P03449,Pharmacy,2026-12-16 23:48:17+00:00
P03449,Billing,2026-12-17 00:17:17+00:00
P03449,Discharge,2026-12-17 00:53:17+00:00
P03454,Patient Arrival,2026-05-16 09:41:07+00:00
P03454,Registration,2026-05-16 10:04:07+00:00
P03454,Waiting,2026-05-16 11:39:07+00:00
P03454,Doctor Consultation,2026-05-16 12:00:07+00:00
P03454,Diagnosis,2026-05-16 12:23:07+00:00
P03454,Treatment,2026-05-16 14:16:07+00:00
P03454,Pharmacy,2026-05-16 15:01:07+00:00
P03454,Billing,2026-05-16 15:39:07+00:00
P03454,Discharge,2026-05-16 16:03:07+00:00
P03460,Patient Arrival,2026-06-25 16:05:59+00:00
P03460,Registration,2026-06-25 16:41:59+00:00
P03460,Waiting,2026-06-25 18:19:59+00:00
P03460,Doctor Consultation,2026-06-25 18:47:59+00:00
P03460,Blood Test,2026-06-25 19:17:59+00:00
P03460,Doctor Consultation,2026-06-25 19:43:59+00:00
P03460,Diagnosis,2026-06-25 20:32:59+00:00
P03460,Ward Transfer,2026-06-25 21:07:59+00:00
P03460,Treatment,2026-06-25 22:56:59+00:00
P03460,Pharmacy,2026-06-25 23:45:59+00:00
P03460,Billing,2026-06-26 00:23:59+00:00
P03460,Discharge,2026-06-26 00:46:59+00:00
P03461,Patient Arrival,2026-10-04 06:55:27+00:00
P03461,Registration,2026-10-04 07:07:27+00:00
P03461,Waiting,2026-10-04 08:31:27+00:00
P03461,Doctor Consultation,2026-10-04 09:05:27+00:00
P03461,Blood Test,2026-10-04 09:55:27+00:00
P03461,Doctor Consultation,2026-10-04 10:11:27+00:00
P03461,Diagnosis,2026-10-04 10:38:27+00:00
P03461,Treatment,2026-10-04 11:41:27+00:00
P03461,Pharmacy,2026-10-04 12:14:27+00:00
P03461,Billing,2026-10-04 12:50:27+00:00
P03461,Discharge,2026-10-04 13:08:27+00:00
P03465,Patient Arrival,2026-07-22 23:09:08+00:00
P03465,Registration,2026-07-22 23:40:08+00:00
P03465,Waiting,2026-07-23 01:27:08+00:00
P03465,Doctor Consultation,2026-07-23 01:55:08+00:00
P03465,Diagnosis,2026-07-23 02:29:08+00:00
P03465,Treatment,2026-07-23 03:13:08+00:00
P03465,Pharmacy,2026-07-23 03:54:08+00:00
P03465,Billing,2026-07-23 04:27:08+00:00
P03465,Discharge,2026-07-23 05:10:08+00:00
P03466,Patient Arrival,2026-04-24 05:30:47+00:00
P03466,Registration,2026-04-24 05:43:47+00:00
P03466,Waiting,2026-04-24 07:27:47+00:00
P03466,Doctor Consultation,2026-04-24 08:08:47+00:00
P03466,X-Ray,2026-04-24 08:41:47+00:00
P03466,Doctor Consultation,2026-04-24 09:15:47+00:00
P03466,Diagnosis,2026-04-24 09:40:47+00:00
P03466,Treatment,2026-04-24 11:46:47+00:00
P03466,Pharmacy,2026-04-24 12:16:47+00:00
P03466,Billing,2026-04-24 12:36:47+00:00
P03466,Discharge,2026-04-24 12:57:47+00:00
P03467,Patient Arrival,2026-08-03 02:50:21+00:00
P03467,Registration,2026-08-03 03:24:21+00:00
P03467,Waiting,2026-08-03 04:18:21+00:00
P03467,Doctor Consultation,2026-08-03 04:47:21+00:00
P03467,Blood Test,2026-08-03 05:08:21+00:00
P03467,Doctor Consultation,2026-08-03 05:39:21+00:00
P03467,Diagnosis,2026-08-03 06:24:21+00:00
P03467,Treatment,2026-08-03 08:24:21+00:00
P03467,Pharmacy,2026-08-03 08:49:21+00:00
P03467,Billing,2026-08-03 08:59:21+00:00
P03467,Discharge,2026-08-03 09:18:21+00:00
P03469,Patient Arrival,2026-05-10 07:18:19+00:00
P03469,Registration,2026-05-10 07:37:19+00:00
P03469,Waiting,2026-05-10 08:57:19+00:00
P03469,Doctor Consultation,2026-05-10 09:32:19+00:00
P03469,Diagnosis,2026-05-10 10:06:19+00:00
P03469,Ward Transfer,2026-05-10 10:46:19+00:00
P03469,Treatment,2026-05-10 11:24:19+00:00
P03469,Pharmacy,2026-05-10 11:57:19+00:00
P03469,Billing,2026-05-10 12:42:19+00:00
P03469,Discharge,2026-05-10 13:00:19+00:00
P03470,Patient Arrival,2026-09-25 19:21:56+00:00
P03470,Registration,2026-09-25 19:50:56+00:00
P03470,Waiting,2026-09-25 20:55:56+00:00
P03470,Doctor Consultation,2026-09-25 21:35:56+00:00
P03470,Diagnosis,2026-09-25 22:09:56+00:00
P03470,Treatment,2026-09-25 23:29:56+00:00
P03470,Pharmacy,2026-09-26 00:01:56+00:00
P03470,Billing,2026-09-26 00:16:56+00:00
P03470,Discharge,2026-09-26 00:50:56+00:00
P03472,Patient Arrival,2026-01-02 10:52:22+00:00
P03472,Registration,2026-01-02 11:13:22+00:00
P03472,Waiting,2026-01-02 12:04:22+00:00
P03472,Doctor Consultation,2026-01-02 12:36:22+00:00
P03472,X-Ray,2026-01-02 13:02:22+00:00
P03472,Doctor Consultation,2026-01-02 13:27:22+00:00
P03472,Diagnosis,2026-01-02 14:12:22+00:00
P03472,Treatment,2026-01-02 15:24:22+00:00
P03472,Pharmacy,2026-01-02 15:55:22+00:00
P03472,Billing,2026-01-02 16:35:22+00:00
P03472,Discharge,2026-01-02 17:12:22+00:00
P03477,Patient Arrival,2026-04-22 23:15:32+00:00
P03477,Registration,2026-04-23 00:00:32+00:00
P03477,Waiting,2026-04-23 01:57:32+00:00
P03477,Doctor Consultation,2026-04-23 02:43:32+00:00
P03477,Urine Test,2026-04-23 03:25:32+00:00
P03477,Doctor Consultation,2026-04-23 03:58:32+00:00
P03477,Diagnosis,2026-04-23 04:50:32+00:00
P03477,Treatment,2026-04-23 06:15:32+00:00
P03477,Pharmacy,2026-04-23 06:53:32+00:00
P03477,Billing,2026-04-23 07:09:32+00:00
P03477,Discharge,2026-04-23 07:31:32+00:00
P03478,Patient Arrival,2026-02-25 18:36:20+00:00
P03478,Registration,2026-02-25 19:09:20+00:00
P03478,Waiting,2026-02-25 20:58:20+00:00
P03478,Doctor Consultation,2026-02-25 21:45:20+00:00
P03478,Diagnosis,2026-02-25 22:23:20+00:00
P03478,Ward Transfer,2026-02-25 22:56:20+00:00
P03478,Treatment,2026-02-26 00:12:20+00:00
P03478,Pharmacy,2026-02-26 00:31:20+00:00
P03478,Billing,2026-02-26 01:06:20+00:00
P03478,Discharge,2026-02-26 01:17:20+00:00
P03481,Patient Arrival,2026-11-05 09:41:15+00:00
P03481,Registration,2026-11-05 10:27:15+00:00
P03481,Waiting,2026-11-05 12:08:15+00:00
P03481,Doctor Consultation,2026-11-05 12:39:15+00:00
P03481,X-Ray,2026-11-05 13:04:15+00:00
P03481,Doctor Consultation,2026-11-05 13:46:15+00:00
P03481,Diagnosis,2026-11-05 14:16:15+00:00
P03481,Treatment,2026-11-05 16:03:15+00:00
P03481,Pharmacy,2026-11-05 16:35:15+00:00
P03481,Billing,2026-11-05 17:08:15+00:00
P03481,Discharge,2026-11-05 17:40:15+00:00
P03482,Patient Arrival,2026-04-02 14:59:02+00:00
P03482,Registration,2026-04-02 15:15:02+00:00
P03482,Waiting,2026-04-02 16:12:02+00:00
P03482,Doctor Consultation,2026-04-02 16:45:02+00:00
P03482,Diagnosis,2026-04-02 17:27:02+00:00
P03482,Treatment,2026-04-02 19:03:02+00:00
P03482,Pharmacy,2026-04-02 19:45:02+00:00
P03482,Billing,2026-04-02 20:20:02+00:00
P03482,Discharge,2026-04-02 20:41:02+00:00
P03484,Patient Arrival,2026-10-29 20:15:47+00:00
P03484,Registration,2026-10-29 20:46:47+00:00
P03484,Waiting,2026-10-29 21:36:47+00:00
P03484,Doctor Consultation,2026-10-29 21:46:47+00:00
P03484,X-Ray,2026-10-29 22:35:47+00:00
P03484,Doctor Consultation,2026-10-29 23:12:47+00:00
P03484,Diagnosis,2026-10-30 00:03:47+00:00
P03484,Treatment,2026-10-30 01:32:47+00:00
P03484,Pharmacy,2026-10-30 02:11:47+00:00
P03484,Billing,2026-10-30 02:52:47+00:00
P03484,Discharge,2026-10-30 03:02:47+00:00
P03487,Patient Arrival,2026-07-03 05:44:34+00:00
P03487,Registration,2026-07-03 06:06:34+00:00
P03487,Waiting,2026-07-03 07:25:34+00:00
P03487,Doctor Consultation,2026-07-03 07:37:34+00:00
P03487,Diagnosis,2026-07-03 08:15:34+00:00
P03487,Treatment,2026-07-03 09:42:34+00:00
P03487,Pharmacy,2026-07-03 10:13:34+00:00
P03487,Billing,2026-07-03 10:38:34+00:00
P03487,Discharge,2026-07-03 11:16:34+00:00
P03489,Patient Arrival,2026-01-18 21:48:11+00:00
P03489,Registration,2026-01-18 22:11:11+00:00
P03489,Waiting,2026-01-18 23:24:11+00:00
P03489,Doctor Consultation,2026-01-19 00:10:11+00:00
P03489,X-Ray,2026-01-19 00:44:11+00:00
P03489,Doctor Consultation,2026-01-19 01:05:11+00:00
P03489,Diagnosis,2026-01-19 01:26:11+00:00
P03489,Ward Transfer,2026-01-19 01:48:11+00:00
P03489,Treatment,2026-01-19 02:59:11+00:00
P03489,Pharmacy,2026-01-19 03:30:11+00:00
P03489,Billing,2026-01-19 03:57:11+00:00
P03489,Discharge,2026-01-19 04:19:11+00:00
P03490,Patient Arrival,2026-02-11 21:39:37+00:00
P03490,Registration,2026-02-11 22:02:37+00:00
P03490,Waiting,2026-02-11 22:53:37+00:00
P03490,Doctor Consultation,2026-02-11 23:07:37+00:00
P03490,X-Ray,2026-02-11 23:41:37+00:00
P03490,Doctor Consultation,2026-02-12 00:10:37+00:00
P03490,Diagnosis,2026-02-12 00:51:37+00:00
P03490,Treatment,2026-02-12 02:24:37+00:00
P03490,Pharmacy,2026-02-12 02:57:37+00:00
P03490,Billing,2026-02-12 03:17:37+00:00
P03490,Discharge,2026-02-12 03:37:37+00:00
P03491,Patient Arrival,2026-02-25 19:42:19+00:00
P03491,Registration,2026-02-25 20:19:19+00:00
P03491,Waiting,2026-02-25 21:59:19+00:00
P03491,Doctor Consultation,2026-02-25 22:30:19+00:00
P03491,Urine Test,2026-02-25 22:56:19+00:00
P03491,Doctor Consultation,2026-02-25 23:38:19+00:00
P03491,Diagnosis,2026-02-26 00:17:19+00:00
P03491,Ward Transfer,2026-02-26 00:32:19+00:00
P03491,Treatment,2026-02-26 01:53:19+00:00
P03491,Pharmacy,2026-02-26 02:28:19+00:00
P03491,Billing,2026-02-26 03:00:19+00:00
P03491,Discharge,2026-02-26 03:36:19+00:00
P03492,Patient Arrival,2026-12-13 20:46:39+00:00
P03492,Registration,2026-12-13 21:08:39+00:00
P03492,Waiting,2026-12-13 22:04:39+00:00
P03492,Doctor Consultation,2026-12-13 22:28:39+00:00
P03492,Urine Test,2026-12-13 22:56:39+00:00
P03492,Doctor Consultation,2026-12-13 23:13:39+00:00
P03492,Diagnosis,2026-12-13 23:59:39+00:00
P03492,Ward Transfer,2026-12-14 00:15:39+00:00
P03492,Treatment,2026-12-14 02:00:39+00:00
P03492,Pharmacy,2026-12-14 02:42:39+00:00
P03492,Billing,2026-12-14 03:11:39+00:00
P03492,Discharge,2026-12-14 03:48:39+00:00
P03493,Patient Arrival,2026-03-07 13:28:04+00:00
P03493,Registration,2026-03-07 13:43:04+00:00
P03493,Waiting,2026-03-07 15:23:04+00:00
P03493,Doctor Consultation,2026-03-07 16:04:04+00:00
P03493,Diagnosis,2026-03-07 16:36:04+00:00
P03493,Treatment,2026-03-07 17:47:04+00:00
P03493,Pharmacy,2026-03-07 18:36:04+00:00
P03493,Billing,2026-03-07 18:49:04+00:00
P03493,Discharge,2026-03-07 19:21:04+00:00
P03495,Patient Arrival,2026-08-17 04:59:52+00:00
P03495,Registration,2026-08-17 05:13:52+00:00
P03495,Registration,2026-08-17 05:13:52+00:00
P03495,Waiting,2026-08-17 06:15:52+00:00
P03495,Doctor Consultation,2026-08-17 06:56:52+00:00
P03495,X-Ray,2026-08-17 07:11:52+00:00
P03495,Doctor Consultation,2026-08-17 07:37:52+00:00
P03495,Diagnosis,2026-08-17 08:15:52+00:00
P03495,Treatment,2026-08-17 08:54:52+00:00
P03495,Pharmacy,2026-08-17 09:33:52+00:00
P03495,Billing,2026-08-17 09:47:52+00:00
P03495,Discharge,2026-08-17 10:01:52+00:00
P03496,Patient Arrival,2026-04-07 01:25:14+00:00
P03496,Registration,2026-04-07 02:10:14+00:00
P03496,Waiting,2026-04-07 02:52:14+00:00
P03496,Doctor Consultation,2026-04-07 03:32:14+00:00
P03496,ECG,2026-04-07 04:09:14+00:00
P03496,Doctor Consultation,2026-04-07 04:37:14+00:00
P03496,Diagnosis,2026-04-07 05:27:14+00:00
P03496,Ward Transfer,2026-04-07 06:04:14+00:00
P03496,Treatment,2026-04-07 08:05:14+00:00
P03496,Pharmacy,2026-04-07 08:48:14+00:00
P03496,Billing,2026-04-07 09:36:14+00:00
P03496,Discharge,2026-04-07 09:58:14+00:00
P03497,Patient Arrival,2026-12-30 11:42:58+00:00
P03497,Registration,2026-12-30 12:26:58+00:00
P03497,Waiting,2026-12-30 13:25:58+00:00
P03497,Doctor Consultation,2026-12-30 13:55:58+00:00
P03497,Diagnosis,2026-12-30 14:27:58+00:00
P03497,Treatment,2026-12-30 16:00:58+00:00
P03497,Pharmacy,2026-12-30 16:37:58+00:00
P03497,Billing,2026-12-30 16:58:58+00:00
P03497,Discharge,2026-12-30 17:29:58+00:00
P03498,Patient Arrival,2026-12-10 02:12:03+00:00
P03498,Registration,2026-12-10 02:23:03+00:00
P03498,Waiting,2026-12-10 03:03:03+00:00
P03498,Doctor Consultation,2026-12-10 03:26:03+00:00
P03498,ECG,2026-12-10 04:03:03+00:00
P03498,Doctor Consultation,2026-12-10 04:51:03+00:00
P03498,Diagnosis,2026-12-10 05:26:03+00:00
P03498,Treatment,2026-12-10 06:19:03+00:00
P03498,Pharmacy,2026-12-10 06:53:03+00:00
P03498,Billing,2026-12-10 07:19:03+00:00
P03498,Discharge,2026-12-10 08:11:03+00:00
P03503,Patient Arrival,2026-05-14 17:01:43+00:00
P03503,Registration,2026-05-14 17:39:43+00:00
P03503,Waiting,2026-05-14 18:20:43+00:00
P03503,Doctor Consultation,2026-05-14 19:00:43+00:00
P03503,Urine Test,2026-05-14 19:30:43+00:00
P03503,Doctor Consultation,2026-05-14 19:41:43+00:00
P03503,Diagnosis,2026-05-14 20:17:43+00:00
P03503,Treatment,2026-05-14 21:07:43+00:00
P03503,Pharmacy,2026-05-14 21:48:43+00:00
P03503,Billing,2026-05-14 22:17:43+00:00
P03503,Discharge,2026-05-14 22:36:43+00:00
P03508,Patient Arrival,2026-06-22 08:00:27+00:00
P03508,Registration,2026-06-22 08:38:27+00:00
P03508,Waiting,2026-06-22 09:36:27+00:00
P03508,Doctor Consultation,2026-06-22 09:57:27+00:00
P03508,Blood Test,2026-06-22 10:24:27+00:00
P03508,Doctor Consultation,2026-06-22 11:02:27+00:00
P03508,Diagnosis,2026-06-22 11:47:27+00:00
P03508,Ward Transfer,2026-06-22 12:14:27+00:00
P03508,Treatment,2026-06-22 13:00:27+00:00
P03508,Pharmacy,2026-06-22 13:43:27+00:00
P03508,Billing,2026-06-22 14:15:27+00:00
P03508,Discharge,2026-06-22 14:56:27+00:00
P03510,Patient Arrival,2026-02-28 01:46:58+00:00
P03510,Registration,2026-02-28 02:34:58+00:00
P03510,Waiting,2026-02-28 04:09:58+00:00
P03510,Doctor Consultation,2026-02-28 04:53:58+00:00
P03510,Diagnosis,2026-02-28 05:06:58+00:00
P03510,Treatment,2026-02-28 06:24:58+00:00
P03510,Pharmacy,2026-02-28 06:54:58+00:00
P03510,Pharmacy,2026-02-28 06:54:58+00:00
P03510,Billing,2026-02-28 07:32:58+00:00
P03510,Discharge,2026-02-28 08:19:58+00:00
P03511,Patient Arrival,2026-05-13 10:25:33+00:00
P03511,Registration,2026-05-13 11:05:33+00:00
P03511,Waiting,2026-05-13 12:26:33+00:00
P03511,Doctor Consultation,2026-05-13 12:51:33+00:00
P03511,Blood Test,2026-05-13 13:41:33+00:00
P03511,Doctor Consultation,2026-05-13 14:35:33+00:00
P03511,Diagnosis,2026-05-13 15:08:33+00:00
P03511,Treatment,2026-05-13 16:14:33+00:00
P03511,Pharmacy,2026-05-13 16:56:33+00:00
P03511,Billing,2026-05-13 17:29:33+00:00
P03511,Discharge,2026-05-13 17:54:33+00:00
P03511,Discharge,2026-05-13 17:54:33+00:00
P03512,Patient Arrival,2026-02-24 01:05:59+00:00
P03512,Registration,2026-02-24 01:47:59+00:00
P03512,Waiting,2026-02-24 02:45:59+00:00
P03512,Doctor Consultation,2026-02-24 03:25:59+00:00
P03512,Diagnosis,2026-02-24 03:38:59+00:00
P03512,Treatment,2026-02-24 05:41:59+00:00
P03512,Pharmacy,2026-02-24 05:57:59+00:00
P03512,Billing,2026-02-24 06:20:59+00:00
P03512,Discharge,2026-02-24 06:42:59+00:00
P03513,Patient Arrival,2026-10-04 10:58:46+00:00
P03513,Registration,2026-10-04 11:29:46+00:00
P03513,Waiting,2026-10-04 12:31:46+00:00
P03513,Doctor Consultation,2026-10-04 12:49:46+00:00
P03513,Urine Test,2026-10-04 13:14:46+00:00
P03513,Doctor Consultation,2026-10-04 13:58:46+00:00
P03513,Diagnosis,2026-10-04 14:07:46+00:00
P03513,Treatment,2026-10-04 16:05:46+00:00
P03513,Pharmacy,2026-10-04 16:47:46+00:00
P03513,Billing,2026-10-04 17:01:46+00:00
P03513,Discharge,2026-10-04 17:27:46+00:00
P03514,Patient Arrival,2026-02-20 01:29:48+00:00
P03514,Registration,2026-02-20 02:03:48+00:00
P03514,Waiting,2026-02-20 02:47:48+00:00
P03514,Doctor Consultation,2026-02-20 03:14:48+00:00
P03514,Diagnosis,2026-02-20 03:39:48+00:00
P03514,Ward Transfer,2026-02-20 03:51:48+00:00
P03514,Treatment,2026-02-20 06:09:48+00:00
P03514,Pharmacy,2026-02-20 06:30:48+00:00
P03514,Billing,2026-02-20 07:08:48+00:00
P03514,Discharge,2026-02-20 07:34:48+00:00
P03518,Patient Arrival,2026-09-04 21:53:43+00:00
P03518,Registration,2026-09-04 22:22:43+00:00
P03518,Waiting,2026-09-04 23:39:43+00:00
P03518,Doctor Consultation,2026-09-05 00:10:43+00:00
P03518,Diagnosis,2026-09-05 00:44:43+00:00
P03518,Ward Transfer,2026-09-05 01:15:43+00:00
P03518,Treatment,2026-09-05 02:05:43+00:00
P03518,Pharmacy,2026-09-05 02:38:43+00:00
P03518,Billing,2026-09-05 03:04:43+00:00
P03518,Discharge,2026-09-05 03:20:43+00:00
P03522,Patient Arrival,2026-07-09 14:31:31+00:00
P03522,Registration,2026-07-09 15:17:31+00:00
P03522,Waiting,2026-07-09 16:23:31+00:00
P03522,Doctor Consultation,2026-07-09 16:50:31+00:00
P03522,Diagnosis,2026-07-09 17:29:31+00:00
P03522,Treatment,2026-07-09 19:13:31+00:00
P03522,Pharmacy,2026-07-09 19:29:31+00:00
P03522,Billing,2026-07-09 19:57:31+00:00
P03522,Discharge,2026-07-09 20:20:31+00:00
P03528,Patient Arrival,2026-06-27 20:49:30+00:00
P03528,Patient Arrival,2026-06-27 20:49:30+00:00
P03528,Registration,2026-06-27 21:20:30+00:00
P03528,Waiting,2026-06-27 23:05:30+00:00
P03528,Doctor Consultation,2026-06-27 23:47:30+00:00
P03528,Blood Test,2026-06-28 00:12:30+00:00
P03528,Doctor Consultation,2026-06-28 00:52:30+00:00
P03528,Diagnosis,2026-06-28 01:18:30+00:00
P03528,Treatment,2026-06-28 02:06:30+00:00
P03528,Pharmacy,2026-06-28 02:41:30+00:00
P03528,Billing,2026-06-28 03:25:30+00:00
P03528,Discharge,2026-06-28 04:05:30+00:00
P03529,Patient Arrival,2026-09-24 17:30:40+00:00
P03529,Registration,2026-09-24 17:49:40+00:00
P03529,Waiting,2026-09-24 19:15:40+00:00
P03529,Doctor Consultation,2026-09-24 19:51:40+00:00
P03529,Diagnosis,2026-09-24 20:13:40+00:00
P03529,Ward Transfer,2026-09-24 20:24:40+00:00
P03529,Treatment,2026-09-24 21:43:40+00:00
P03529,Pharmacy,2026-09-24 22:20:40+00:00
P03529,Billing,2026-09-24 23:05:40+00:00
P03529,Discharge,2026-09-24 23:47:40+00:00
P03530,Patient Arrival,2026-12-24 14:14:40+00:00
P03530,Registration,2026-12-24 14:27:40+00:00
P03530,Waiting,2026-12-24 16:08:40+00:00
P03530,Waiting,2026-12-24 16:08:40+00:00
P03530,Doctor Consultation,2026-12-24 16:38:40+00:00
P03530,Diagnosis,2026-12-24 17:18:40+00:00
P03530,Treatment,2026-12-24 19:01:40+00:00
P03530,Pharmacy,2026-12-24 19:32:40+00:00
P03530,Billing,2026-12-24 20:04:40+00:00
P03530,Discharge,2026-12-24 20:29:40+00:00
P03531,Patient Arrival,2026-03-04 08:19:24+00:00
P03531,Registration,2026-03-04 09:02:24+00:00
P03531,Waiting,2026-03-04 10:22:24+00:00
P03531,Doctor Consultation,2026-03-04 10:34:24+00:00
P03531,Urine Test,2026-03-04 10:57:24+00:00
P03531,Doctor Consultation,2026-03-04 11:16:24+00:00
P03531,Diagnosis,2026-03-04 11:42:24+00:00
P03531,Treatment,2026-03-04 12:33:24+00:00
P03531,Pharmacy,2026-03-04 12:47:24+00:00
P03531,Billing,2026-03-04 13:18:24+00:00
P03531,Discharge,2026-03-04 14:01:24+00:00
P03533,Patient Arrival,2026-10-13 22:23:53+00:00
P03533,Registration,2026-10-13 22:57:53+00:00
P03533,Waiting,2026-10-14 00:01:53+00:00
P03533,Waiting,2026-10-14 00:01:53+00:00
P03533,Doctor Consultation,2026-10-14 00:43:53+00:00
P03533,Urine Test,2026-10-14 01:12:53+00:00
P03533,Urine Test,2026-10-14 01:12:53+00:00
P03533,Doctor Consultation,2026-10-14 01:43:53+00:00
P03533,Diagnosis,2026-10-14 02:01:53+00:00
P03533,Treatment,2026-10-14 03:13:53+00:00
P03533,Pharmacy,2026-10-14 04:03:53+00:00
P03533,Billing,2026-10-14 04:47:53+00:00
P03533,Discharge,2026-10-14 05:19:53+00:00
P03540,Patient Arrival,2026-12-18 18:38:37+00:00
P03540,Registration,2026-12-18 19:27:37+00:00
P03540,Waiting,2026-12-18 20:37:37+00:00
P03540,Doctor Consultation,2026-12-18 21:15:37+00:00
P03540,Diagnosis,2026-12-18 21:47:37+00:00
P03540,Treatment,2026-12-18 22:59:37+00:00
P03540,Pharmacy,2026-12-18 23:31:37+00:00
P03540,Billing,2026-12-19 00:23:37+00:00
P03540,Discharge,2026-12-19 01:06:37+00:00
P03541,Patient Arrival,2026-08-21 20:54:08+00:00
P03541,Registration,2026-08-21 21:34:08+00:00
P03541,Waiting,2026-08-21 22:40:08+00:00
P03541,Doctor Consultation,2026-08-21 22:57:08+00:00
P03541,Diagnosis,2026-08-21 23:35:08+00:00
P03541,Treatment,2026-08-22 01:56:08+00:00
P03541,Pharmacy,2026-08-22 02:18:08+00:00
P03541,Billing,2026-08-22 02:46:08+00:00
P03541,Discharge,2026-08-22 03:19:08+00:00
P03542,Patient Arrival,2026-06-20 06:41:55+00:00
P03542,Registration,2026-06-20 07:19:55+00:00
P03542,Waiting,2026-06-20 08:36:55+00:00
P03542,Doctor Consultation,2026-06-20 09:05:55+00:00
P03542,Diagnosis,2026-06-20 09:35:55+00:00
P03542,Ward Transfer,2026-06-20 09:51:55+00:00
P03542,Treatment,2026-06-20 10:55:55+00:00
P03542,Pharmacy,2026-06-20 11:15:55+00:00
P03542,Billing,2026-06-20 11:53:55+00:00
P03542,Discharge,2026-06-20 12:03:55+00:00
P03545,Patient Arrival,2026-10-23 21:23:58+00:00
P03545,Registration,2026-10-23 21:57:58+00:00
P03545,Waiting,2026-10-23 23:22:58+00:00
P03545,Doctor Consultation,2026-10-23 23:37:58+00:00
P03545,X-Ray,2026-10-23 23:51:58+00:00
P03545,Doctor Consultation,2026-10-24 00:09:58+00:00
P03545,Diagnosis,2026-10-24 00:50:58+00:00
P03545,Treatment,2026-10-24 02:00:58+00:00
P03545,Pharmacy,2026-10-24 02:27:58+00:00
P03545,Billing,2026-10-24 03:01:58+00:00
P03545,Discharge,2026-10-24 03:15:58+00:00
P03548,Patient Arrival,2026-12-06 02:01:13+00:00
P03548,Registration,2026-12-06 02:41:13+00:00
P03548,Waiting,2026-12-06 04:24:13+00:00
P03548,Doctor Consultation,2026-12-06 04:59:13+00:00
P03548,Diagnosis,2026-12-06 05:18:13+00:00
P03548,Ward Transfer,2026-12-06 06:01:13+00:00
P03548,Treatment,2026-12-06 08:05:13+00:00
P03548,Pharmacy,2026-12-06 08:31:13+00:00
P03548,Billing,2026-12-06 09:12:13+00:00
P03548,Discharge,2026-12-06 09:58:13+00:00
P03550,Patient Arrival,2026-03-01 05:48:54+00:00
P03550,Registration,2026-03-01 06:29:54+00:00
P03550,Waiting,2026-03-01 07:35:54+00:00
P03550,Doctor Consultation,2026-03-01 08:10:54+00:00
P03550,Urine Test,2026-03-01 09:04:54+00:00
P03550,Doctor Consultation,2026-03-01 09:33:54+00:00
P03550,Diagnosis,2026-03-01 10:03:54+00:00
P03550,Treatment,2026-03-01 11:51:54+00:00
P03550,Pharmacy,2026-03-01 12:31:54+00:00
P03550,Billing,2026-03-01 13:11:54+00:00
P03550,Discharge,2026-03-01 13:38:54+00:00
P03554,Patient Arrival,2026-12-11 07:54:04+00:00
P03554,Registration,2026-12-11 08:10:04+00:00
P03554,Waiting,2026-12-11 09:20:04+00:00
P03554,Doctor Consultation,2026-12-11 09:48:04+00:00
P03554,Urine Test,2026-12-11 10:16:04+00:00
P03554,Doctor Consultation,2026-12-11 10:42:04+00:00
P03554,Diagnosis,2026-12-11 11:29:04+00:00
P03554,Diagnosis,2026-12-11 11:29:04+00:00
P03554,Ward Transfer,2026-12-11 12:05:04+00:00
P03554,Treatment,2026-12-11 12:42:04+00:00
P03554,Pharmacy,2026-12-11 12:52:04+00:00
P03554,Billing,2026-12-11 13:17:04+00:00
P03554,Discharge,2026-12-11 13:34:04+00:00
P03559,Patient Arrival,2026-12-04 14:27:30+00:00
P03559,Registration,2026-12-04 15:09:30+00:00
P03559,Waiting,2026-12-04 16:39:30+00:00
P03559,Doctor Consultation,2026-12-04 17:04:30+00:00
P03559,Blood Test,2026-12-04 17:37:30+00:00
P03559,Doctor Consultation,2026-12-04 18:20:30+00:00
P03559,Diagnosis,2026-12-04 18:54:30+00:00
P03559,Ward Transfer,2026-12-04 19:26:30+00:00
P03559,Treatment,2026-12-04 20:41:30+00:00
P03559,Pharmacy,2026-12-04 21:09:30+00:00
P03559,Billing,2026-12-04 21:35:30+00:00
P03559,Discharge,2026-12-04 22:12:30+00:00
P03561,Patient Arrival,2026-09-13 14:59:21+00:00
P03561,Registration,2026-09-13 15:22:21+00:00
P03561,Waiting,2026-09-13 15:50:21+00:00
P03561,Doctor Consultation,2026-09-13 16:41:21+00:00
P03561,Blood Test,2026-09-13 17:10:21+00:00
P03561,Doctor Consultation,2026-09-13 17:36:21+00:00
P03561,Diagnosis,2026-09-13 18:16:21+00:00
P03561,Ward Transfer,2026-09-13 18:57:21+00:00
P03561,Treatment,2026-09-13 20:50:21+00:00
P03561,Pharmacy,2026-09-13 21:15:21+00:00
P03561,Billing,2026-09-13 21:45:21+00:00
P03561,Discharge,2026-09-13 22:14:21+00:00
P03562,Patient Arrival,2026-08-27 03:07:42+00:00
P03562,Registration,2026-08-27 03:29:42+00:00
P03562,Waiting,2026-08-27 04:58:42+00:00
P03562,Doctor Consultation,2026-08-27 05:35:42+00:00
P03562,Urine Test,2026-08-27 06:05:42+00:00
P03562,Doctor Consultation,2026-08-27 06:41:42+00:00
P03562,Diagnosis,2026-08-27 07:04:42+00:00
P03562,Treatment,2026-08-27 09:07:42+00:00
P03562,Pharmacy,2026-08-27 09:23:42+00:00
P03562,Billing,2026-08-27 10:13:42+00:00
P03562,Discharge,2026-08-27 10:42:42+00:00
P03565,Patient Arrival,2026-01-23 09:26:59+00:00
P03565,Registration,2026-01-23 09:46:59+00:00
P03565,Waiting,2026-01-23 11:37:59+00:00
P03565,Doctor Consultation,2026-01-23 12:08:59+00:00
P03565,Blood Test,2026-01-23 12:41:59+00:00
P03565,Doctor Consultation,2026-01-23 13:08:59+00:00
P03565,Diagnosis,2026-01-23 13:38:59+00:00
P03565,Treatment,2026-01-23 15:24:59+00:00
P03565,Pharmacy,2026-01-23 16:10:59+00:00
P03565,Billing,2026-01-23 16:42:59+00:00
P03565,Discharge,2026-01-23 17:23:59+00:00
P03569,Patient Arrival,2026-04-14 03:39:25+00:00
P03569,Registration,2026-04-14 04:01:25+00:00
P03569,Waiting,2026-04-14 05:45:25+00:00
P03569,Doctor Consultation,2026-04-14 05:55:25+00:00
P03569,ECG,2026-04-14 06:21:25+00:00
P03569,Doctor Consultation,2026-04-14 06:42:25+00:00
P03569,Diagnosis,2026-04-14 06:58:25+00:00
P03569,Treatment,2026-04-14 08:17:25+00:00
P03569,Pharmacy,2026-04-14 08:54:25+00:00
P03569,Billing,2026-04-14 09:05:25+00:00
P03569,Discharge,2026-04-14 09:34:25+00:00
P03573,Patient Arrival,2026-08-02 01:12:20+00:00
P03573,Registration,2026-08-02 01:44:20+00:00
P03573,Waiting,2026-08-02 02:44:20+00:00
P03573,Doctor Consultation,2026-08-02 03:21:20+00:00
P03573,ECG,2026-08-02 03:47:20+00:00
P03573,Doctor Consultation,2026-08-02 04:15:20+00:00
P03573,Diagnosis,2026-08-02 04:43:20+00:00
P03573,Treatment,2026-08-02 06:53:20+00:00
P03573,Pharmacy,2026-08-02 07:27:20+00:00
P03573,Billing,2026-08-02 08:09:20+00:00
P03573,Discharge,2026-08-02 08:33:20+00:00
P03575,Patient Arrival,2026-11-23 03:45:19+00:00
P03575,Registration,2026-11-23 04:26:19+00:00
P03575,Waiting,2026-11-23 06:02:19+00:00
P03575,Doctor Consultation,2026-11-23 06:34:19+00:00
P03575,Diagnosis,2026-11-23 06:53:19+00:00
P03575,Ward Transfer,2026-11-23 07:22:19+00:00
P03575,Treatment,2026-11-23 08:04:19+00:00
P03575,Pharmacy,2026-11-23 08:34:19+00:00
P03575,Pharmacy,2026-11-23 08:34:19+00:00
P03575,Billing,2026-11-23 08:57:19+00:00
P03575,Discharge,2026-11-23 09:43:19+00:00
P03579,Patient Arrival,2026-04-08 21:13:15+00:00
P03579,Registration,2026-04-08 21:45:15+00:00
P03579,Waiting,2026-04-08 22:46:15+00:00
P03579,Doctor Consultation,2026-04-08 23:06:15+00:00
P03579,Blood Test,2026-04-08 23:44:15+00:00
P03579,Doctor Consultation,2026-04-09 00:08:15+00:00
P03579,Diagnosis,2026-04-09 00:41:15+00:00
P03579,Ward Transfer,2026-04-09 01:06:15+00:00
P03579,Treatment,2026-04-09 03:30:15+00:00
P03579,Pharmacy,2026-04-09 04:09:15+00:00
P03579,Billing,2026-04-09 04:46:15+00:00
P03579,Discharge,2026-04-09 05:12:15+00:00
P03579,Discharge,2026-04-09 05:12:15+00:00
P03580,Patient Arrival,2026-04-25 18:32:35+00:00
P03580,Patient Arrival,2026-04-25 18:32:35+00:00
P03580,Registration,2026-04-25 19:01:35+00:00
P03580,Waiting,2026-04-25 20:10:35+00:00
P03580,Doctor Consultation,2026-04-25 20:37:35+00:00
P03580,Diagnosis,2026-04-25 21:30:35+00:00
P03580,Treatment,2026-04-25 23:35:35+00:00
P03580,Pharmacy,2026-04-25 23:57:35+00:00
P03580,Billing,2026-04-26 00:20:35+00:00
P03580,Discharge,2026-04-26 00:34:35+00:00
P03581,Patient Arrival,2026-08-04 15:34:13+00:00
P03581,Registration,2026-08-04 16:07:13+00:00
P03581,Waiting,2026-08-04 17:51:13+00:00
P03581,Doctor Consultation,2026-08-04 18:17:13+00:00
P03581,Urine Test,2026-08-04 19:07:13+00:00
P03581,Doctor Consultation,2026-08-04 19:28:13+00:00
P03581,Diagnosis,2026-08-04 20:02:13+00:00
P03581,Treatment,2026-08-04 21:01:13+00:00
P03581,Pharmacy,2026-08-04 21:32:13+00:00
P03581,Billing,2026-08-04 22:26:13+00:00
P03581,Billing,2026-08-04 22:26:13+00:00
P03581,Discharge,2026-08-04 23:05:13+00:00
P03584,Patient Arrival,2026-12-11 01:12:59+00:00
P03584,Registration,2026-12-11 01:54:59+00:00
P03584,Waiting,2026-12-11 03:31:59+00:00
P03584,Doctor Consultation,2026-12-11 03:54:59+00:00
P03584,Blood Test,2026-12-11 04:32:59+00:00
P03584,Doctor Consultation,2026-12-11 04:54:59+00:00
P03584,Diagnosis,2026-12-11 05:27:59+00:00
P03584,Treatment,2026-12-11 06:24:59+00:00
P03584,Pharmacy,2026-12-11 07:03:59+00:00
P03584,Billing,2026-12-11 07:43:59+00:00
P03584,Discharge,2026-12-11 08:29:59+00:00
P03585,Patient Arrival,2026-12-06 22:15:07+00:00
P03585,Registration,2026-12-06 22:54:07+00:00
P03585,Waiting,2026-12-07 00:18:07+00:00
P03585,Doctor Consultation,2026-12-07 01:04:07+00:00
P03585,Diagnosis,2026-12-07 01:33:07+00:00
P03585,Treatment,2026-12-07 02:31:07+00:00
P03585,Pharmacy,2026-12-07 03:07:07+00:00
P03585,Billing,2026-12-07 03:36:07+00:00
P03585,Discharge,2026-12-07 04:21:07+00:00
P03586,Patient Arrival,2026-07-11 05:49:37+00:00
P03586,Registration,2026-07-11 06:07:37+00:00
P03586,Registration,2026-07-11 06:07:37+00:00
P03586,Waiting,2026-07-11 07:46:37+00:00
P03586,Doctor Consultation,2026-07-11 08:23:37+00:00
P03586,X-Ray,2026-07-11 09:07:37+00:00
P03586,Doctor Consultation,2026-07-11 09:43:37+00:00
P03586,Diagnosis,2026-07-11 10:14:37+00:00
P03586,Treatment,2026-07-11 10:48:37+00:00
P03586,Pharmacy,2026-07-11 11:05:37+00:00
P03586,Billing,2026-07-11 11:54:37+00:00
P03586,Discharge,2026-07-11 12:39:37+00:00
P03588,Patient Arrival,2026-05-08 00:09:16+00:00
P03588,Registration,2026-05-08 00:26:16+00:00
P03588,Waiting,2026-05-08 01:42:16+00:00
P03588,Doctor Consultation,2026-05-08 02:07:16+00:00
P03588,Urine Test,2026-05-08 02:37:16+00:00
P03588,Doctor Consultation,2026-05-08 03:17:16+00:00
P03588,Diagnosis,2026-05-08 03:51:16+00:00
P03588,Treatment,2026-05-08 05:07:16+00:00
P03588,Pharmacy,2026-05-08 05:20:16+00:00
P03588,Billing,2026-05-08 05:47:16+00:00
P03588,Discharge,2026-05-08 06:20:16+00:00
P03589,Patient Arrival,2026-05-12 20:12:26+00:00
P03589,Registration,2026-05-12 20:57:26+00:00
P03589,Registration,2026-05-12 20:57:26+00:00
P03589,Waiting,2026-05-12 21:41:26+00:00
P03589,Doctor Consultation,2026-05-12 22:02:26+00:00
P03589,Blood Test,2026-05-12 22:30:26+00:00
P03589,Doctor Consultation,2026-05-12 23:01:26+00:00
P03589,Diagnosis,2026-05-12 23:38:26+00:00
P03589,Ward Transfer,2026-05-13 00:09:26+00:00
P03589,Treatment,2026-05-13 02:02:26+00:00
P03589,Pharmacy,2026-05-13 02:21:26+00:00
P03589,Billing,2026-05-13 03:03:26+00:00
P03589,Discharge,2026-05-13 03:43:26+00:00
P03595,Patient Arrival,2026-03-14 15:38:04+00:00
P03595,Registration,2026-03-14 15:53:04+00:00
P03595,Waiting,2026-03-14 16:59:04+00:00
P03595,Doctor Consultation,2026-03-14 17:37:04+00:00
P03595,X-Ray,2026-03-14 18:08:04+00:00
P03595,Doctor Consultation,2026-03-14 18:35:04+00:00
P03595,Diagnosis,2026-03-14 19:20:04+00:00
P03595,Treatment,2026-03-14 20:41:04+00:00
P03595,Pharmacy,2026-03-14 21:03:04+00:00
P03595,Billing,2026-03-14 21:34:04+00:00
P03595,Discharge,2026-03-14 21:58:04+00:00
P03599,Patient Arrival,2026-10-05 13:54:37+00:00
P03599,Registration,2026-10-05 14:18:37+00:00
P03599,Waiting,2026-10-05 15:29:37+00:00
P03599,Doctor Consultation,2026-10-05 15:44:37+00:00
P03599,Blood Test,2026-10-05 16:09:37+00:00
P03599,Doctor Consultation,2026-10-05 16:46:37+00:00
P03599,Diagnosis,2026-10-05 17:11:37+00:00
P03599,Ward Transfer,2026-10-05 17:25:37+00:00
P03599,Treatment,2026-10-05 18:46:37+00:00
P03599,Pharmacy,2026-10-05 19:01:37+00:00
P03599,Billing,2026-10-05 19:50:37+00:00
P03599,Discharge,2026-10-05 20:25:37+00:00
P03600,Patient Arrival,2026-02-19 05:07:37+00:00
P03600,Registration,2026-02-19 05:49:37+00:00
P03600,Waiting,2026-02-19 06:39:37+00:00
P03600,Doctor Consultation,2026-02-19 07:15:37+00:00
P03600,Urine Test,2026-02-19 07:49:37+00:00
P03600,Doctor Consultation,2026-02-19 08:25:37+00:00
P03600,Diagnosis,2026-02-19 08:51:37+00:00
P03600,Ward Transfer,2026-02-19 09:21:37+00:00
P03600,Treatment,2026-02-19 11:21:37+00:00
P03600,Pharmacy,2026-02-19 12:00:37+00:00
P03600,Billing,2026-02-19 12:29:37+00:00
P03600,Discharge,2026-02-19 12:54:37+00:00
P03601,Patient Arrival,2026-01-10 03:22:06+00:00
P03601,Registration,2026-01-10 03:49:06+00:00
P03601,Waiting,2026-01-10 05:13:06+00:00
P03601,Doctor Consultation,2026-01-10 05:44:06+00:00
P03601,ECG,2026-01-10 06:14:06+00:00
P03601,Doctor Consultation,2026-01-10 06:59:06+00:00
P03601,Diagnosis,2026-01-10 07:38:06+00:00
P03601,Treatment,2026-01-10 08:53:06+00:00
P03601,Pharmacy,2026-01-10 09:15:06+00:00
P03601,Billing,2026-01-10 09:54:06+00:00
P03601,Discharge,2026-01-10 10:07:06+00:00
P03607,Patient Arrival,2026-07-01 00:56:49+00:00
P03607,Registration,2026-07-01 01:39:49+00:00
P03607,Waiting,2026-07-01 03:03:49+00:00
P03607,Doctor Consultation,2026-07-01 03:38:49+00:00
P03607,Diagnosis,2026-07-01 04:07:49+00:00
P03607,Treatment,2026-07-01 05:24:49+00:00
P03607,Pharmacy,2026-07-01 05:41:49+00:00
P03607,Billing,2026-07-01 06:02:49+00:00
P03607,Discharge,2026-07-01 06:16:49+00:00
P03616,Patient Arrival,2026-09-02 17:11:37+00:00
P03616,Registration,2026-09-02 17:39:37+00:00
P03616,Waiting,2026-09-02 19:06:37+00:00
P03616,Doctor Consultation,2026-09-02 19:24:37+00:00
P03616,X-Ray,2026-09-02 19:50:37+00:00
P03616,Doctor Consultation,2026-09-02 20:09:37+00:00
P03616,Diagnosis,2026-09-02 20:55:37+00:00
P03616,Treatment,2026-09-02 22:26:37+00:00
P03616,Pharmacy,2026-09-02 22:59:37+00:00
P03616,Billing,2026-09-02 23:25:37+00:00
P03616,Discharge,2026-09-02 23:58:37+00:00
P03618,Patient Arrival,2026-11-28 17:16:35+00:00
P03618,Registration,2026-11-28 17:51:35+00:00
P03618,Waiting,2026-11-28 19:37:35+00:00
P03618,Doctor Consultation,2026-11-28 20:02:35+00:00
P03618,Blood Test,2026-11-28 20:36:35+00:00
P03618,Doctor Consultation,2026-11-28 21:11:35+00:00
P03618,Diagnosis,2026-11-28 22:00:35+00:00
P03618,Treatment,2026-11-28 22:39:35+00:00
P03618,Pharmacy,2026-11-28 23:05:35+00:00
P03618,Billing,2026-11-28 23:46:35+00:00
P03618,Discharge,2026-11-29 00:30:35+00:00
P03620,Patient Arrival,2026-02-06 07:18:17+00:00
P03620,Registration,2026-02-06 07:41:17+00:00
P03620,Waiting,2026-02-06 08:23:17+00:00
P03620,Doctor Consultation,2026-02-06 08:46:17+00:00
P03620,Blood Test,2026-02-06 09:37:17+00:00
P03620,Doctor Consultation,2026-02-06 10:18:17+00:00
P03620,Diagnosis,2026-02-06 10:49:17+00:00
P03620,Treatment,2026-02-06 12:15:17+00:00
P03620,Pharmacy,2026-02-06 12:54:17+00:00
P03620,Billing,2026-02-06 13:39:17+00:00
P03620,Discharge,2026-02-06 14:07:17+00:00
P03621,Patient Arrival,2026-11-10 17:02:44+00:00
P03621,Registration,2026-11-10 17:33:44+00:00
P03621,Waiting,2026-11-10 19:17:44+00:00
P03621,Doctor Consultation,2026-11-10 20:00:44+00:00
P03621,Blood Test,2026-11-10 20:23:44+00:00
P03621,Doctor Consultation,2026-11-10 21:12:44+00:00
P03621,Diagnosis,2026-11-10 21:31:44+00:00
P03621,Treatment,2026-11-10 23:39:44+00:00
P03621,Pharmacy,2026-11-11 00:09:44+00:00
P03621,Billing,2026-11-11 00:44:44+00:00
P03621,Discharge,2026-11-11 01:29:44+00:00
P03622,Patient Arrival,2026-10-12 02:57:42+00:00
P03622,Registration,2026-10-12 03:26:42+00:00
P03622,Waiting,2026-10-12 04:33:42+00:00
P03622,Doctor Consultation,2026-10-12 04:55:42+00:00
P03622,Diagnosis,2026-10-12 05:30:42+00:00
P03622,Treatment,2026-10-12 06:53:42+00:00
P03622,Pharmacy,2026-10-12 07:45:42+00:00
P03622,Billing,2026-10-12 08:38:42+00:00
P03622,Discharge,2026-10-12 09:12:42+00:00
P03623,Patient Arrival,2026-03-09 06:35:44+00:00
P03623,Registration,2026-03-09 07:07:44+00:00
P03623,Waiting,2026-03-09 08:20:44+00:00
P03623,Doctor Consultation,2026-03-09 09:03:44+00:00
P03623,ECG,2026-03-09 09:39:44+00:00
P03623,Doctor Consultation,2026-03-09 09:54:44+00:00
P03623,Diagnosis,2026-03-09 10:08:44+00:00
P03623,Ward Transfer,2026-03-09 10:57:44+00:00
P03623,Treatment,2026-03-09 12:18:44+00:00
P03623,Pharmacy,2026-03-09 12:43:44+00:00
P03623,Billing,2026-03-09 13:11:44+00:00
P03623,Discharge,2026-03-09 13:37:44+00:00
P03628,Patient Arrival,2026-10-31 22:40:15+00:00
P03628,Registration,2026-10-31 23:16:15+00:00
P03628,Waiting,2026-11-01 00:15:15+00:00
P03628,Doctor Consultation,2026-11-01 00:48:15+00:00
P03628,X-Ray,2026-11-01 01:42:15+00:00
P03628,Doctor Consultation,2026-11-01 01:56:15+00:00
P03628,Diagnosis,2026-11-01 02:26:15+00:00
P03628,Ward Transfer,2026-11-01 03:12:15+00:00
P03628,Treatment,2026-11-01 04:41:15+00:00
P03628,Pharmacy,2026-11-01 05:13:15+00:00
P03628,Billing,2026-11-01 05:51:15+00:00
P03628,Discharge,2026-11-01 06:25:15+00:00
P03631,Patient Arrival,2026-08-29 20:13:21+00:00
P03631,Registration,2026-08-29 20:50:21+00:00
P03631,Waiting,2026-08-29 21:48:21+00:00
P03631,Doctor Consultation,2026-08-29 22:17:21+00:00
P03631,Diagnosis,2026-08-29 23:03:21+00:00
P03631,Treatment,2026-08-30 01:10:21+00:00
P03631,Pharmacy,2026-08-30 01:25:21+00:00
P03631,Billing,2026-08-30 01:55:21+00:00
P03631,Discharge,2026-08-30 02:17:21+00:00
P03632,Patient Arrival,2026-12-01 02:08:03+00:00
P03632,Registration,2026-12-01 02:40:03+00:00
P03632,Waiting,2026-12-01 03:51:03+00:00
P03632,Doctor Consultation,2026-12-01 04:22:03+00:00
P03632,Blood Test,2026-12-01 04:57:03+00:00
P03632,Doctor Consultation,2026-12-01 05:21:03+00:00
P03632,Diagnosis,2026-12-01 05:42:03+00:00
P03632,Treatment,2026-12-01 07:11:03+00:00
P03632,Pharmacy,2026-12-01 07:44:03+00:00
P03632,Billing,2026-12-01 08:36:03+00:00
P03632,Discharge,2026-12-01 09:12:03+00:00
P03634,Patient Arrival,2026-02-12 04:19:57+00:00
P03634,Registration,2026-02-12 04:44:57+00:00
P03634,Waiting,2026-02-12 05:54:57+00:00
P03634,Doctor Consultation,2026-02-12 06:27:57+00:00
P03634,Diagnosis,2026-02-12 07:19:57+00:00
P03634,Treatment,2026-02-12 09:00:57+00:00
P03634,Pharmacy,2026-02-12 09:23:57+00:00
P03634,Billing,2026-02-12 09:52:57+00:00
P03634,Discharge,2026-02-12 10:09:57+00:00
P03635,Patient Arrival,2026-08-07 11:04:42+00:00
P03635,Registration,2026-08-07 11:39:42+00:00
P03635,Waiting,2026-08-07 12:30:42+00:00
P03635,Doctor Consultation,2026-08-07 12:56:42+00:00
P03635,Diagnosis,2026-08-07 13:43:42+00:00
P03635,Treatment,2026-08-07 15:18:42+00:00
P03635,Pharmacy,2026-08-07 15:43:42+00:00
P03635,Billing,2026-08-07 16:22:42+00:00
P03635,Discharge,2026-08-07 16:57:42+00:00
P03641,Patient Arrival,2026-03-30 03:42:44+00:00
P03641,Registration,2026-03-30 04:32:44+00:00
P03641,Waiting,2026-03-30 06:06:44+00:00
P03641,Doctor Consultation,2026-03-30 06:36:44+00:00
P03641,Urine Test,2026-03-30 07:19:44+00:00
P03641,Doctor Consultation,2026-03-30 07:53:44+00:00
P03641,Diagnosis,2026-03-30 08:16:44+00:00
P03641,Treatment,2026-03-30 09:26:44+00:00
P03641,Pharmacy,2026-03-30 09:50:44+00:00
P03641,Billing,2026-03-30 10:12:44+00:00
P03641,Discharge,2026-03-30 10:28:44+00:00
P03642,Patient Arrival,2026-09-07 20:44:18+00:00
P03642,Registration,2026-09-07 21:18:18+00:00
P03642,Waiting,2026-09-07 22:36:18+00:00
P03642,Doctor Consultation,2026-09-07 23:06:18+00:00
P03642,ECG,2026-09-07 23:42:18+00:00
P03642,Doctor Consultation,2026-09-08 00:28:18+00:00
P03642,Urine Test,2026-09-08 00:46:18+00:00
P03642,Doctor Consultation,2026-09-08 01:32:18+00:00
P03642,Diagnosis,2026-09-08 01:55:18+00:00
P03642,Treatment,2026-09-08 03:29:18+00:00
P03642,Pharmacy,2026-09-08 04:08:18+00:00
P03642,Billing,2026-09-08 04:37:18+00:00
P03642,Discharge,2026-09-08 04:44:18+00:00
P03654,Patient Arrival,2026-04-10 12:33:19+00:00
P03654,Registration,2026-04-10 13:15:19+00:00
P03654,Waiting,2026-04-10 14:56:19+00:00
P03654,Doctor Consultation,2026-04-10 15:25:19+00:00
P03654,Blood Test,2026-04-10 15:58:19+00:00
P03654,Doctor Consultation,2026-04-10 16:23:19+00:00
P03654,Diagnosis,2026-04-10 16:54:19+00:00
P03654,Treatment,2026-04-10 17:53:19+00:00
P03654,Pharmacy,2026-04-10 18:22:19+00:00
P03654,Billing,2026-04-10 18:45:19+00:00
P03654,Discharge,2026-04-10 19:25:19+00:00
P03656,Patient Arrival,2026-05-10 15:52:19+00:00
P03656,Registration,2026-05-10 16:32:19+00:00
P03656,Waiting,2026-05-10 17:25:19+00:00
P03656,Doctor Consultation,2026-05-10 17:34:19+00:00
P03656,Urine Test,2026-05-10 18:10:19+00:00
P03656,Doctor Consultation,2026-05-10 18:33:19+00:00
P03656,Diagnosis,2026-05-10 19:13:19+00:00
P03656,Treatment,2026-05-10 21:22:19+00:00
P03656,Pharmacy,2026-05-10 21:46:19+00:00
P03656,Billing,2026-05-10 22:35:19+00:00
P03656,Discharge,2026-05-10 22:55:19+00:00
P03657,Patient Arrival,2026-01-03 05:59:59+00:00
P03657,Registration,2026-01-03 06:48:59+00:00
P03657,Waiting,2026-01-03 07:45:59+00:00
P03657,Doctor Consultation,2026-01-03 08:36:59+00:00
P03657,ECG,2026-01-03 09:12:59+00:00
P03657,Doctor Consultation,2026-01-03 09:34:59+00:00
P03657,Diagnosis,2026-01-03 10:09:59+00:00
P03657,Treatment,2026-01-03 12:30:59+00:00
P03657,Pharmacy,2026-01-03 13:05:59+00:00
P03657,Billing,2026-01-03 13:36:59+00:00
P03657,Discharge,2026-01-03 14:06:59+00:00
P03660,Patient Arrival,2026-01-09 22:59:56+00:00
P03660,Registration,2026-01-09 23:29:56+00:00
P03660,Waiting,2026-01-10 00:42:56+00:00
P03660,Doctor Consultation,2026-01-10 01:03:56+00:00
P03660,Urine Test,2026-01-10 01:19:56+00:00
P03660,Doctor Consultation,2026-01-10 01:52:56+00:00
P03660,Diagnosis,2026-01-10 02:23:56+00:00
P03660,Ward Transfer,2026-01-10 02:58:56+00:00
P03660,Treatment,2026-01-10 04:58:56+00:00
P03660,Pharmacy,2026-01-10 05:28:56+00:00
P03660,Billing,2026-01-10 05:56:56+00:00
P03660,Discharge,2026-01-10 06:46:56+00:00
P03661,Patient Arrival,2026-06-05 00:28:00+00:00
P03661,Registration,2026-06-05 00:46:00+00:00
P03661,Waiting,2026-06-05 01:46:00+00:00
P03661,Doctor Consultation,2026-06-05 02:06:00+00:00
P03661,Blood Test,2026-06-05 02:37:00+00:00
P03661,Doctor Consultation,2026-06-05 02:59:00+00:00
P03661,Diagnosis,2026-06-05 03:44:00+00:00
P03661,Treatment,2026-06-05 04:40:00+00:00
P03661,Pharmacy,2026-06-05 05:03:00+00:00
P03661,Billing,2026-06-05 05:28:00+00:00
P03661,Discharge,2026-06-05 05:53:00+00:00
P03662,Patient Arrival,2026-02-05 02:58:44+00:00
P03662,Registration,2026-02-05 03:25:44+00:00
P03662,Waiting,2026-02-05 04:56:44+00:00
P03662,Doctor Consultation,2026-02-05 05:31:44+00:00
P03662,Urine Test,2026-02-05 05:50:44+00:00
P03662,Doctor Consultation,2026-02-05 06:35:44+00:00
P03662,Diagnosis,2026-02-05 07:10:44+00:00
P03662,Ward Transfer,2026-02-05 07:27:44+00:00
P03662,Treatment,2026-02-05 09:28:44+00:00
P03662,Pharmacy,2026-02-05 10:17:44+00:00
P03662,Billing,2026-02-05 10:38:44+00:00
P03662,Discharge,2026-02-05 11:07:44+00:00
P03663,Patient Arrival,2026-08-09 09:26:04+00:00
P03663,Registration,2026-08-09 09:57:04+00:00
P03663,Waiting,2026-08-09 10:42:04+00:00
P03663,Doctor Consultation,2026-08-09 11:01:04+00:00
P03663,X-Ray,2026-08-09 11:19:04+00:00
P03663,Doctor Consultation,2026-08-09 11:49:04+00:00
P03663,Diagnosis,2026-08-09 12:13:04+00:00
P03663,Ward Transfer,2026-08-09 12:34:04+00:00
P03663,Treatment,2026-08-09 13:13:04+00:00
P03663,Pharmacy,2026-08-09 13:29:04+00:00
P03663,Billing,2026-08-09 14:23:04+00:00
P03663,Discharge,2026-08-09 15:10:04+00:00
P03667,Patient Arrival,2026-01-12 18:27:37+00:00
P03667,Registration,2026-01-12 18:54:37+00:00
P03667,Waiting,2026-01-12 19:40:37+00:00
P03667,Doctor Consultation,2026-01-12 19:56:37+00:00
P03667,Urine Test,2026-01-12 20:12:37+00:00
P03667,Doctor Consultation,2026-01-12 20:35:37+00:00
P03667,Diagnosis,2026-01-12 21:16:37+00:00
P03667,Treatment,2026-01-12 22:02:37+00:00
P03667,Pharmacy,2026-01-12 22:47:37+00:00
P03667,Billing,2026-01-12 23:16:37+00:00
P03667,Discharge,2026-01-12 23:54:37+00:00
P03668,Patient Arrival,2026-01-28 09:49:42+00:00
P03668,Registration,2026-01-28 10:17:42+00:00
P03668,Waiting,2026-01-28 11:36:42+00:00
P03668,Doctor Consultation,2026-01-28 11:45:42+00:00
P03668,Diagnosis,2026-01-28 11:55:42+00:00
P03668,Ward Transfer,2026-01-28 12:25:42+00:00
P03668,Treatment,2026-01-28 13:00:42+00:00
P03668,Pharmacy,2026-01-28 13:28:42+00:00
P03668,Billing,2026-01-28 13:49:42+00:00
P03668,Discharge,2026-01-28 14:23:42+00:00
P03677,Patient Arrival,2026-08-05 08:27:34+00:00
P03677,Registration,2026-08-05 09:12:34+00:00
P03677,Waiting,2026-08-05 09:49:34+00:00
P03677,Doctor Consultation,2026-08-05 10:17:34+00:00
P03677,Diagnosis,2026-08-05 10:36:34+00:00
P03677,Treatment,2026-08-05 11:34:34+00:00
P03677,Pharmacy,2026-08-05 11:57:34+00:00
P03677,Billing,2026-08-05 12:22:34+00:00
P03677,Discharge,2026-08-05 12:48:34+00:00
P03678,Patient Arrival,2026-01-30 10:37:45+00:00
P03678,Registration,2026-01-30 11:08:45+00:00
P03678,Waiting,2026-01-30 11:55:45+00:00
P03678,Doctor Consultation,2026-01-30 12:09:45+00:00
P03678,Diagnosis,2026-01-30 12:39:45+00:00
P03678,Ward Transfer,2026-01-30 13:01:45+00:00
P03678,Treatment,2026-01-30 14:53:45+00:00
P03678,Pharmacy,2026-01-30 15:15:45+00:00
P03678,Billing,2026-01-30 15:35:45+00:00
P03678,Discharge,2026-01-30 16:14:45+00:00
P03685,Patient Arrival,2026-12-29 17:08:13+00:00
P03685,Registration,2026-12-29 17:38:13+00:00
P03685,Waiting,2026-12-29 18:19:13+00:00
P03685,Doctor Consultation,2026-12-29 19:01:13+00:00
P03685,Diagnosis,2026-12-29 19:38:13+00:00
P03685,Ward Transfer,2026-12-29 20:15:13+00:00
P03685,Treatment,2026-12-29 21:20:13+00:00
P03685,Pharmacy,2026-12-29 21:53:13+00:00
P03685,Billing,2026-12-29 22:37:13+00:00
P03685,Discharge,2026-12-29 23:01:13+00:00
P03687,Patient Arrival,2026-10-27 05:33:28+00:00
P03687,Registration,2026-10-27 06:22:28+00:00
P03687,Waiting,2026-10-27 08:02:28+00:00
P03687,Doctor Consultation,2026-10-27 08:54:28+00:00
P03687,X-Ray,2026-10-27 09:29:28+00:00
P03687,Doctor Consultation,2026-10-27 10:02:28+00:00
P03687,Diagnosis,2026-10-27 10:32:28+00:00
P03687,Ward Transfer,2026-10-27 11:13:28+00:00
P03687,Treatment,2026-10-27 13:13:28+00:00
P03687,Pharmacy,2026-10-27 13:39:28+00:00
P03687,Billing,2026-10-27 13:49:28+00:00
P03687,Discharge,2026-10-27 14:13:28+00:00
P03690,Patient Arrival,2026-03-05 19:41:36+00:00
P03690,Registration,2026-03-05 20:16:36+00:00
P03690,Waiting,2026-03-05 21:54:36+00:00
P03690,Doctor Consultation,2026-03-05 22:35:36+00:00
P03690,Doctor Consultation,2026-03-05 22:35:36+00:00
P03690,Diagnosis,2026-03-05 23:05:36+00:00
P03690,Ward Transfer,2026-03-05 23:41:36+00:00
P03690,Treatment,2026-03-06 01:51:36+00:00
P03690,Pharmacy,2026-03-06 02:25:36+00:00
P03690,Billing,2026-03-06 02:43:36+00:00
P03690,Discharge,2026-03-06 02:53:36+00:00
P03691,Patient Arrival,2026-01-08 22:39:14+00:00
P03691,Registration,2026-01-08 23:13:14+00:00
P03691,Waiting,2026-01-09 00:02:14+00:00
P03691,Doctor Consultation,2026-01-09 00:57:14+00:00
P03691,Diagnosis,2026-01-09 01:08:14+00:00
P03691,Treatment,2026-01-09 02:04:14+00:00
P03691,Pharmacy,2026-01-09 02:26:14+00:00
P03691,Billing,2026-01-09 02:53:14+00:00
P03691,Discharge,2026-01-09 03:12:14+00:00
P03692,Patient Arrival,2026-09-09 11:13:46+00:00
P03692,Registration,2026-09-09 11:32:46+00:00
P03692,Waiting,2026-09-09 13:16:46+00:00
P03692,Doctor Consultation,2026-09-09 13:48:46+00:00
P03692,Diagnosis,2026-09-09 14:23:46+00:00
P03692,Diagnosis,2026-09-09 14:23:46+00:00
P03692,Treatment,2026-09-09 15:26:46+00:00
P03692,Pharmacy,2026-09-09 16:03:46+00:00
P03692,Billing,2026-09-09 16:38:46+00:00
P03692,Discharge,2026-09-09 17:13:46+00:00
P03693,Patient Arrival,2026-02-12 11:00:22+00:00
P03693,Registration,2026-02-12 11:26:22+00:00
P03693,Waiting,2026-02-12 12:33:22+00:00
P03693,Doctor Consultation,2026-02-12 13:07:22+00:00
P03693,Diagnosis,2026-02-12 13:29:22+00:00
P03693,Ward Transfer,2026-02-12 14:08:22+00:00
P03693,Treatment,2026-02-12 16:02:22+00:00
P03693,Pharmacy,2026-02-12 16:36:22+00:00
P03693,Billing,2026-02-12 17:00:22+00:00
P03693,Discharge,2026-02-12 17:17:22+00:00
P03696,Patient Arrival,2026-12-12 17:19:42+00:00
P03696,Registration,2026-12-12 17:48:42+00:00
P03696,Waiting,2026-12-12 19:23:42+00:00
P03696,Doctor Consultation,2026-12-12 19:39:42+00:00
P03696,Diagnosis,2026-12-12 19:56:42+00:00
P03696,Ward Transfer,2026-12-12 20:27:42+00:00
P03696,Treatment,2026-12-12 21:39:42+00:00
P03696,Treatment,2026-12-12 21:39:42+00:00
P03696,Pharmacy,2026-12-12 22:08:42+00:00
P03696,Billing,2026-12-12 22:52:42+00:00
P03696,Discharge,2026-12-12 23:19:42+00:00
P03698,Patient Arrival,2026-04-15 20:15:41+00:00
P03698,Registration,2026-04-15 20:35:41+00:00
P03698,Waiting,2026-04-15 21:39:41+00:00
P03698,Doctor Consultation,2026-04-15 22:19:41+00:00
P03698,Urine Test,2026-04-15 22:42:41+00:00
P03698,Doctor Consultation,2026-04-15 23:26:41+00:00
P03698,Diagnosis,2026-04-16 00:01:41+00:00
P03698,Ward Transfer,2026-04-16 00:32:41+00:00
P03698,Treatment,2026-04-16 01:39:41+00:00
P03698,Pharmacy,2026-04-16 02:19:41+00:00
P03698,Billing,2026-04-16 02:59:41+00:00
P03698,Discharge,2026-04-16 03:26:41+00:00
P03704,Patient Arrival,2026-02-28 00:37:07+00:00
P03704,Registration,2026-02-28 00:54:07+00:00
P03704,Waiting,2026-02-28 01:58:07+00:00
P03704,Doctor Consultation,2026-02-28 02:32:07+00:00
P03704,ECG,2026-02-28 03:14:07+00:00
P03704,Doctor Consultation,2026-02-28 03:42:07+00:00
P03704,Diagnosis,2026-02-28 04:14:07+00:00
P03704,Treatment,2026-02-28 05:16:07+00:00
P03704,Pharmacy,2026-02-28 06:02:07+00:00
P03704,Billing,2026-02-28 06:45:07+00:00
P03704,Discharge,2026-02-28 07:16:07+00:00
P03705,Patient Arrival,2026-10-23 12:35:18+00:00
P03705,Registration,2026-10-23 13:15:18+00:00
P03705,Waiting,2026-10-23 14:23:18+00:00
P03705,Doctor Consultation,2026-10-23 14:35:18+00:00
P03705,Blood Test,2026-10-23 15:02:18+00:00
P03705,Doctor Consultation,2026-10-23 15:29:18+00:00
P03705,Urine Test,2026-10-23 16:14:18+00:00
P03705,Doctor Consultation,2026-10-23 16:39:18+00:00
P03705,Diagnosis,2026-10-23 17:15:18+00:00
P03705,Treatment,2026-10-23 18:16:18+00:00
P03705,Pharmacy,2026-10-23 18:51:18+00:00
P03705,Billing,2026-10-23 19:21:18+00:00
P03705,Discharge,2026-10-23 19:49:18+00:00
P03706,Patient Arrival,2026-12-26 06:18:54+00:00
P03706,Registration,2026-12-26 07:04:54+00:00
P03706,Waiting,2026-12-26 08:24:54+00:00
P03706,Doctor Consultation,2026-12-26 09:08:54+00:00
P03706,Blood Test,2026-12-26 09:48:54+00:00
P03706,Doctor Consultation,2026-12-26 10:28:54+00:00
P03706,Diagnosis,2026-12-26 10:53:54+00:00
P03706,Treatment,2026-12-26 11:33:54+00:00
P03706,Pharmacy,2026-12-26 11:52:54+00:00
P03706,Billing,2026-12-26 12:26:54+00:00
P03706,Discharge,2026-12-26 13:00:54+00:00
P03707,Patient Arrival,2026-02-28 09:32:40+00:00
P03707,Registration,2026-02-28 09:59:40+00:00
P03707,Waiting,2026-02-28 11:07:40+00:00
P03707,Doctor Consultation,2026-02-28 11:35:40+00:00
P03707,Diagnosis,2026-02-28 11:59:40+00:00
P03707,Treatment,2026-02-28 13:03:40+00:00
P03707,Pharmacy,2026-02-28 13:32:40+00:00
P03707,Billing,2026-02-28 13:59:40+00:00
P03707,Discharge,2026-02-28 14:36:40+00:00
P03709,Patient Arrival,2026-04-01 21:03:27+00:00
P03709,Registration,2026-04-01 21:32:27+00:00
P03709,Waiting,2026-04-01 22:57:27+00:00
P03709,Doctor Consultation,2026-04-01 23:39:27+00:00
P03709,ECG,2026-04-02 00:19:27+00:00
P03709,Doctor Consultation,2026-04-02 00:28:27+00:00
P03709,Diagnosis,2026-04-02 01:09:27+00:00
P03709,Ward Transfer,2026-04-02 01:34:27+00:00
P03709,Treatment,2026-04-02 03:30:27+00:00
P03709,Pharmacy,2026-04-02 03:58:27+00:00
P03709,Billing,2026-04-02 04:26:27+00:00
P03709,Discharge,2026-04-02 04:53:27+00:00
P03712,Patient Arrival,2026-04-20 11:00:52+00:00
P03712,Registration,2026-04-20 11:20:52+00:00
P03712,Waiting,2026-04-20 12:45:52+00:00
P03712,Doctor Consultation,2026-04-20 13:12:52+00:00
P03712,Diagnosis,2026-04-20 13:49:52+00:00
P03712,Ward Transfer,2026-04-20 14:22:52+00:00
P03712,Treatment,2026-04-20 15:52:52+00:00
P03712,Pharmacy,2026-04-20 16:28:52+00:00
P03712,Billing,2026-04-20 16:49:52+00:00
P03712,Discharge,2026-04-20 17:33:52+00:00
P03713,Patient Arrival,2026-03-27 11:06:04+00:00
P03713,Registration,2026-03-27 11:25:04+00:00
P03713,Waiting,2026-03-27 12:34:04+00:00
P03713,Doctor Consultation,2026-03-27 13:13:04+00:00
P03713,Blood Test,2026-03-27 13:36:04+00:00
P03713,Doctor Consultation,2026-03-27 14:07:04+00:00
P03713,Diagnosis,2026-03-27 14:40:04+00:00
P03713,Treatment,2026-03-27 16:52:04+00:00
P03713,Pharmacy,2026-03-27 17:22:04+00:00
P03713,Billing,2026-03-27 17:36:04+00:00
P03713,Discharge,2026-03-27 17:48:04+00:00
P03714,Patient Arrival,2026-07-05 19:16:42+00:00
P03714,Registration,2026-07-05 19:43:42+00:00
P03714,Waiting,2026-07-05 21:08:42+00:00
P03714,Doctor Consultation,2026-07-05 21:46:42+00:00
P03714,X-Ray,2026-07-05 22:34:42+00:00
P03714,Doctor Consultation,2026-07-05 23:02:42+00:00
P03714,Diagnosis,2026-07-05 23:37:42+00:00
P03714,Treatment,2026-07-06 01:34:42+00:00
P03714,Pharmacy,2026-07-06 02:04:42+00:00
P03714,Billing,2026-07-06 02:45:42+00:00
P03714,Discharge,2026-07-06 03:20:42+00:00
P03714,Discharge,2026-07-06 03:20:42+00:00
P03718,Patient Arrival,2026-11-09 03:03:04+00:00
P03718,Registration,2026-11-09 03:33:04+00:00
P03718,Waiting,2026-11-09 04:33:04+00:00
P03718,Doctor Consultation,2026-11-09 05:04:04+00:00
P03718,ECG,2026-11-09 05:40:04+00:00
P03718,Doctor Consultation,2026-11-09 06:09:04+00:00
P03718,Diagnosis,2026-11-09 06:37:04+00:00
P03718,Treatment,2026-11-09 08:38:04+00:00
P03718,Pharmacy,2026-11-09 08:50:04+00:00
P03718,Billing,2026-11-09 09:32:04+00:00
P03718,Billing,2026-11-09 09:32:04+00:00
P03718,Discharge,2026-11-09 10:18:04+00:00
P03722,Patient Arrival,2026-06-06 23:12:17+00:00
P03722,Registration,2026-06-07 00:02:17+00:00
P03722,Waiting,2026-06-07 01:02:17+00:00
P03722,Doctor Consultation,2026-06-07 01:38:17+00:00
P03722,Diagnosis,2026-06-07 01:49:17+00:00
P03722,Treatment,2026-06-07 03:07:17+00:00
P03722,Pharmacy,2026-06-07 03:25:17+00:00
P03722,Billing,2026-06-07 04:04:17+00:00
P03722,Discharge,2026-06-07 04:34:17+00:00
P03723,Patient Arrival,2026-08-13 10:50:10+00:00
P03723,Registration,2026-08-13 11:17:10+00:00
P03723,Waiting,2026-08-13 12:34:10+00:00
P03723,Doctor Consultation,2026-08-13 13:03:10+00:00
P03723,ECG,2026-08-13 13:40:10+00:00
P03723,Doctor Consultation,2026-08-13 14:10:10+00:00
P03723,Diagnosis,2026-08-13 14:21:10+00:00
P03723,Treatment,2026-08-13 15:35:10+00:00
P03723,Pharmacy,2026-08-13 16:23:10+00:00
P03723,Billing,2026-08-13 16:48:10+00:00
P03723,Discharge,2026-08-13 17:08:10+00:00
P03725,Patient Arrival,2026-10-23 06:27:52+00:00
P03725,Registration,2026-10-23 06:59:52+00:00
P03725,Waiting,2026-10-23 07:40:52+00:00
P03725,Doctor Consultation,2026-10-23 07:53:52+00:00
P03725,X-Ray,2026-10-23 08:23:52+00:00
P03725,Doctor Consultation,2026-10-23 08:57:52+00:00
P03725,Diagnosis,2026-10-23 09:38:52+00:00
P03725,Treatment,2026-10-23 10:51:52+00:00
P03725,Pharmacy,2026-10-23 11:08:52+00:00
P03725,Billing,2026-10-23 11:49:52+00:00
P03725,Discharge,2026-10-23 12:00:52+00:00
P03727,Patient Arrival,2026-05-22 01:22:24+00:00
P03727,Registration,2026-05-22 01:55:24+00:00
P03727,Waiting,2026-05-22 03:07:24+00:00
P03727,Doctor Consultation,2026-05-22 03:53:24+00:00
P03727,Urine Test,2026-05-22 04:17:24+00:00
P03727,Doctor Consultation,2026-05-22 04:34:24+00:00
P03727,Diagnosis,2026-05-22 05:00:24+00:00
P03727,Treatment,2026-05-22 06:11:24+00:00
P03727,Pharmacy,2026-05-22 06:41:24+00:00
P03727,Billing,2026-05-22 07:07:24+00:00
P03727,Discharge,2026-05-22 07:43:24+00:00
P03728,Patient Arrival,2026-01-22 03:46:31+00:00
P03728,Registration,2026-01-22 04:11:31+00:00
P03728,Waiting,2026-01-22 05:24:31+00:00
P03728,Doctor Consultation,2026-01-22 05:58:31+00:00
P03728,Diagnosis,2026-01-22 06:43:31+00:00
P03728,Treatment,2026-01-22 07:59:31+00:00
P03728,Pharmacy,2026-01-22 08:33:31+00:00
P03728,Billing,2026-01-22 09:03:31+00:00
P03728,Discharge,2026-01-22 09:40:31+00:00
P03730,Patient Arrival,2026-03-14 12:56:50+00:00
P03730,Registration,2026-03-14 13:13:50+00:00
P03730,Waiting,2026-03-14 14:29:50+00:00
P03730,Doctor Consultation,2026-03-14 14:50:50+00:00
P03730,Diagnosis,2026-03-14 15:27:50+00:00
P03730,Treatment,2026-03-14 16:28:50+00:00
P03730,Pharmacy,2026-03-14 17:03:50+00:00
P03730,Billing,2026-03-14 17:16:50+00:00
P03730,Discharge,2026-03-14 17:54:50+00:00
P03734,Patient Arrival,2026-05-22 08:22:56+00:00
P03734,Registration,2026-05-22 08:33:56+00:00
P03734,Registration,2026-05-22 08:33:56+00:00
P03734,Waiting,2026-05-22 09:35:56+00:00
P03734,Doctor Consultation,2026-05-22 09:53:56+00:00
P03734,Doctor Consultation,2026-05-22 09:53:56+00:00
P03734,Diagnosis,2026-05-22 10:27:56+00:00
P03734,Ward Transfer,2026-05-22 11:02:56+00:00
P03734,Treatment,2026-05-22 12:46:56+00:00
P03734,Pharmacy,2026-05-22 12:55:56+00:00
P03734,Billing,2026-05-22 13:12:56+00:00
P03734,Discharge,2026-05-22 13:37:56+00:00
P03737,Patient Arrival,2026-04-10 08:31:40+00:00
P03737,Registration,2026-04-10 09:15:40+00:00
P03737,Waiting,2026-04-10 10:48:40+00:00
P03737,Doctor Consultation,2026-04-10 11:35:40+00:00
P03737,Urine Test,2026-04-10 12:11:40+00:00
P03737,Doctor Consultation,2026-04-10 12:31:40+00:00
P03737,Diagnosis,2026-04-10 12:59:40+00:00
P03737,Treatment,2026-04-10 15:14:40+00:00
P03737,Pharmacy,2026-04-10 15:23:40+00:00
P03737,Billing,2026-04-10 15:41:40+00:00
P03737,Billing,2026-04-10 15:41:40+00:00
P03737,Discharge,2026-04-10 16:24:40+00:00
P03739,Patient Arrival,2026-08-04 03:57:22+00:00
P03739,Registration,2026-08-04 04:44:22+00:00
P03739,Waiting,2026-08-04 05:38:22+00:00
P03739,Doctor Consultation,2026-08-04 06:19:22+00:00
P03739,ECG,2026-08-04 07:07:22+00:00
P03739,Doctor Consultation,2026-08-04 07:49:22+00:00
P03739,Diagnosis,2026-08-04 08:32:22+00:00
P03739,Treatment,2026-08-04 09:35:22+00:00
P03739,Pharmacy,2026-08-04 09:52:22+00:00
P03739,Billing,2026-08-04 10:07:22+00:00
P03739,Discharge,2026-08-04 10:20:22+00:00
P03740,Patient Arrival,2026-10-21 01:09:30+00:00
P03740,Registration,2026-10-21 01:29:30+00:00
P03740,Waiting,2026-10-21 02:14:30+00:00
P03740,Doctor Consultation,2026-10-21 02:38:30+00:00
P03740,Diagnosis,2026-10-21 02:58:30+00:00
P03740,Treatment,2026-10-21 04:34:30+00:00
P03740,Pharmacy,2026-10-21 05:03:30+00:00
P03740,Billing,2026-10-21 05:38:30+00:00
P03740,Discharge,2026-10-21 06:08:30+00:00
P03741,Patient Arrival,2026-06-06 23:00:40+00:00
P03741,Registration,2026-06-06 23:26:40+00:00
P03741,Waiting,2026-06-07 00:53:40+00:00
P03741,Doctor Consultation,2026-06-07 01:21:40+00:00
P03741,Urine Test,2026-06-07 01:43:40+00:00
P03741,Doctor Consultation,2026-06-07 02:30:40+00:00
P03741,Diagnosis,2026-06-07 02:58:40+00:00
P03741,Treatment,2026-06-07 04:33:40+00:00
P03741,Pharmacy,2026-06-07 04:58:40+00:00
P03741,Billing,2026-06-07 05:31:40+00:00
P03741,Discharge,2026-06-07 06:25:40+00:00
P03744,Patient Arrival,2026-02-13 21:20:44+00:00
P03744,Registration,2026-02-13 21:45:44+00:00
P03744,Waiting,2026-02-13 22:49:44+00:00
P03744,Doctor Consultation,2026-02-13 23:22:44+00:00
P03744,ECG,2026-02-13 23:58:44+00:00
P03744,Doctor Consultation,2026-02-14 00:25:44+00:00
P03744,Diagnosis,2026-02-14 00:55:44+00:00
P03744,Treatment,2026-02-14 02:09:44+00:00
P03744,Pharmacy,2026-02-14 02:28:44+00:00
P03744,Billing,2026-02-14 02:48:44+00:00
P03744,Discharge,2026-02-14 03:16:44+00:00
P03745,Patient Arrival,2026-07-22 17:44:30+00:00
P03745,Registration,2026-07-22 18:05:30+00:00
P03745,Waiting,2026-07-22 19:43:30+00:00
P03745,Doctor Consultation,2026-07-22 20:05:30+00:00
P03745,X-Ray,2026-07-22 20:46:30+00:00
P03745,Doctor Consultation,2026-07-22 21:12:30+00:00
P03745,Diagnosis,2026-07-22 22:01:30+00:00
P03745,Treatment,2026-07-22 22:56:30+00:00
P03745,Pharmacy,2026-07-22 23:42:30+00:00
P03745,Billing,2026-07-23 00:12:30+00:00
P03745,Discharge,2026-07-23 01:01:30+00:00
P03746,Patient Arrival,2026-04-27 17:24:11+00:00
P03746,Registration,2026-04-27 17:59:11+00:00
P03746,Waiting,2026-04-27 19:51:11+00:00
P03746,Doctor Consultation,2026-04-27 20:23:11+00:00
P03746,Diagnosis,2026-04-27 20:57:11+00:00
P03746,Treatment,2026-04-27 22:13:11+00:00
P03746,Pharmacy,2026-04-27 22:29:11+00:00
P03746,Billing,2026-04-27 23:12:11+00:00
P03746,Discharge,2026-04-27 23:30:11+00:00
P03748,Patient Arrival,2026-10-10 16:39:35+00:00
P03748,Registration,2026-10-10 17:10:35+00:00
P03748,Waiting,2026-10-10 18:44:35+00:00
P03748,Doctor Consultation,2026-10-10 18:57:35+00:00
P03748,X-Ray,2026-10-10 19:26:35+00:00
P03748,Doctor Consultation,2026-10-10 19:42:35+00:00
P03748,Diagnosis,2026-10-10 20:19:35+00:00
P03748,Ward Transfer,2026-10-10 20:57:35+00:00
P03748,Treatment,2026-10-10 21:41:35+00:00
P03748,Pharmacy,2026-10-10 22:03:35+00:00
P03748,Billing,2026-10-10 22:38:35+00:00
P03748,Discharge,2026-10-10 23:02:35+00:00
P03749,Patient Arrival,2026-09-30 22:43:13+00:00
P03749,Registration,2026-09-30 23:24:13+00:00
P03749,Waiting,2026-10-01 00:20:13+00:00
P03749,Doctor Consultation,2026-10-01 00:57:13+00:00
P03749,Blood Test,2026-10-01 01:31:13+00:00
P03749,Doctor Consultation,2026-10-01 02:08:13+00:00
P03749,Diagnosis,2026-10-01 02:41:13+00:00
P03749,Treatment,2026-10-01 05:00:13+00:00
P03749,Pharmacy,2026-10-01 05:29:13+00:00
P03749,Billing,2026-10-01 05:55:13+00:00
P03749,Discharge,2026-10-01 06:04:13+00:00
P03750,Patient Arrival,2026-08-23 05:14:15+00:00
P03750,Registration,2026-08-23 05:41:15+00:00
P03750,Waiting,2026-08-23 07:36:15+00:00
P03750,Doctor Consultation,2026-08-23 08:07:15+00:00
P03750,X-Ray,2026-08-23 08:21:15+00:00
P03750,Doctor Consultation,2026-08-23 08:50:15+00:00
P03750,Diagnosis,2026-08-23 09:10:15+00:00
P03750,Ward Transfer,2026-08-23 09:36:15+00:00
P03750,Treatment,2026-08-23 11:15:15+00:00
P03750,Pharmacy,2026-08-23 12:02:15+00:00
P03750,Billing,2026-08-23 12:14:15+00:00
P03750,Discharge,2026-08-23 12:47:15+00:00
P03751,Patient Arrival,2026-11-13 19:55:40+00:00
P03751,Registration,2026-11-13 20:23:40+00:00
P03751,Waiting,2026-11-13 21:27:40+00:00
P03751,Doctor Consultation,2026-11-13 21:37:40+00:00
P03751,Doctor Consultation,2026-11-13 21:37:40+00:00
P03751,Diagnosis,2026-11-13 22:04:40+00:00
P03751,Ward Transfer,2026-11-13 22:20:40+00:00
P03751,Treatment,2026-11-13 22:58:40+00:00
P03751,Pharmacy,2026-11-13 23:37:40+00:00
P03751,Billing,2026-11-14 00:16:40+00:00
P03751,Discharge,2026-11-14 00:47:40+00:00
P03752,Patient Arrival,2026-07-07 12:17:23+00:00
P03752,Registration,2026-07-07 12:43:23+00:00
P03752,Waiting,2026-07-07 13:35:23+00:00
P03752,Doctor Consultation,2026-07-07 13:59:23+00:00
P03752,Diagnosis,2026-07-07 14:17:23+00:00
P03752,Treatment,2026-07-07 16:35:23+00:00
P03752,Pharmacy,2026-07-07 16:53:23+00:00
P03752,Billing,2026-07-07 17:01:23+00:00
P03752,Discharge,2026-07-07 17:27:23+00:00
P03755,Patient Arrival,2026-05-11 20:56:50+00:00
P03755,Registration,2026-05-11 21:38:50+00:00
P03755,Waiting,2026-05-11 23:02:50+00:00
P03755,Doctor Consultation,2026-05-11 23:46:50+00:00
P03755,Diagnosis,2026-05-11 23:57:50+00:00
P03755,Ward Transfer,2026-05-12 00:36:50+00:00
P03755,Treatment,2026-05-12 01:37:50+00:00
P03755,Pharmacy,2026-05-12 02:03:50+00:00
P03755,Billing,2026-05-12 02:28:50+00:00
P03755,Discharge,2026-05-12 02:45:50+00:00
P03761,Patient Arrival,2026-08-05 03:22:55+00:00
P03761,Registration,2026-08-05 03:50:55+00:00
P03761,Waiting,2026-08-05 05:46:55+00:00
P03761,Doctor Consultation,2026-08-05 06:09:55+00:00
P03761,Blood Test,2026-08-05 06:32:55+00:00
P03761,Doctor Consultation,2026-08-05 06:59:55+00:00
P03761,Diagnosis,2026-08-05 07:22:55+00:00
P03761,Ward Transfer,2026-08-05 07:48:55+00:00
P03761,Treatment,2026-08-05 09:04:55+00:00
P03761,Pharmacy,2026-08-05 09:31:55+00:00
P03761,Billing,2026-08-05 10:01:55+00:00
P03761,Discharge,2026-08-05 10:10:55+00:00
P03763,Patient Arrival,2026-05-25 07:05:35+00:00
P03763,Registration,2026-05-25 07:33:35+00:00
P03763,Waiting,2026-05-25 08:16:35+00:00
P03763,Doctor Consultation,2026-05-25 08:47:35+00:00
P03763,Urine Test,2026-05-25 09:19:35+00:00
P03763,Doctor Consultation,2026-05-25 09:58:35+00:00
P03763,Diagnosis,2026-05-25 10:45:35+00:00
P03763,Treatment,2026-05-25 12:39:35+00:00
P03763,Pharmacy,2026-05-25 13:06:35+00:00
P03763,Billing,2026-05-25 13:46:35+00:00
P03763,Discharge,2026-05-25 14:19:35+00:00
P03764,Patient Arrival,2026-11-20 06:13:28+00:00
P03764,Registration,2026-11-20 06:33:28+00:00
P03764,Waiting,2026-11-20 07:51:28+00:00
P03764,Doctor Consultation,2026-11-20 08:43:28+00:00
P03764,Diagnosis,2026-11-20 09:11:28+00:00
P03764,Treatment,2026-11-20 10:00:28+00:00
P03764,Pharmacy,2026-11-20 10:41:28+00:00
P03764,Billing,2026-11-20 11:05:28+00:00
P03764,Billing,2026-11-20 11:05:28+00:00
P03764,Discharge,2026-11-20 11:38:28+00:00
P03765,Patient Arrival,2026-10-31 06:00:15+00:00
P03765,Registration,2026-10-31 06:42:15+00:00
P03765,Waiting,2026-10-31 07:43:15+00:00
P03765,Doctor Consultation,2026-10-31 07:58:15+00:00
P03765,Urine Test,2026-10-31 08:26:15+00:00
P03765,Urine Test,2026-10-31 08:26:15+00:00
P03765,Doctor Consultation,2026-10-31 09:08:15+00:00
P03765,Diagnosis,2026-10-31 09:35:15+00:00
P03765,Treatment,2026-10-31 11:23:15+00:00
P03765,Pharmacy,2026-10-31 11:48:15+00:00
P03765,Billing,2026-10-31 12:30:15+00:00
P03765,Discharge,2026-10-31 13:02:15+00:00
P03767,Patient Arrival,2026-03-28 05:42:36+00:00
P03767,Patient Arrival,2026-03-28 05:42:36+00:00
P03767,Registration,2026-03-28 06:09:36+00:00
P03767,Waiting,2026-03-28 07:45:36+00:00
P03767,Doctor Consultation,2026-03-28 08:16:36+00:00
P03767,Urine Test,2026-03-28 08:42:36+00:00
P03767,Doctor Consultation,2026-03-28 09:23:36+00:00
P03767,Diagnosis,2026-03-28 10:04:36+00:00
P03767,Treatment,2026-03-28 11:04:36+00:00
P03767,Pharmacy,2026-03-28 11:25:36+00:00
P03767,Billing,2026-03-28 12:16:36+00:00
P03767,Discharge,2026-03-28 12:29:36+00:00
P03769,Patient Arrival,2026-01-20 03:49:30+00:00
P03769,Registration,2026-01-20 04:16:30+00:00
P03769,Waiting,2026-01-20 04:44:30+00:00
P03769,Doctor Consultation,2026-01-20 05:18:30+00:00
P03769,X-Ray,2026-01-20 05:46:30+00:00
P03769,Doctor Consultation,2026-01-20 06:29:30+00:00
P03769,Diagnosis,2026-01-20 07:13:30+00:00
P03769,Treatment,2026-01-20 08:08:30+00:00
P03769,Pharmacy,2026-01-20 08:38:30+00:00
P03769,Billing,2026-01-20 08:48:30+00:00
P03769,Discharge,2026-01-20 09:28:30+00:00
P03770,Patient Arrival,2026-11-05 04:18:41+00:00
P03770,Patient Arrival,2026-11-05 04:18:41+00:00
P03770,Registration,2026-11-05 04:45:41+00:00
P03770,Waiting,2026-11-05 06:22:41+00:00
P03770,Doctor Consultation,2026-11-05 07:00:41+00:00
P03770,Blood Test,2026-11-05 07:15:41+00:00
P03770,Doctor Consultation,2026-11-05 07:43:41+00:00
P03770,Diagnosis,2026-11-05 08:21:41+00:00
P03770,Treatment,2026-11-05 10:04:41+00:00
P03770,Pharmacy,2026-11-05 10:25:41+00:00
P03770,Billing,2026-11-05 10:50:41+00:00
P03770,Discharge,2026-11-05 11:27:41+00:00
P03772,Patient Arrival,2026-04-11 00:42:31+00:00
P03772,Registration,2026-04-11 00:55:31+00:00
P03772,Waiting,2026-04-11 02:22:31+00:00
P03772,Doctor Consultation,2026-04-11 02:56:31+00:00
P03772,Diagnosis,2026-04-11 03:22:31+00:00
P03772,Ward Transfer,2026-04-11 03:50:31+00:00
P03772,Treatment,2026-04-11 06:04:31+00:00
P03772,Pharmacy,2026-04-11 06:30:31+00:00
P03772,Billing,2026-04-11 07:05:31+00:00
P03772,Discharge,2026-04-11 07:23:31+00:00
P03773,Patient Arrival,2026-05-18 05:10:38+00:00
P03773,Registration,2026-05-18 05:42:38+00:00
P03773,Waiting,2026-05-18 06:27:38+00:00
P03773,Doctor Consultation,2026-05-18 07:10:38+00:00
P03773,Urine Test,2026-05-18 07:35:38+00:00
P03773,Doctor Consultation,2026-05-18 07:56:38+00:00
P03773,Diagnosis,2026-05-18 08:40:38+00:00
P03773,Treatment,2026-05-18 10:08:38+00:00
P03773,Pharmacy,2026-05-18 10:27:38+00:00
P03773,Billing,2026-05-18 11:07:38+00:00
P03773,Discharge,2026-05-18 11:32:38+00:00
P03780,Patient Arrival,2026-11-01 04:12:54+00:00
P03780,Registration,2026-11-01 04:35:54+00:00
P03780,Waiting,2026-11-01 05:48:54+00:00
P03780,Doctor Consultation,2026-11-01 06:37:54+00:00
P03780,Diagnosis,2026-11-01 06:54:54+00:00
P03780,Treatment,2026-11-01 08:26:54+00:00
P03780,Pharmacy,2026-11-01 08:51:54+00:00
P03780,Billing,2026-11-01 09:45:54+00:00
P03780,Discharge,2026-11-01 10:19:54+00:00
P03783,Patient Arrival,2026-05-28 08:10:45+00:00
P03783,Registration,2026-05-28 08:58:45+00:00
P03783,Waiting,2026-05-28 10:12:45+00:00
P03783,Doctor Consultation,2026-05-28 10:42:45+00:00
P03783,Urine Test,2026-05-28 11:08:45+00:00
P03783,Doctor Consultation,2026-05-28 11:43:45+00:00
P03783,Diagnosis,2026-05-28 12:26:45+00:00
P03783,Ward Transfer,2026-05-28 13:03:45+00:00
P03783,Treatment,2026-05-28 14:21:45+00:00
P03783,Pharmacy,2026-05-28 14:46:45+00:00
P03783,Billing,2026-05-28 15:37:45+00:00
P03783,Discharge,2026-05-28 16:15:45+00:00
P03786,Patient Arrival,2026-05-01 07:54:17+00:00
P03786,Registration,2026-05-01 08:09:17+00:00
P03786,Waiting,2026-05-01 09:31:17+00:00
P03786,Doctor Consultation,2026-05-01 09:54:17+00:00
P03786,Diagnosis,2026-05-01 10:26:17+00:00
P03786,Ward Transfer,2026-05-01 10:48:17+00:00
P03786,Treatment,2026-05-01 12:36:17+00:00
P03786,Pharmacy,2026-05-01 13:18:17+00:00
P03786,Billing,2026-05-01 14:04:17+00:00
P03786,Discharge,2026-05-01 14:38:17+00:00
P03788,Patient Arrival,2026-12-24 01:51:57+00:00
P03788,Registration,2026-12-24 02:19:57+00:00
P03788,Waiting,2026-12-24 02:50:57+00:00
P03788,Doctor Consultation,2026-12-24 03:37:57+00:00
P03788,Urine Test,2026-12-24 04:09:57+00:00
P03788,Doctor Consultation,2026-12-24 04:29:57+00:00
P03788,Diagnosis,2026-12-24 05:23:57+00:00
P03788,Ward Transfer,2026-12-24 06:07:57+00:00
P03788,Treatment,2026-12-24 06:50:57+00:00
P03788,Pharmacy,2026-12-24 07:42:57+00:00
P03788,Billing,2026-12-24 08:31:57+00:00
P03788,Discharge,2026-12-24 08:53:57+00:00
P03791,Patient Arrival,2026-07-29 09:35:21+00:00
P03791,Registration,2026-07-29 10:06:21+00:00
P03791,Registration,2026-07-29 10:06:21+00:00
P03791,Waiting,2026-07-29 11:13:21+00:00
P03791,Doctor Consultation,2026-07-29 11:50:21+00:00
P03791,Diagnosis,2026-07-29 12:17:21+00:00
P03791,Treatment,2026-07-29 14:08:21+00:00
P03791,Pharmacy,2026-07-29 14:22:21+00:00
P03791,Billing,2026-07-29 14:53:21+00:00
P03791,Discharge,2026-07-29 15:27:21+00:00
P03802,Patient Arrival,2026-11-18 20:05:52+00:00
P03802,Registration,2026-11-18 20:37:52+00:00
P03802,Waiting,2026-11-18 21:44:52+00:00
P03802,Doctor Consultation,2026-11-18 22:14:52+00:00
P03802,ECG,2026-11-18 22:48:52+00:00
P03802,Doctor Consultation,2026-11-18 23:19:52+00:00
P03802,Diagnosis,2026-11-19 00:07:52+00:00
P03802,Treatment,2026-11-19 02:08:52+00:00
P03802,Pharmacy,2026-11-19 02:54:52+00:00
P03802,Billing,2026-11-19 03:17:52+00:00
P03802,Discharge,2026-11-19 03:51:52+00:00
P03803,Patient Arrival,2026-11-24 08:36:42+00:00
P03803,Registration,2026-11-24 09:27:42+00:00
P03803,Waiting,2026-11-24 10:51:42+00:00
P03803,Doctor Consultation,2026-11-24 11:28:42+00:00
P03803,Diagnosis,2026-11-24 11:58:42+00:00
P03803,Treatment,2026-11-24 13:01:42+00:00
P03803,Pharmacy,2026-11-24 13:31:42+00:00
P03803,Billing,2026-11-24 14:05:42+00:00
P03803,Discharge,2026-11-24 14:43:42+00:00
P03804,Patient Arrival,2026-02-20 05:06:27+00:00
P03804,Registration,2026-02-20 05:46:27+00:00
P03804,Waiting,2026-02-20 07:28:27+00:00
P03804,Doctor Consultation,2026-02-20 08:06:27+00:00
P03804,Diagnosis,2026-02-20 08:33:27+00:00
P03804,Treatment,2026-02-20 09:35:27+00:00
P03804,Pharmacy,2026-02-20 09:58:27+00:00
P03804,Billing,2026-02-20 10:29:27+00:00
P03804,Billing,2026-02-20 10:29:27+00:00
P03804,Discharge,2026-02-20 11:04:27+00:00
P03805,Patient Arrival,2026-04-13 14:57:43+00:00
P03805,Registration,2026-04-13 15:33:43+00:00
P03805,Waiting,2026-04-13 16:58:43+00:00
P03805,Doctor Consultation,2026-04-13 17:40:43+00:00
P03805,Urine Test,2026-04-13 17:59:43+00:00
P03805,Doctor Consultation,2026-04-13 18:37:43+00:00
P03805,Diagnosis,2026-04-13 19:03:43+00:00
P03805,Ward Transfer,2026-04-13 19:49:43+00:00
P03805,Treatment,2026-04-13 21:58:43+00:00
P03805,Pharmacy,2026-04-13 22:25:43+00:00
P03805,Billing,2026-04-13 22:52:43+00:00
P03805,Discharge,2026-04-13 23:25:43+00:00
P03806,Patient Arrival,2026-11-03 13:41:15+00:00
P03806,Registration,2026-11-03 14:29:15+00:00
P03806,Waiting,2026-11-03 16:06:15+00:00
P03806,Doctor Consultation,2026-11-03 16:27:15+00:00
P03806,Diagnosis,2026-11-03 16:46:15+00:00
P03806,Ward Transfer,2026-11-03 17:37:15+00:00
P03806,Treatment,2026-11-03 19:32:15+00:00
P03806,Pharmacy,2026-11-03 19:49:15+00:00
P03806,Billing,2026-11-03 20:04:15+00:00
P03806,Discharge,2026-11-03 20:20:15+00:00
P03811,Patient Arrival,2026-12-29 12:54:57+00:00
P03811,Registration,2026-12-29 13:30:57+00:00
P03811,Waiting,2026-12-29 14:28:57+00:00
P03811,Doctor Consultation,2026-12-29 15:08:57+00:00
P03811,X-Ray,2026-12-29 15:46:57+00:00
P03811,Doctor Consultation,2026-12-29 16:34:57+00:00
P03811,Diagnosis,2026-12-29 17:10:57+00:00
P03811,Treatment,2026-12-29 18:06:57+00:00
P03811,Pharmacy,2026-12-29 18:29:57+00:00
P03811,Billing,2026-12-29 18:47:57+00:00
P03811,Discharge,2026-12-29 19:28:57+00:00
P03817,Patient Arrival,2026-01-02 19:21:59+00:00
P03817,Registration,2026-01-02 19:34:59+00:00
P03817,Waiting,2026-01-02 20:33:59+00:00
P03817,Doctor Consultation,2026-01-02 20:44:59+00:00
P03817,Diagnosis,2026-01-02 21:19:59+00:00
P03817,Ward Transfer,2026-01-02 22:01:59+00:00
P03817,Treatment,2026-01-03 00:01:59+00:00
P03817,Pharmacy,2026-01-03 00:41:59+00:00
P03817,Billing,2026-01-03 01:21:59+00:00
P03817,Discharge,2026-01-03 01:50:59+00:00
P03819,Patient Arrival,2026-08-05 03:00:21+00:00
P03819,Registration,2026-08-05 03:29:21+00:00
P03819,Waiting,2026-08-05 04:39:21+00:00
P03819,Doctor Consultation,2026-08-05 05:28:21+00:00
P03819,Diagnosis,2026-08-05 05:40:21+00:00
P03819,Treatment,2026-08-05 06:56:21+00:00
P03819,Pharmacy,2026-08-05 07:39:21+00:00
P03819,Billing,2026-08-05 08:24:21+00:00
P03819,Discharge,2026-08-05 09:00:21+00:00
P03820,Patient Arrival,2026-01-05 15:34:53+00:00
P03820,Registration,2026-01-05 16:13:53+00:00
P03820,Waiting,2026-01-05 17:58:53+00:00
P03820,Doctor Consultation,2026-01-05 18:33:53+00:00
P03820,Blood Test,2026-01-05 18:52:53+00:00
P03820,Doctor Consultation,2026-01-05 19:26:53+00:00
P03820,Diagnosis,2026-01-05 19:56:53+00:00
P03820,Treatment,2026-01-05 21:26:53+00:00
P03820,Pharmacy,2026-01-05 21:53:53+00:00
P03820,Billing,2026-01-05 22:21:53+00:00
P03820,Discharge,2026-01-05 22:57:53+00:00
P03821,Patient Arrival,2026-06-06 00:59:04+00:00
P03821,Registration,2026-06-06 01:18:04+00:00
P03821,Waiting,2026-06-06 02:36:04+00:00
P03821,Doctor Consultation,2026-06-06 02:47:04+00:00
P03821,Urine Test,2026-06-06 03:22:04+00:00
P03821,Doctor Consultation,2026-06-06 04:00:04+00:00
P03821,Diagnosis,2026-06-06 04:32:04+00:00
P03821,Ward Transfer,2026-06-06 04:41:04+00:00
P03821,Treatment,2026-06-06 05:50:04+00:00
P03821,Pharmacy,2026-06-06 06:06:04+00:00
P03821,Billing,2026-06-06 06:41:04+00:00
P03821,Discharge,2026-06-06 07:19:04+00:00
P03822,Patient Arrival,2026-09-12 02:59:33+00:00
P03822,Registration,2026-09-12 03:30:33+00:00
P03822,Waiting,2026-09-12 04:18:33+00:00
P03822,Doctor Consultation,2026-09-12 04:38:33+00:00
P03822,X-Ray,2026-09-12 05:02:33+00:00
P03822,Doctor Consultation,2026-09-12 05:21:33+00:00
P03822,Diagnosis,2026-09-12 06:08:33+00:00
P03822,Treatment,2026-09-12 07:06:33+00:00
P03822,Pharmacy,2026-09-12 07:17:33+00:00
P03822,Pharmacy,2026-09-12 07:17:33+00:00
P03822,Billing,2026-09-12 07:51:33+00:00
P03822,Discharge,2026-09-12 08:07:33+00:00
P03829,Patient Arrival,2026-05-21 12:13:44+00:00
P03829,Registration,2026-05-21 12:40:44+00:00
P03829,Waiting,2026-05-21 13:55:44+00:00
P03829,Doctor Consultation,2026-05-21 14:37:44+00:00
P03829,Diagnosis,2026-05-21 14:50:44+00:00
P03829,Treatment,2026-05-21 16:28:44+00:00
P03829,Pharmacy,2026-05-21 17:08:44+00:00
P03829,Billing,2026-05-21 17:39:44+00:00
P03829,Discharge,2026-05-21 18:17:44+00:00
P03830,Patient Arrival,2026-05-15 17:55:57+00:00
P03830,Registration,2026-05-15 18:46:57+00:00
P03830,Waiting,2026-05-15 19:59:57+00:00
P03830,Doctor Consultation,2026-05-15 20:36:57+00:00
P03830,Urine Test,2026-05-15 20:55:57+00:00
P03830,Doctor Consultation,2026-05-15 21:27:57+00:00
P03830,Diagnosis,2026-05-15 21:58:57+00:00
P03830,Treatment,2026-05-15 23:41:57+00:00
P03830,Pharmacy,2026-05-16 00:05:57+00:00
P03830,Billing,2026-05-16 00:31:57+00:00
P03830,Discharge,2026-05-16 00:50:57+00:00
P03831,Patient Arrival,2026-07-11 04:24:33+00:00
P03831,Registration,2026-07-11 04:45:33+00:00
P03831,Waiting,2026-07-11 06:02:33+00:00
P03831,Doctor Consultation,2026-07-11 06:29:33+00:00
P03831,Diagnosis,2026-07-11 07:07:33+00:00
P03831,Ward Transfer,2026-07-11 07:34:33+00:00
P03831,Treatment,2026-07-11 09:36:33+00:00
P03831,Pharmacy,2026-07-11 09:52:33+00:00
P03831,Billing,2026-07-11 10:25:33+00:00
P03831,Discharge,2026-07-11 10:58:33+00:00
P03833,Patient Arrival,2026-04-21 06:33:59+00:00
P03833,Registration,2026-04-21 07:09:59+00:00
P03833,Waiting,2026-04-21 07:53:59+00:00
P03833,Doctor Consultation,2026-04-21 08:12:59+00:00
P03833,Diagnosis,2026-04-21 08:48:59+00:00
P03833,Treatment,2026-04-21 10:20:59+00:00
P03833,Pharmacy,2026-04-21 10:59:59+00:00
P03833,Billing,2026-04-21 11:40:59+00:00
P03833,Discharge,2026-04-21 12:15:59+00:00
P03834,Patient Arrival,2026-08-23 19:40:28+00:00
P03834,Registration,2026-08-23 20:22:28+00:00
P03834,Waiting,2026-08-23 22:20:28+00:00
P03834,Doctor Consultation,2026-08-23 22:50:28+00:00
P03834,Diagnosis,2026-08-23 23:13:28+00:00
P03834,Treatment,2026-08-24 00:18:28+00:00
P03834,Pharmacy,2026-08-24 00:45:28+00:00
P03834,Billing,2026-08-24 01:10:28+00:00
P03834,Discharge,2026-08-24 01:35:28+00:00
P03834,Discharge,2026-08-24 01:35:28+00:00
P03836,Patient Arrival,2026-02-05 03:01:58+00:00
P03836,Registration,2026-02-05 03:30:58+00:00
P03836,Waiting,2026-02-05 05:05:58+00:00
P03836,Doctor Consultation,2026-02-05 05:42:58+00:00
P03836,Blood Test,2026-02-05 06:17:58+00:00
P03836,Doctor Consultation,2026-02-05 06:38:58+00:00
P03836,Diagnosis,2026-02-05 07:04:58+00:00
P03836,Ward Transfer,2026-02-05 07:28:58+00:00
P03836,Treatment,2026-02-05 09:39:58+00:00
P03836,Pharmacy,2026-02-05 09:59:58+00:00
P03836,Billing,2026-02-05 10:26:58+00:00
P03836,Discharge,2026-02-05 10:49:58+00:00
P03839,Patient Arrival,2026-08-09 19:06:39+00:00
P03839,Registration,2026-08-09 19:44:39+00:00
P03839,Waiting,2026-08-09 20:40:39+00:00
P03839,Doctor Consultation,2026-08-09 21:02:39+00:00
P03839,Diagnosis,2026-08-09 21:25:39+00:00
P03839,Treatment,2026-08-09 22:50:39+00:00
P03839,Pharmacy,2026-08-09 23:39:39+00:00
P03839,Billing,2026-08-10 00:20:39+00:00
P03839,Discharge,2026-08-10 00:52:39+00:00
P03841,Patient Arrival,2026-02-15 06:32:49+00:00
P03841,Registration,2026-02-15 07:13:49+00:00
P03841,Waiting,2026-02-15 08:46:49+00:00
P03841,Doctor Consultation,2026-02-15 09:15:49+00:00
P03841,Diagnosis,2026-02-15 09:36:49+00:00
P03841,Ward Transfer,2026-02-15 10:13:49+00:00
P03841,Treatment,2026-02-15 11:19:49+00:00
P03841,Pharmacy,2026-02-15 11:42:49+00:00
P03841,Billing,2026-02-15 12:11:49+00:00
P03841,Discharge,2026-02-15 12:39:49+00:00
P03842,Patient Arrival,2026-11-27 11:31:06+00:00
P03842,Registration,2026-11-27 12:08:06+00:00
P03842,Waiting,2026-11-27 13:29:06+00:00
P03842,Doctor Consultation,2026-11-27 14:01:06+00:00
P03842,Diagnosis,2026-11-27 14:31:06+00:00
P03842,Treatment,2026-11-27 15:45:06+00:00
P03842,Pharmacy,2026-11-27 16:28:06+00:00
P03842,Billing,2026-11-27 16:44:06+00:00
P03842,Discharge,2026-11-27 17:14:06+00:00
P03843,Patient Arrival,2026-09-25 00:49:06+00:00
P03843,Registration,2026-09-25 01:05:06+00:00
P03843,Waiting,2026-09-25 02:29:06+00:00
P03843,Waiting,2026-09-25 02:29:06+00:00
P03843,Doctor Consultation,2026-09-25 03:16:06+00:00
P03843,Diagnosis,2026-09-25 03:43:06+00:00
P03843,Ward Transfer,2026-09-25 04:35:06+00:00
P03843,Treatment,2026-09-25 06:38:06+00:00
P03843,Pharmacy,2026-09-25 07:09:06+00:00
P03843,Billing,2026-09-25 07:37:06+00:00
P03843,Discharge,2026-09-25 08:11:06+00:00
P03844,Patient Arrival,2026-05-16 00:28:13+00:00
P03844,Registration,2026-05-16 00:55:13+00:00
P03844,Waiting,2026-05-16 02:35:13+00:00
P03844,Doctor Consultation,2026-05-16 03:00:13+00:00
P03844,Diagnosis,2026-05-16 03:20:13+00:00
P03844,Ward Transfer,2026-05-16 03:59:13+00:00
P03844,Ward Transfer,2026-05-16 03:59:13+00:00
P03844,Treatment,2026-05-16 05:04:13+00:00
P03844,Pharmacy,2026-05-16 05:40:13+00:00
P03844,Billing,2026-05-16 06:17:13+00:00
P03844,Discharge,2026-05-16 06:38:13+00:00
P03845,Patient Arrival,2026-11-29 13:10:53+00:00
P03845,Registration,2026-11-29 13:28:53+00:00
P03845,Waiting,2026-11-29 14:58:53+00:00
P03845,Doctor Consultation,2026-11-29 15:28:53+00:00
P03845,Urine Test,2026-11-29 15:54:53+00:00
P03845,Doctor Consultation,2026-11-29 16:31:53+00:00
P03845,Diagnosis,2026-11-29 16:59:53+00:00
P03845,Treatment,2026-11-29 17:48:53+00:00
P03845,Pharmacy,2026-11-29 18:28:53+00:00
P03845,Billing,2026-11-29 19:19:53+00:00
P03845,Discharge,2026-11-29 20:02:53+00:00
P03846,Patient Arrival,2026-07-11 17:54:44+00:00
P03846,Registration,2026-07-11 18:20:44+00:00
P03846,Waiting,2026-07-11 19:00:44+00:00
P03846,Doctor Consultation,2026-07-11 19:34:44+00:00
P03846,Blood Test,2026-07-11 19:45:44+00:00
P03846,Doctor Consultation,2026-07-11 20:18:44+00:00
P03846,Blood Test,2026-07-11 21:00:44+00:00
P03846,Doctor Consultation,2026-07-11 21:29:44+00:00
P03846,Diagnosis,2026-07-11 22:22:44+00:00
P03846,Treatment,2026-07-12 00:19:44+00:00
P03846,Pharmacy,2026-07-12 00:52:44+00:00
P03846,Billing,2026-07-12 01:27:44+00:00
P03846,Discharge,2026-07-12 02:10:44+00:00
P03847,Patient Arrival,2026-05-30 20:51:41+00:00
P03847,Registration,2026-05-30 21:17:41+00:00
P03847,Waiting,2026-05-30 22:41:41+00:00
P03847,Doctor Consultation,2026-05-30 23:10:41+00:00
P03847,X-Ray,2026-05-31 00:00:41+00:00
P03847,Doctor Consultation,2026-05-31 00:34:41+00:00
P03847,Diagnosis,2026-05-31 00:55:41+00:00
P03847,Treatment,2026-05-31 01:42:41+00:00
P03847,Pharmacy,2026-05-31 02:31:41+00:00
P03847,Billing,2026-05-31 02:59:41+00:00
P03847,Discharge,2026-05-31 03:43:41+00:00
P03848,Patient Arrival,2026-04-04 00:23:17+00:00
P03848,Registration,2026-04-04 01:00:17+00:00
P03848,Waiting,2026-04-04 02:25:17+00:00
P03848,Doctor Consultation,2026-04-04 02:59:17+00:00
P03848,Blood Test,2026-04-04 03:27:17+00:00
P03848,Doctor Consultation,2026-04-04 04:01:17+00:00
P03848,Diagnosis,2026-04-04 04:22:17+00:00
P03848,Treatment,2026-04-04 06:20:17+00:00
P03848,Pharmacy,2026-04-04 06:44:17+00:00
P03848,Billing,2026-04-04 07:22:17+00:00
P03848,Discharge,2026-04-04 07:51:17+00:00
P03849,Patient Arrival,2026-10-29 05:10:14+00:00
P03849,Registration,2026-10-29 05:26:14+00:00
P03849,Waiting,2026-10-29 06:40:14+00:00
P03849,Doctor Consultation,2026-10-29 07:12:14+00:00
P03849,Diagnosis,2026-10-29 07:28:14+00:00
P03849,Ward Transfer,2026-10-29 07:59:14+00:00
P03849,Treatment,2026-10-29 09:01:14+00:00
P03849,Pharmacy,2026-10-29 09:29:14+00:00
P03849,Billing,2026-10-29 10:06:14+00:00
P03849,Discharge,2026-10-29 10:27:14+00:00
P03850,Patient Arrival,2026-07-23 22:42:07+00:00
P03850,Registration,2026-07-23 23:04:07+00:00
P03850,Registration,2026-07-23 23:04:07+00:00
P03850,Waiting,2026-07-24 00:39:07+00:00
P03850,Doctor Consultation,2026-07-24 01:21:07+00:00
P03850,Blood Test,2026-07-24 01:51:07+00:00
P03850,Doctor Consultation,2026-07-24 02:23:07+00:00
P03850,Diagnosis,2026-07-24 02:58:07+00:00
P03850,Ward Transfer,2026-07-24 03:32:07+00:00
P03850,Treatment,2026-07-24 05:11:07+00:00
P03850,Pharmacy,2026-07-24 05:52:07+00:00
P03850,Billing,2026-07-24 06:13:07+00:00
P03850,Discharge,2026-07-24 06:42:07+00:00
P03852,Patient Arrival,2026-10-11 14:57:27+00:00
P03852,Registration,2026-10-11 15:34:27+00:00
P03852,Waiting,2026-10-11 17:04:27+00:00
P03852,Doctor Consultation,2026-10-11 17:29:27+00:00
P03852,Diagnosis,2026-10-11 18:01:27+00:00
P03852,Treatment,2026-10-11 19:01:27+00:00
P03852,Pharmacy,2026-10-11 19:36:27+00:00
P03852,Billing,2026-10-11 20:04:27+00:00
P03852,Discharge,2026-10-11 20:56:27+00:00
P03853,Patient Arrival,2026-04-29 00:11:29+00:00
P03853,Registration,2026-04-29 00:18:29+00:00
P03853,Waiting,2026-04-29 01:22:29+00:00
P03853,Doctor Consultation,2026-04-29 02:16:29+00:00
P03853,Urine Test,2026-04-29 02:33:29+00:00
P03853,Doctor Consultation,2026-04-29 02:54:29+00:00
P03853,Diagnosis,2026-04-29 03:45:29+00:00
P03853,Treatment,2026-04-29 05:33:29+00:00
P03853,Pharmacy,2026-04-29 05:55:29+00:00
P03853,Billing,2026-04-29 06:20:29+00:00
P03853,Discharge,2026-04-29 06:55:29+00:00
P03856,Patient Arrival,2026-07-27 08:26:31+00:00
P03856,Registration,2026-07-27 08:39:31+00:00
P03856,Waiting,2026-07-27 09:14:31+00:00
P03856,Doctor Consultation,2026-07-27 09:49:31+00:00
P03856,Diagnosis,2026-07-27 10:16:31+00:00
P03856,Treatment,2026-07-27 12:19:31+00:00
P03856,Pharmacy,2026-07-27 13:03:31+00:00
P03856,Billing,2026-07-27 13:39:31+00:00
P03856,Discharge,2026-07-27 14:17:31+00:00
P03858,Patient Arrival,2026-03-18 16:17:40+00:00
P03858,Registration,2026-03-18 16:48:40+00:00
P03858,Waiting,2026-03-18 18:10:40+00:00
P03858,Doctor Consultation,2026-03-18 18:49:40+00:00
P03858,X-Ray,2026-03-18 19:07:40+00:00
P03858,Doctor Consultation,2026-03-18 19:29:40+00:00
P03858,Diagnosis,2026-03-18 20:12:40+00:00
P03858,Treatment,2026-03-18 22:18:40+00:00
P03858,Pharmacy,2026-03-18 22:41:40+00:00
P03858,Billing,2026-03-18 22:51:40+00:00
P03858,Discharge,2026-03-18 23:17:40+00:00
P03859,Patient Arrival,2026-10-22 16:32:41+00:00
P03859,Registration,2026-10-22 17:09:41+00:00
P03859,Waiting,2026-10-22 18:45:41+00:00
P03859,Doctor Consultation,2026-10-22 18:53:41+00:00
P03859,Urine Test,2026-10-22 19:15:41+00:00
P03859,Doctor Consultation,2026-10-22 19:45:41+00:00
P03859,Diagnosis,2026-10-22 20:36:41+00:00
P03859,Ward Transfer,2026-10-22 20:48:41+00:00
P03859,Treatment,2026-10-22 21:49:41+00:00
P03859,Pharmacy,2026-10-22 22:22:41+00:00
P03859,Billing,2026-10-22 23:02:41+00:00
P03859,Discharge,2026-10-22 23:39:41+00:00
P03860,Patient Arrival,2026-11-09 16:05:53+00:00
P03860,Registration,2026-11-09 16:25:53+00:00
P03860,Waiting,2026-11-09 17:30:53+00:00
P03860,Doctor Consultation,2026-11-09 17:53:53+00:00
P03860,Urine Test,2026-11-09 18:35:53+00:00
P03860,Doctor Consultation,2026-11-09 19:15:53+00:00
P03860,Diagnosis,2026-11-09 19:30:53+00:00
P03860,Ward Transfer,2026-11-09 20:05:53+00:00
P03860,Treatment,2026-11-09 21:03:53+00:00
P03860,Pharmacy,2026-11-09 21:38:53+00:00
P03860,Billing,2026-11-09 22:15:53+00:00
P03860,Discharge,2026-11-09 22:39:53+00:00
P03861,Patient Arrival,2026-07-05 02:56:32+00:00
P03861,Registration,2026-07-05 03:45:32+00:00
P03861,Waiting,2026-07-05 04:50:32+00:00
P03861,Doctor Consultation,2026-07-05 05:29:32+00:00
P03861,X-Ray,2026-07-05 06:15:32+00:00
P03861,Doctor Consultation,2026-07-05 06:51:32+00:00
P03861,Diagnosis,2026-07-05 07:13:32+00:00
P03861,Treatment,2026-07-05 08:10:32+00:00
P03861,Pharmacy,2026-07-05 08:31:32+00:00
P03861,Billing,2026-07-05 08:59:32+00:00
P03861,Discharge,2026-07-05 09:35:32+00:00
P03863,Patient Arrival,2026-03-24 01:08:22+00:00
P03863,Registration,2026-03-24 01:30:22+00:00
P03863,Waiting,2026-03-24 03:00:22+00:00
P03863,Doctor Consultation,2026-03-24 03:37:22+00:00
P03863,Diagnosis,2026-03-24 03:57:22+00:00
P03863,Ward Transfer,2026-03-24 04:27:22+00:00
P03863,Treatment,2026-03-24 05:30:22+00:00
P03863,Pharmacy,2026-03-24 06:15:22+00:00
P03863,Billing,2026-03-24 06:40:22+00:00
P03863,Discharge,2026-03-24 07:03:22+00:00
P03864,Patient Arrival,2026-07-01 20:43:41+00:00
P03864,Registration,2026-07-01 21:29:41+00:00
P03864,Waiting,2026-07-01 23:16:41+00:00
P03864,Doctor Consultation,2026-07-01 23:42:41+00:00
P03864,Urine Test,2026-07-02 00:19:41+00:00
P03864,Doctor Consultation,2026-07-02 00:45:41+00:00
P03864,Diagnosis,2026-07-02 01:08:41+00:00
P03864,Treatment,2026-07-02 02:12:41+00:00
P03864,Pharmacy,2026-07-02 02:50:41+00:00
P03864,Billing,2026-07-02 03:32:41+00:00
P03864,Discharge,2026-07-02 04:25:41+00:00
P03865,Patient Arrival,2026-09-05 13:14:35+00:00
P03865,Registration,2026-09-05 13:49:35+00:00
P03865,Waiting,2026-09-05 15:37:35+00:00
P03865,Doctor Consultation,2026-09-05 15:51:35+00:00
P03865,Blood Test,2026-09-05 16:22:35+00:00
P03865,Doctor Consultation,2026-09-05 16:47:35+00:00
P03865,Diagnosis,2026-09-05 17:13:35+00:00
P03865,Ward Transfer,2026-09-05 17:37:35+00:00
P03865,Treatment,2026-09-05 18:51:35+00:00
P03865,Pharmacy,2026-09-05 19:14:35+00:00
P03865,Billing,2026-09-05 19:56:35+00:00
P03865,Discharge,2026-09-05 20:37:35+00:00
P03870,Patient Arrival,2026-07-12 23:14:48+00:00
P03870,Registration,2026-07-12 23:46:48+00:00
P03870,Waiting,2026-07-13 00:23:48+00:00
P03870,Doctor Consultation,2026-07-13 00:54:48+00:00
P03870,Diagnosis,2026-07-13 01:32:48+00:00
P03870,Treatment,2026-07-13 02:44:48+00:00
P03870,Pharmacy,2026-07-13 03:11:48+00:00
P03870,Billing,2026-07-13 03:43:48+00:00
P03870,Discharge,2026-07-13 04:07:48+00:00
P03878,Patient Arrival,2026-09-10 09:24:20+00:00
P03878,Registration,2026-09-10 10:09:20+00:00
P03878,Waiting,2026-09-10 11:44:20+00:00
P03878,Doctor Consultation,2026-09-10 12:13:20+00:00
P03878,Diagnosis,2026-09-10 12:46:20+00:00
P03878,Treatment,2026-09-10 14:14:20+00:00
P03878,Pharmacy,2026-09-10 14:38:20+00:00
P03878,Billing,2026-09-10 14:56:20+00:00
P03878,Discharge,2026-09-10 15:22:20+00:00
P03879,Patient Arrival,2026-08-22 12:31:27+00:00
P03879,Registration,2026-08-22 12:49:27+00:00
P03879,Waiting,2026-08-22 13:48:27+00:00
P03879,Doctor Consultation,2026-08-22 14:16:27+00:00
P03879,ECG,2026-08-22 14:42:27+00:00
P03879,Doctor Consultation,2026-08-22 14:55:27+00:00
P03879,Diagnosis,2026-08-22 15:10:27+00:00
P03879,Treatment,2026-08-22 16:25:27+00:00
P03879,Pharmacy,2026-08-22 17:10:27+00:00
P03879,Billing,2026-08-22 17:42:27+00:00
P03879,Discharge,2026-08-22 17:57:27+00:00
P03881,Patient Arrival,2026-09-23 10:53:16+00:00
P03881,Registration,2026-09-23 11:15:16+00:00
P03881,Waiting,2026-09-23 12:34:16+00:00
P03881,Doctor Consultation,2026-09-23 12:58:16+00:00
P03881,Blood Test,2026-09-23 13:13:16+00:00
P03881,Blood Test,2026-09-23 13:13:16+00:00
P03881,Doctor Consultation,2026-09-23 13:42:16+00:00
P03881,Diagnosis,2026-09-23 14:19:16+00:00
P03881,Ward Transfer,2026-09-23 15:03:16+00:00
P03881,Treatment,2026-09-23 16:10:16+00:00
P03881,Pharmacy,2026-09-23 16:22:16+00:00
P03881,Billing,2026-09-23 17:08:16+00:00
P03881,Billing,2026-09-23 17:08:16+00:00
P03881,Discharge,2026-09-23 17:43:16+00:00
P03885,Patient Arrival,2026-10-22 03:24:17+00:00
P03885,Registration,2026-10-22 03:57:17+00:00
P03885,Waiting,2026-10-22 04:31:17+00:00
P03885,Doctor Consultation,2026-10-22 04:57:17+00:00
P03885,Diagnosis,2026-10-22 05:39:17+00:00
P03885,Treatment,2026-10-22 07:23:17+00:00
P03885,Pharmacy,2026-10-22 07:49:17+00:00
P03885,Billing,2026-10-22 08:07:17+00:00
P03885,Discharge,2026-10-22 08:38:17+00:00
P03886,Patient Arrival,2026-11-20 01:58:22+00:00
P03886,Registration,2026-11-20 02:35:22+00:00
P03886,Waiting,2026-11-20 03:55:22+00:00
P03886,Doctor Consultation,2026-11-20 04:28:22+00:00
P03886,Urine Test,2026-11-20 04:57:22+00:00
P03886,Doctor Consultation,2026-11-20 05:04:22+00:00
P03886,Diagnosis,2026-11-20 05:35:22+00:00
P03886,Treatment,2026-11-20 06:59:22+00:00
P03886,Pharmacy,2026-11-20 07:25:22+00:00
P03886,Billing,2026-11-20 07:58:22+00:00
P03886,Discharge,2026-11-20 08:40:22+00:00
P03887,Patient Arrival,2026-07-09 02:23:48+00:00
P03887,Registration,2026-07-09 02:53:48+00:00
P03887,Waiting,2026-07-09 03:51:48+00:00
P03887,Doctor Consultation,2026-07-09 04:44:48+00:00
P03887,Diagnosis,2026-07-09 04:59:48+00:00
P03887,Treatment,2026-07-09 06:36:48+00:00
P03887,Pharmacy,2026-07-09 07:05:48+00:00
P03887,Billing,2026-07-09 07:49:48+00:00
P03887,Discharge,2026-07-09 08:19:48+00:00
P03890,Patient Arrival,2026-12-31 04:30:13+00:00
P03890,Patient Arrival,2026-12-31 04:30:13+00:00
P03890,Registration,2026-12-31 05:10:13+00:00
P03890,Waiting,2026-12-31 06:40:13+00:00
P03890,Doctor Consultation,2026-12-31 07:27:13+00:00
P03890,Urine Test,2026-12-31 07:55:13+00:00
P03890,Doctor Consultation,2026-12-31 08:26:13+00:00
P03890,Diagnosis,2026-12-31 09:05:13+00:00
P03890,Treatment,2026-12-31 10:29:13+00:00
P03890,Pharmacy,2026-12-31 11:05:13+00:00
P03890,Billing,2026-12-31 11:33:13+00:00
P03890,Discharge,2026-12-31 12:23:13+00:00
P03894,Patient Arrival,2026-11-08 00:36:33+00:00
P03894,Registration,2026-11-08 01:15:33+00:00
P03894,Waiting,2026-11-08 02:13:33+00:00
P03894,Doctor Consultation,2026-11-08 03:01:33+00:00
P03894,X-Ray,2026-11-08 03:14:33+00:00
P03894,Doctor Consultation,2026-11-08 03:44:33+00:00
P03894,Diagnosis,2026-11-08 04:32:33+00:00
P03894,Treatment,2026-11-08 06:00:33+00:00
P03894,Pharmacy,2026-11-08 06:22:33+00:00
P03894,Billing,2026-11-08 07:04:33+00:00
P03894,Discharge,2026-11-08 07:32:33+00:00
P03896,Patient Arrival,2026-12-29 23:57:00+00:00
P03896,Registration,2026-12-30 00:34:00+00:00
P03896,Waiting,2026-12-30 01:12:00+00:00
P03896,Doctor Consultation,2026-12-30 01:44:00+00:00
P03896,Diagnosis,2026-12-30 02:03:00+00:00
P03896,Treatment,2026-12-30 04:07:00+00:00
P03896,Pharmacy,2026-12-30 04:59:00+00:00
P03896,Billing,2026-12-30 05:33:00+00:00
P03896,Discharge,2026-12-30 06:12:00+00:00
P03897,Patient Arrival,2026-07-20 02:00:27+00:00
P03897,Registration,2026-07-20 02:40:27+00:00
P03897,Registration,2026-07-20 02:40:27+00:00
P03897,Waiting,2026-07-20 03:38:27+00:00
P03897,Doctor Consultation,2026-07-20 04:25:27+00:00
P03897,Diagnosis,2026-07-20 04:55:27+00:00
P03897,Ward Transfer,2026-07-20 05:44:27+00:00
P03897,Treatment,2026-07-20 07:17:27+00:00
P03897,Pharmacy,2026-07-20 08:06:27+00:00
P03897,Billing,2026-07-20 09:00:27+00:00
P03897,Discharge,2026-07-20 09:31:27+00:00
P03898,Patient Arrival,2026-01-25 11:28:22+00:00
P03898,Registration,2026-01-25 11:57:22+00:00
P03898,Waiting,2026-01-25 13:49:22+00:00
P03898,Doctor Consultation,2026-01-25 14:44:22+00:00
P03898,Diagnosis,2026-01-25 15:22:22+00:00
P03898,Treatment,2026-01-25 16:31:22+00:00
P03898,Pharmacy,2026-01-25 17:14:22+00:00
P03898,Billing,2026-01-25 17:44:22+00:00
P03898,Discharge,2026-01-25 18:17:22+00:00
P03900,Patient Arrival,2026-11-03 10:13:03+00:00
P03900,Registration,2026-11-03 10:37:03+00:00
P03900,Waiting,2026-11-03 12:25:03+00:00
P03900,Doctor Consultation,2026-11-03 12:59:03+00:00
P03900,Blood Test,2026-11-03 13:40:03+00:00
P03900,Doctor Consultation,2026-11-03 14:03:03+00:00
P03900,Diagnosis,2026-11-03 14:40:03+00:00
P03900,Treatment,2026-11-03 16:43:03+00:00
P03900,Pharmacy,2026-11-03 17:13:03+00:00
P03900,Billing,2026-11-03 17:47:03+00:00
P03900,Discharge,2026-11-03 18:20:03+00:00
P03901,Patient Arrival,2026-10-29 22:20:16+00:00
P03901,Registration,2026-10-29 22:32:16+00:00
P03901,Waiting,2026-10-30 00:02:16+00:00
P03901,Doctor Consultation,2026-10-30 00:40:16+00:00
P03901,Urine Test,2026-10-30 01:28:16+00:00
P03901,Doctor Consultation,2026-10-30 02:15:16+00:00
P03901,Diagnosis,2026-10-30 02:46:16+00:00
P03901,Treatment,2026-10-30 03:59:16+00:00
P03901,Treatment,2026-10-30 03:59:16+00:00
P03901,Pharmacy,2026-10-30 04:45:16+00:00
P03901,Billing,2026-10-30 05:21:16+00:00
P03901,Discharge,2026-10-30 05:55:16+00:00
P03903,Patient Arrival,2026-05-24 04:51:55+00:00
P03903,Registration,2026-05-24 05:25:55+00:00
P03903,Waiting,2026-05-24 06:23:55+00:00
P03903,Doctor Consultation,2026-05-24 06:37:55+00:00
P03903,X-Ray,2026-05-24 06:45:55+00:00
P03903,Doctor Consultation,2026-05-24 07:37:55+00:00
P03903,Diagnosis,2026-05-24 07:54:55+00:00
P03903,Treatment,2026-05-24 08:59:55+00:00
P03903,Pharmacy,2026-05-24 09:46:55+00:00
P03903,Billing,2026-05-24 10:10:55+00:00
P03903,Discharge,2026-05-24 10:36:55+00:00
P03907,Patient Arrival,2026-08-27 07:51:02+00:00
P03907,Registration,2026-08-27 08:39:02+00:00
P03907,Waiting,2026-08-27 09:55:02+00:00
P03907,Doctor Consultation,2026-08-27 10:21:02+00:00
P03907,ECG,2026-08-27 10:51:02+00:00
P03907,Doctor Consultation,2026-08-27 11:25:02+00:00
P03907,Diagnosis,2026-08-27 11:42:02+00:00
P03907,Treatment,2026-08-27 13:20:02+00:00
P03907,Pharmacy,2026-08-27 14:00:02+00:00
P03907,Billing,2026-08-27 14:23:02+00:00
P03907,Discharge,2026-08-27 14:50:02+00:00
P03908,Patient Arrival,2026-01-21 02:15:52+00:00
P03908,Registration,2026-01-21 02:55:52+00:00
P03908,Waiting,2026-01-21 04:42:52+00:00
P03908,Doctor Consultation,2026-01-21 04:57:52+00:00
P03908,Blood Test,2026-01-21 05:17:52+00:00
P03908,Doctor Consultation,2026-01-21 05:45:52+00:00
P03908,Doctor Consultation,2026-01-21 05:45:52+00:00
P03908,Diagnosis,2026-01-21 06:25:52+00:00
P03908,Treatment,2026-01-21 08:12:52+00:00
P03908,Pharmacy,2026-01-21 08:33:52+00:00
P03908,Billing,2026-01-21 09:18:52+00:00
P03908,Discharge,2026-01-21 09:47:52+00:00
P03910,Patient Arrival,2026-08-28 14:44:09+00:00
P03910,Registration,2026-08-28 15:12:09+00:00
P03910,Waiting,2026-08-28 16:27:09+00:00
P03910,Doctor Consultation,2026-08-28 17:08:09+00:00
P03910,Urine Test,2026-08-28 17:52:09+00:00
P03910,Doctor Consultation,2026-08-28 18:16:09+00:00
P03910,Diagnosis,2026-08-28 19:06:09+00:00
P03910,Ward Transfer,2026-08-28 19:17:09+00:00
P03910,Treatment,2026-08-28 21:11:09+00:00
P03910,Pharmacy,2026-08-28 21:38:09+00:00
P03910,Billing,2026-08-28 21:53:09+00:00
P03910,Discharge,2026-08-28 22:25:09+00:00
P03911,Patient Arrival,2026-05-17 09:17:56+00:00
P03911,Registration,2026-05-17 09:41:56+00:00
P03911,Waiting,2026-05-17 10:27:56+00:00
P03911,Doctor Consultation,2026-05-17 11:03:56+00:00
P03911,Blood Test,2026-05-17 11:32:56+00:00
P03911,Doctor Consultation,2026-05-17 12:12:56+00:00
P03911,Diagnosis,2026-05-17 12:52:56+00:00
P03911,Ward Transfer,2026-05-17 13:36:56+00:00
P03911,Treatment,2026-05-17 15:53:56+00:00
P03911,Pharmacy,2026-05-17 16:23:56+00:00
P03911,Billing,2026-05-17 17:10:56+00:00
P03911,Discharge,2026-05-17 17:45:56+00:00
P03914,Patient Arrival,2026-09-16 21:02:30+00:00
P03914,Registration,2026-09-16 21:19:30+00:00
P03914,Waiting,2026-09-16 22:59:30+00:00
P03914,Doctor Consultation,2026-09-16 23:48:30+00:00
P03914,Diagnosis,2026-09-17 00:24:30+00:00
P03914,Ward Transfer,2026-09-17 00:56:30+00:00
P03914,Treatment,2026-09-17 02:47:30+00:00
P03914,Pharmacy,2026-09-17 03:23:30+00:00
P03914,Billing,2026-09-17 04:00:30+00:00
P03914,Discharge,2026-09-17 04:25:30+00:00
P03918,Patient Arrival,2026-06-10 18:13:15+00:00
P03918,Registration,2026-06-10 18:48:15+00:00
P03918,Waiting,2026-06-10 19:43:15+00:00
P03918,Doctor Consultation,2026-06-10 20:24:15+00:00
P03918,ECG,2026-06-10 20:40:15+00:00
P03918,Doctor Consultation,2026-06-10 21:07:15+00:00
P03918,Diagnosis,2026-06-10 21:52:15+00:00
P03918,Treatment,2026-06-10 22:57:15+00:00
P03918,Pharmacy,2026-06-10 23:45:15+00:00
P03918,Billing,2026-06-11 00:16:15+00:00
P03918,Discharge,2026-06-11 00:48:15+00:00
P03920,Patient Arrival,2026-06-22 15:19:05+00:00
P03920,Registration,2026-06-22 15:50:05+00:00
P03920,Waiting,2026-06-22 16:34:05+00:00
P03920,Doctor Consultation,2026-06-22 17:19:05+00:00
P03920,X-Ray,2026-06-22 17:50:05+00:00
P03920,Doctor Consultation,2026-06-22 18:21:05+00:00
P03920,Urine Test,2026-06-22 18:43:05+00:00
P03920,Doctor Consultation,2026-06-22 19:33:05+00:00
P03920,Diagnosis,2026-06-22 20:04:05+00:00
P03920,Treatment,2026-06-22 21:12:05+00:00
P03920,Pharmacy,2026-06-22 21:41:05+00:00
P03920,Billing,2026-06-22 22:07:05+00:00
P03920,Discharge,2026-06-22 22:59:05+00:00
P03921,Patient Arrival,2026-04-30 03:59:39+00:00
P03921,Registration,2026-04-30 04:38:39+00:00
P03921,Waiting,2026-04-30 05:58:39+00:00
P03921,Doctor Consultation,2026-04-30 06:28:39+00:00
P03921,Urine Test,2026-04-30 07:19:39+00:00
P03921,Doctor Consultation,2026-04-30 07:33:39+00:00
P03921,Diagnosis,2026-04-30 08:08:39+00:00
P03921,Treatment,2026-04-30 09:57:39+00:00
P03921,Pharmacy,2026-04-30 10:36:39+00:00
P03921,Billing,2026-04-30 10:55:39+00:00
P03921,Discharge,2026-04-30 11:29:39+00:00
P03925,Patient Arrival,2026-11-23 11:34:14+00:00
P03925,Registration,2026-11-23 11:53:14+00:00
P03925,Waiting,2026-11-23 13:20:14+00:00
P03925,Doctor Consultation,2026-11-23 13:47:14+00:00
P03925,Diagnosis,2026-11-23 14:23:14+00:00
P03925,Ward Transfer,2026-11-23 15:12:14+00:00
P03925,Treatment,2026-11-23 16:17:14+00:00
P03925,Pharmacy,2026-11-23 16:41:14+00:00
P03925,Billing,2026-11-23 17:06:14+00:00
P03925,Discharge,2026-11-23 17:40:14+00:00
P03927,Patient Arrival,2026-04-16 03:39:15+00:00
P03927,Registration,2026-04-16 04:27:15+00:00
P03927,Waiting,2026-04-16 05:43:15+00:00
P03927,Doctor Consultation,2026-04-16 06:05:15+00:00
P03927,X-Ray,2026-04-16 06:21:15+00:00
P03927,Doctor Consultation,2026-04-16 06:51:15+00:00
P03927,Diagnosis,2026-04-16 07:43:15+00:00
P03927,Treatment,2026-04-16 08:44:15+00:00
P03927,Pharmacy,2026-04-16 09:13:15+00:00
P03927,Billing,2026-04-16 09:39:15+00:00
P03927,Discharge,2026-04-16 10:13:15+00:00
P03928,Patient Arrival,2026-07-22 15:08:20+00:00
P03928,Registration,2026-07-22 15:25:20+00:00
P03928,Waiting,2026-07-22 17:09:20+00:00
P03928,Doctor Consultation,2026-07-22 17:41:20+00:00
P03928,Diagnosis,2026-07-22 18:10:20+00:00
P03928,Treatment,2026-07-22 20:05:20+00:00
P03928,Pharmacy,2026-07-22 20:44:20+00:00
P03928,Billing,2026-07-22 21:03:20+00:00
P03928,Discharge,2026-07-22 21:44:20+00:00
P03931,Patient Arrival,2026-10-13 17:08:57+00:00
P03931,Registration,2026-10-13 17:38:57+00:00
P03931,Waiting,2026-10-13 19:20:57+00:00
P03931,Doctor Consultation,2026-10-13 19:59:57+00:00
P03931,Diagnosis,2026-10-13 20:36:57+00:00
P03931,Diagnosis,2026-10-13 20:36:57+00:00
P03931,Ward Transfer,2026-10-13 21:04:57+00:00
P03931,Treatment,2026-10-13 21:51:57+00:00
P03931,Pharmacy,2026-10-13 22:19:57+00:00
P03931,Pharmacy,2026-10-13 22:19:57+00:00
P03931,Billing,2026-10-13 22:53:57+00:00
P03931,Discharge,2026-10-13 23:23:57+00:00
P03932,Patient Arrival,2026-06-11 05:40:48+00:00
P03932,Registration,2026-06-11 06:26:48+00:00
P03932,Waiting,2026-06-11 07:32:48+00:00
P03932,Doctor Consultation,2026-06-11 08:05:48+00:00
P03932,Diagnosis,2026-06-11 08:43:48+00:00
P03932,Ward Transfer,2026-06-11 09:24:48+00:00
P03932,Treatment,2026-06-11 10:12:48+00:00
P03932,Pharmacy,2026-06-11 10:25:48+00:00
P03932,Billing,2026-06-11 10:49:48+00:00
P03932,Discharge,2026-06-11 11:14:48+00:00
P03940,Patient Arrival,2026-07-25 16:29:33+00:00
P03940,Registration,2026-07-25 17:06:33+00:00
P03940,Waiting,2026-07-25 18:16:33+00:00
P03940,Doctor Consultation,2026-07-25 18:44:33+00:00
P03940,Urine Test,2026-07-25 19:31:33+00:00
P03940,Doctor Consultation,2026-07-25 19:52:33+00:00
P03940,Diagnosis,2026-07-25 20:25:33+00:00
P03940,Treatment,2026-07-25 21:35:33+00:00
P03940,Pharmacy,2026-07-25 21:57:33+00:00
P03940,Billing,2026-07-25 22:21:33+00:00
P03940,Discharge,2026-07-25 22:51:33+00:00
P03943,Patient Arrival,2026-07-06 10:16:38+00:00
P03943,Registration,2026-07-06 11:01:38+00:00
P03943,Waiting,2026-07-06 11:55:38+00:00
P03943,Doctor Consultation,2026-07-06 12:16:38+00:00
P03943,Diagnosis,2026-07-06 13:05:38+00:00
P03943,Treatment,2026-07-06 14:18:38+00:00
P03943,Pharmacy,2026-07-06 14:44:38+00:00
P03943,Billing,2026-07-06 15:19:38+00:00
P03943,Billing,2026-07-06 15:19:38+00:00
P03943,Discharge,2026-07-06 15:33:38+00:00
P03945,Patient Arrival,2026-06-23 22:56:51+00:00
P03945,Registration,2026-06-23 23:24:51+00:00
P03945,Waiting,2026-06-24 01:05:51+00:00
P03945,Doctor Consultation,2026-06-24 01:29:51+00:00
P03945,ECG,2026-06-24 01:51:51+00:00
P03945,Doctor Consultation,2026-06-24 02:13:51+00:00
P03945,Diagnosis,2026-06-24 02:31:51+00:00
P03945,Ward Transfer,2026-06-24 02:40:51+00:00
P03945,Treatment,2026-06-24 03:15:51+00:00
P03945,Pharmacy,2026-06-24 03:32:51+00:00
P03945,Billing,2026-06-24 03:56:51+00:00
P03945,Discharge,2026-06-24 04:22:51+00:00
P03946,Patient Arrival,2026-02-04 03:33:33+00:00
P03946,Registration,2026-02-04 04:25:33+00:00
P03946,Waiting,2026-02-04 05:50:33+00:00
P03946,Doctor Consultation,2026-02-04 06:21:33+00:00
P03946,Diagnosis,2026-02-04 06:48:33+00:00
P03946,Treatment,2026-02-04 08:56:33+00:00
P03946,Pharmacy,2026-02-04 09:13:33+00:00
P03946,Billing,2026-02-04 09:24:33+00:00
P03946,Discharge,2026-02-04 09:59:33+00:00
P03948,Patient Arrival,2026-05-12 18:27:23+00:00
P03948,Registration,2026-05-12 18:47:23+00:00
P03948,Waiting,2026-05-12 19:37:23+00:00
P03948,Doctor Consultation,2026-05-12 20:06:23+00:00
P03948,X-Ray,2026-05-12 21:00:23+00:00
P03948,Doctor Consultation,2026-05-12 21:24:23+00:00
P03948,Diagnosis,2026-05-12 22:02:23+00:00
P03948,Treatment,2026-05-12 23:40:23+00:00
P03948,Pharmacy,2026-05-12 23:58:23+00:00
P03948,Billing,2026-05-13 00:21:23+00:00
P03948,Discharge,2026-05-13 01:03:23+00:00
P03949,Patient Arrival,2026-02-26 06:30:45+00:00
P03949,Registration,2026-02-26 06:56:45+00:00
P03949,Waiting,2026-02-26 08:32:45+00:00
P03949,Doctor Consultation,2026-02-26 09:06:45+00:00
P03949,Diagnosis,2026-02-26 09:52:45+00:00
P03949,Treatment,2026-02-26 11:47:45+00:00
P03949,Pharmacy,2026-02-26 12:14:45+00:00
P03949,Billing,2026-02-26 12:47:45+00:00
P03949,Discharge,2026-02-26 13:12:45+00:00
P03950,Patient Arrival,2026-12-23 16:15:58+00:00
P03950,Registration,2026-12-23 16:54:58+00:00
P03950,Waiting,2026-12-23 18:28:58+00:00
P03950,Doctor Consultation,2026-12-23 18:50:58+00:00
P03950,Diagnosis,2026-12-23 19:28:58+00:00
P03950,Treatment,2026-12-23 20:44:58+00:00
P03950,Treatment,2026-12-23 20:44:58+00:00
P03950,Pharmacy,2026-12-23 21:23:58+00:00
P03950,Billing,2026-12-23 22:07:58+00:00
P03950,Discharge,2026-12-23 22:46:58+00:00
P03953,Patient Arrival,2026-01-07 20:06:12+00:00
P03953,Registration,2026-01-07 20:49:12+00:00
P03953,Waiting,2026-01-07 21:38:12+00:00
P03953,Doctor Consultation,2026-01-07 22:12:12+00:00
P03953,Urine Test,2026-01-07 22:44:12+00:00
P03953,Doctor Consultation,2026-01-07 23:21:12+00:00
P03953,Diagnosis,2026-01-07 23:35:12+00:00
P03953,Treatment,2026-01-08 00:58:12+00:00
P03953,Pharmacy,2026-01-08 01:40:12+00:00
P03953,Pharmacy,2026-01-08 01:40:12+00:00
P03953,Billing,2026-01-08 01:50:12+00:00
P03953,Discharge,2026-01-08 02:28:12+00:00
P03954,Patient Arrival,2026-06-12 22:21:00+00:00
P03954,Registration,2026-06-12 22:50:00+00:00
P03954,Waiting,2026-06-13 00:09:00+00:00
P03954,Doctor Consultation,2026-06-13 00:55:00+00:00
P03954,Diagnosis,2026-06-13 01:28:00+00:00
P03954,Ward Transfer,2026-06-13 02:06:00+00:00
P03954,Treatment,2026-06-13 02:56:00+00:00
P03954,Pharmacy,2026-06-13 03:24:00+00:00
P03954,Billing,2026-06-13 04:03:00+00:00
P03954,Discharge,2026-06-13 04:26:00+00:00
P03956,Patient Arrival,2026-09-24 01:04:23+00:00
P03956,Registration,2026-09-24 01:32:23+00:00
P03956,Waiting,2026-09-24 02:13:23+00:00
P03956,Doctor Consultation,2026-09-24 02:46:23+00:00
P03956,Diagnosis,2026-09-24 03:04:23+00:00
P03956,Ward Transfer,2026-09-24 03:38:23+00:00
P03956,Treatment,2026-09-24 04:35:23+00:00
P03956,Pharmacy,2026-09-24 05:08:23+00:00
P03956,Billing,2026-09-24 05:22:23+00:00
P03956,Discharge,2026-09-24 05:49:23+00:00
P03957,Patient Arrival,2026-05-06 18:56:13+00:00
P03957,Registration,2026-05-06 19:39:13+00:00
P03957,Waiting,2026-05-06 21:15:13+00:00
P03957,Doctor Consultation,2026-05-06 21:39:13+00:00
P03957,Diagnosis,2026-05-06 21:51:13+00:00
P03957,Treatment,2026-05-06 23:49:13+00:00
P03957,Pharmacy,2026-05-07 00:16:13+00:00
P03957,Billing,2026-05-07 01:01:13+00:00
P03957,Discharge,2026-05-07 01:45:13+00:00
P03958,Patient Arrival,2026-06-02 07:54:11+00:00
P03958,Registration,2026-06-02 08:16:11+00:00
P03958,Waiting,2026-06-02 09:29:11+00:00
P03958,Doctor Consultation,2026-06-02 10:03:11+00:00
P03958,Blood Test,2026-06-02 10:34:11+00:00
P03958,Doctor Consultation,2026-06-02 10:56:11+00:00
P03958,Diagnosis,2026-06-02 11:25:11+00:00
P03958,Treatment,2026-06-02 12:26:11+00:00
P03958,Pharmacy,2026-06-02 12:47:11+00:00
P03958,Billing,2026-06-02 13:23:11+00:00
P03958,Discharge,2026-06-02 13:35:11+00:00
P03959,Patient Arrival,2026-10-28 06:24:17+00:00
P03959,Patient Arrival,2026-10-28 06:24:17+00:00
P03959,Registration,2026-10-28 06:52:17+00:00
P03959,Waiting,2026-10-28 07:50:17+00:00
P03959,Doctor Consultation,2026-10-28 08:18:17+00:00
P03959,Urine Test,2026-10-28 08:38:17+00:00
P03959,Doctor Consultation,2026-10-28 09:24:17+00:00
P03959,Diagnosis,2026-10-28 10:00:17+00:00
P03959,Treatment,2026-10-28 11:11:17+00:00
P03959,Pharmacy,2026-10-28 11:59:17+00:00
P03959,Billing,2026-10-28 12:30:17+00:00
P03959,Discharge,2026-10-28 12:54:17+00:00
P03961,Patient Arrival,2026-01-05 12:23:17+00:00
P03961,Registration,2026-01-05 13:02:17+00:00
P03961,Waiting,2026-01-05 14:29:17+00:00
P03961,Doctor Consultation,2026-01-05 14:42:17+00:00
P03961,ECG,2026-01-05 15:05:17+00:00
P03961,Doctor Consultation,2026-01-05 15:33:17+00:00
P03961,Diagnosis,2026-01-05 15:56:17+00:00
P03961,Ward Transfer,2026-01-05 16:21:17+00:00
P03961,Treatment,2026-01-05 18:33:17+00:00
P03961,Pharmacy,2026-01-05 18:49:17+00:00
P03961,Billing,2026-01-05 19:09:17+00:00
P03961,Discharge,2026-01-05 19:53:17+00:00
P03967,Patient Arrival,2026-07-14 08:48:28+00:00
P03967,Registration,2026-07-14 09:02:28+00:00
P03967,Waiting,2026-07-14 10:33:28+00:00
P03967,Doctor Consultation,2026-07-14 11:05:28+00:00
P03967,Blood Test,2026-07-14 11:35:28+00:00
P03967,Doctor Consultation,2026-07-14 11:42:28+00:00
P03967,Diagnosis,2026-07-14 12:11:28+00:00
P03967,Ward Transfer,2026-07-14 12:59:28+00:00
P03967,Treatment,2026-07-14 14:52:28+00:00
P03967,Pharmacy,2026-07-14 15:43:28+00:00
P03967,Billing,2026-07-14 16:04:28+00:00
P03967,Discharge,2026-07-14 16:33:28+00:00
P03970,Patient Arrival,2026-10-08 10:41:38+00:00
P03970,Registration,2026-10-08 11:12:38+00:00
P03970,Waiting,2026-10-08 12:58:38+00:00
P03970,Doctor Consultation,2026-10-08 13:20:38+00:00
P03970,Diagnosis,2026-10-08 13:53:38+00:00
P03970,Ward Transfer,2026-10-08 14:00:38+00:00
P03970,Treatment,2026-10-08 14:56:38+00:00
P03970,Pharmacy,2026-10-08 15:43:38+00:00
P03970,Billing,2026-10-08 16:22:38+00:00
P03970,Discharge,2026-10-08 16:59:38+00:00
P03973,Patient Arrival,2026-01-27 11:30:05+00:00
P03973,Registration,2026-01-27 11:51:05+00:00
P03973,Waiting,2026-01-27 13:07:05+00:00
P03973,Doctor Consultation,2026-01-27 13:43:05+00:00
P03973,Urine Test,2026-01-27 14:07:05+00:00
P03973,Doctor Consultation,2026-01-27 14:20:05+00:00
P03973,Diagnosis,2026-01-27 14:59:05+00:00
P03973,Ward Transfer,2026-01-27 15:34:05+00:00
P03973,Treatment,2026-01-27 16:49:05+00:00
P03973,Pharmacy,2026-01-27 17:00:05+00:00
P03973,Billing,2026-01-27 17:55:05+00:00
P03973,Discharge,2026-01-27 18:19:05+00:00
P03977,Patient Arrival,2026-05-04 19:44:03+00:00
P03977,Registration,2026-05-04 20:02:03+00:00
P03977,Waiting,2026-05-04 20:56:03+00:00
P03977,Doctor Consultation,2026-05-04 21:05:03+00:00
P03977,Diagnosis,2026-05-04 21:46:03+00:00
P03977,Ward Transfer,2026-05-04 22:16:03+00:00
P03977,Treatment,2026-05-04 23:55:03+00:00
P03977,Pharmacy,2026-05-05 00:27:03+00:00
P03977,Billing,2026-05-05 01:08:03+00:00
P03977,Discharge,2026-05-05 01:25:03+00:00
P03978,Patient Arrival,2026-05-18 20:48:43+00:00
P03978,Registration,2026-05-18 21:06:43+00:00
P03978,Waiting,2026-05-18 22:21:43+00:00
P03978,Doctor Consultation,2026-05-18 23:02:43+00:00
P03978,X-Ray,2026-05-18 23:21:43+00:00
P03978,Doctor Consultation,2026-05-18 23:56:43+00:00
P03978,Diagnosis,2026-05-19 00:14:43+00:00
P03978,Ward Transfer,2026-05-19 00:42:43+00:00
P03978,Treatment,2026-05-19 01:30:43+00:00
P03978,Pharmacy,2026-05-19 01:37:43+00:00
P03978,Billing,2026-05-19 02:00:43+00:00
P03978,Discharge,2026-05-19 02:31:43+00:00
P03981,Patient Arrival,2026-02-17 04:59:03+00:00
P03981,Registration,2026-02-17 05:24:03+00:00
P03981,Waiting,2026-02-17 07:01:03+00:00
P03981,Doctor Consultation,2026-02-17 07:47:03+00:00
P03981,Diagnosis,2026-02-17 08:03:03+00:00
P03981,Ward Transfer,2026-02-17 08:46:03+00:00
P03981,Treatment,2026-02-17 09:34:03+00:00
P03981,Pharmacy,2026-02-17 10:01:03+00:00
P03981,Billing,2026-02-17 10:21:03+00:00
P03981,Discharge,2026-02-17 10:32:03+00:00
P03982,Patient Arrival,2026-08-25 04:16:00+00:00
P03982,Registration,2026-08-25 04:53:00+00:00
P03982,Waiting,2026-08-25 06:08:00+00:00
P03982,Doctor Consultation,2026-08-25 06:22:00+00:00
P03982,Urine Test,2026-08-25 06:43:00+00:00
P03982,Doctor Consultation,2026-08-25 07:07:00+00:00
P03982,Diagnosis,2026-08-25 07:38:00+00:00
P03982,Treatment,2026-08-25 09:08:00+00:00
P03982,Pharmacy,2026-08-25 09:27:00+00:00
P03982,Billing,2026-08-25 09:40:00+00:00
P03982,Discharge,2026-08-25 10:09:00+00:00
P03983,Patient Arrival,2026-07-28 21:55:26+00:00
P03983,Registration,2026-07-28 22:26:26+00:00
P03983,Waiting,2026-07-28 23:22:26+00:00
P03983,Doctor Consultation,2026-07-28 23:53:26+00:00
P03983,ECG,2026-07-29 00:33:26+00:00
P03983,Doctor Consultation,2026-07-29 01:09:26+00:00
P03983,Diagnosis,2026-07-29 01:42:26+00:00
P03983,Treatment,2026-07-29 02:53:26+00:00
P03983,Pharmacy,2026-07-29 03:32:26+00:00
P03983,Billing,2026-07-29 04:17:26+00:00
P03983,Discharge,2026-07-29 04:50:26+00:00
P03985,Patient Arrival,2026-02-28 02:33:13+00:00
P03985,Registration,2026-02-28 03:00:13+00:00
P03985,Waiting,2026-02-28 03:54:13+00:00
P03985,Doctor Consultation,2026-02-28 04:19:13+00:00
P03985,Urine Test,2026-02-28 04:48:13+00:00
P03985,Doctor Consultation,2026-02-28 05:09:13+00:00
P03985,Diagnosis,2026-02-28 05:50:13+00:00
P03985,Treatment,2026-02-28 06:47:13+00:00
P03985,Pharmacy,2026-02-28 07:33:13+00:00
P03985,Billing,2026-02-28 08:05:13+00:00
P03985,Discharge,2026-02-28 08:39:13+00:00
P03988,Patient Arrival,2026-11-24 18:49:10+00:00
P03988,Registration,2026-11-24 19:23:10+00:00
P03988,Waiting,2026-11-24 20:27:10+00:00
P03988,Doctor Consultation,2026-11-24 20:44:10+00:00
P03988,Urine Test,2026-11-24 21:14:10+00:00
P03988,Doctor Consultation,2026-11-24 21:27:10+00:00
P03988,Diagnosis,2026-11-24 21:50:10+00:00
P03988,Treatment,2026-11-24 23:12:10+00:00
P03988,Pharmacy,2026-11-24 23:46:10+00:00
P03988,Billing,2026-11-25 00:36:10+00:00
P03988,Discharge,2026-11-25 01:03:10+00:00
P03991,Patient Arrival,2026-07-18 16:17:45+00:00
P03991,Registration,2026-07-18 16:40:45+00:00
P03991,Waiting,2026-07-18 18:05:45+00:00
P03991,Doctor Consultation,2026-07-18 18:34:45+00:00
P03991,Diagnosis,2026-07-18 19:20:45+00:00
P03991,Treatment,2026-07-18 20:44:45+00:00
P03991,Pharmacy,2026-07-18 21:22:45+00:00
P03991,Billing,2026-07-18 21:46:45+00:00
P03991,Discharge,2026-07-18 22:32:45+00:00
P03993,Patient Arrival,2026-08-07 20:08:21+00:00
P03993,Registration,2026-08-07 20:39:21+00:00
P03993,Waiting,2026-08-07 22:31:21+00:00
P03993,Doctor Consultation,2026-08-07 23:09:21+00:00
P03993,Urine Test,2026-08-07 23:35:21+00:00
P03993,Doctor Consultation,2026-08-08 00:05:21+00:00
P03993,Diagnosis,2026-08-08 00:45:21+00:00
P03993,Treatment,2026-08-08 02:22:21+00:00
P03993,Pharmacy,2026-08-08 02:46:21+00:00
P03993,Billing,2026-08-08 03:32:21+00:00
P03993,Discharge,2026-08-08 04:13:21+00:00
P03994,Patient Arrival,2026-05-17 04:23:59+00:00
P03994,Registration,2026-05-17 04:48:59+00:00
P03994,Waiting,2026-05-17 05:52:59+00:00
P03994,Doctor Consultation,2026-05-17 06:09:59+00:00
P03994,ECG,2026-05-17 06:31:59+00:00
P03994,Doctor Consultation,2026-05-17 06:47:59+00:00
P03994,Diagnosis,2026-05-17 07:18:59+00:00
P03994,Treatment,2026-05-17 07:59:59+00:00
P03994,Pharmacy,2026-05-17 08:41:59+00:00
P03994,Billing,2026-05-17 09:17:59+00:00
P03994,Discharge,2026-05-17 09:38:59+00:00
P03995,Patient Arrival,2026-06-28 18:38:20+00:00
P03995,Registration,2026-06-28 19:18:20+00:00
P03995,Waiting,2026-06-28 19:58:20+00:00
P03995,Doctor Consultation,2026-06-28 20:36:20+00:00
P03995,Diagnosis,2026-06-28 21:12:20+00:00
P03995,Treatment,2026-06-28 22:03:20+00:00
P03995,Pharmacy,2026-06-28 22:19:20+00:00
P03995,Billing,2026-06-28 23:09:20+00:00
P03995,Discharge,2026-06-28 23:36:20+00:00
P03997,Patient Arrival,2026-06-08 09:37:28+00:00
P03997,Registration,2026-06-08 10:16:28+00:00
P03997,Waiting,2026-06-08 10:59:28+00:00
P03997,Doctor Consultation,2026-06-08 11:14:28+00:00
P03997,Diagnosis,2026-06-08 11:54:28+00:00
P03997,Treatment,2026-06-08 14:05:28+00:00
P03997,Pharmacy,2026-06-08 14:51:28+00:00
P03997,Billing,2026-06-08 15:25:28+00:00
P03997,Discharge,2026-06-08 15:52:28+00:00
P03998,Patient Arrival,2026-04-17 02:35:50+00:00
P03998,Registration,2026-04-17 03:14:50+00:00
P03998,Waiting,2026-04-17 04:24:50+00:00
P03998,Doctor Consultation,2026-04-17 04:40:50+00:00
P03998,Diagnosis,2026-04-17 04:56:50+00:00
P03998,Treatment,2026-04-17 06:02:50+00:00
P03998,Pharmacy,2026-04-17 06:33:50+00:00
P03998,Pharmacy,2026-04-17 06:33:50+00:00
P03998,Billing,2026-04-17 07:15:50+00:00
P03998,Discharge,2026-04-17 07:44:50+00:00
P04010,Patient Arrival,2026-02-03 12:17:24+00:00
P04010,Registration,2026-02-03 12:51:24+00:00
P04010,Waiting,2026-02-03 14:02:24+00:00
P04010,Doctor Consultation,2026-02-03 14:20:24+00:00
P04010,Blood Test,2026-02-03 14:55:24+00:00
P04010,Doctor Consultation,2026-02-03 15:06:24+00:00
P04010,Urine Test,2026-02-03 15:26:24+00:00
P04010,Doctor Consultation,2026-02-03 16:02:24+00:00
P04010,Diagnosis,2026-02-03 16:28:24+00:00
P04010,Treatment,2026-02-03 17:25:24+00:00
P04010,Pharmacy,2026-02-03 18:08:24+00:00
P04010,Billing,2026-02-03 18:42:24+00:00
P04010,Discharge,2026-02-03 19:29:24+00:00
P04011,Patient Arrival,2026-05-30 01:50:12+00:00
P04011,Registration,2026-05-30 02:22:12+00:00
P04011,Waiting,2026-05-30 03:19:12+00:00
P04011,Doctor Consultation,2026-05-30 03:43:12+00:00
P04011,ECG,2026-05-30 03:56:12+00:00
P04011,Doctor Consultation,2026-05-30 04:36:12+00:00
P04011,Diagnosis,2026-05-30 04:58:12+00:00
P04011,Treatment,2026-05-30 06:55:12+00:00
P04011,Pharmacy,2026-05-30 07:25:12+00:00
P04011,Billing,2026-05-30 08:16:12+00:00
P04011,Discharge,2026-05-30 08:45:12+00:00
P04012,Patient Arrival,2026-04-16 03:30:08+00:00
P04012,Registration,2026-04-16 04:06:08+00:00
P04012,Waiting,2026-04-16 05:43:08+00:00
P04012,Doctor Consultation,2026-04-16 06:09:08+00:00
P04012,Diagnosis,2026-04-16 06:34:08+00:00
P04012,Treatment,2026-04-16 07:28:08+00:00
P04012,Pharmacy,2026-04-16 08:22:08+00:00
P04012,Billing,2026-04-16 08:54:08+00:00
P04012,Discharge,2026-04-16 09:09:08+00:00
P04015,Patient Arrival,2026-11-09 04:45:43+00:00
P04015,Registration,2026-11-09 05:24:43+00:00
P04015,Waiting,2026-11-09 06:08:43+00:00
P04015,Doctor Consultation,2026-11-09 06:40:43+00:00
P04015,X-Ray,2026-11-09 07:15:43+00:00
P04015,Doctor Consultation,2026-11-09 08:03:43+00:00
P04015,Diagnosis,2026-11-09 08:38:43+00:00
P04015,Treatment,2026-11-09 09:21:43+00:00
P04015,Pharmacy,2026-11-09 09:37:43+00:00
P04015,Billing,2026-11-09 10:14:43+00:00
P04015,Discharge,2026-11-09 10:32:43+00:00
P04017,Patient Arrival,2026-07-19 16:06:41+00:00
P04017,Registration,2026-07-19 16:40:41+00:00
P04017,Waiting,2026-07-19 18:20:41+00:00
P04017,Doctor Consultation,2026-07-19 18:52:41+00:00
P04017,Diagnosis,2026-07-19 19:33:41+00:00
P04017,Treatment,2026-07-19 21:00:41+00:00
P04017,Pharmacy,2026-07-19 21:32:41+00:00
P04017,Billing,2026-07-19 22:09:41+00:00
P04017,Discharge,2026-07-19 22:54:41+00:00
P04019,Patient Arrival,2026-08-29 20:33:22+00:00
P04019,Registration,2026-08-29 21:08:22+00:00
P04019,Waiting,2026-08-29 22:09:22+00:00
P04019,Doctor Consultation,2026-08-29 22:47:22+00:00
P04019,Diagnosis,2026-08-29 23:34:22+00:00
P04019,Treatment,2026-08-30 00:27:22+00:00
P04019,Pharmacy,2026-08-30 01:05:22+00:00
P04019,Billing,2026-08-30 01:32:22+00:00
P04019,Discharge,2026-08-30 02:10:22+00:00
P04021,Patient Arrival,2026-09-15 11:35:47+00:00
P04021,Registration,2026-09-15 12:22:47+00:00
P04021,Waiting,2026-09-15 13:10:47+00:00
P04021,Doctor Consultation,2026-09-15 13:32:47+00:00
P04021,Urine Test,2026-09-15 13:58:47+00:00
P04021,Doctor Consultation,2026-09-15 14:26:47+00:00
P04021,Diagnosis,2026-09-15 14:40:47+00:00
P04021,Treatment,2026-09-15 15:46:47+00:00
P04021,Pharmacy,2026-09-15 16:36:47+00:00
P04021,Billing,2026-09-15 17:01:47+00:00
P04021,Discharge,2026-09-15 17:41:47+00:00
P04023,Patient Arrival,2026-02-08 13:37:41+00:00
P04023,Registration,2026-02-08 14:26:41+00:00
P04023,Waiting,2026-02-08 16:03:41+00:00
P04023,Doctor Consultation,2026-02-08 16:26:41+00:00
P04023,Diagnosis,2026-02-08 17:03:41+00:00
P04023,Ward Transfer,2026-02-08 17:49:41+00:00
P04023,Treatment,2026-02-08 18:43:41+00:00
P04023,Pharmacy,2026-02-08 19:17:41+00:00
P04023,Billing,2026-02-08 19:52:41+00:00
P04023,Discharge,2026-02-08 20:17:41+00:00
P04024,Patient Arrival,2026-12-11 22:09:33+00:00
P04024,Registration,2026-12-11 22:56:33+00:00
P04024,Waiting,2026-12-11 23:46:33+00:00
P04024,Doctor Consultation,2026-12-12 00:20:33+00:00
P04024,ECG,2026-12-12 00:59:33+00:00
P04024,Doctor Consultation,2026-12-12 01:38:33+00:00
P04024,Diagnosis,2026-12-12 01:54:33+00:00
P04024,Treatment,2026-12-12 03:41:33+00:00
P04024,Pharmacy,2026-12-12 04:12:33+00:00
P04024,Billing,2026-12-12 04:29:33+00:00
P04024,Discharge,2026-12-12 05:14:33+00:00
P04029,Patient Arrival,2026-12-03 08:09:12+00:00
P04029,Registration,2026-12-03 08:39:12+00:00
P04029,Waiting,2026-12-03 10:07:12+00:00
P04029,Doctor Consultation,2026-12-03 10:40:12+00:00
P04029,Blood Test,2026-12-03 11:24:12+00:00
P04029,Doctor Consultation,2026-12-03 12:09:12+00:00
P04029,Diagnosis,2026-12-03 12:43:12+00:00
P04029,Ward Transfer,2026-12-03 13:02:12+00:00
P04029,Treatment,2026-12-03 14:23:12+00:00
P04029,Pharmacy,2026-12-03 14:41:12+00:00
P04029,Billing,2026-12-03 15:11:12+00:00
P04029,Discharge,2026-12-03 15:59:12+00:00
P04030,Patient Arrival,2026-01-21 11:09:45+00:00
P04030,Registration,2026-01-21 11:37:45+00:00
P04030,Waiting,2026-01-21 13:06:45+00:00
P04030,Doctor Consultation,2026-01-21 13:27:45+00:00
P04030,Blood Test,2026-01-21 14:02:45+00:00
P04030,Doctor Consultation,2026-01-21 14:23:45+00:00
P04030,Diagnosis,2026-01-21 14:39:45+00:00
P04030,Treatment,2026-01-21 15:21:45+00:00
P04030,Pharmacy,2026-01-21 15:41:45+00:00
P04030,Billing,2026-01-21 16:20:45+00:00
P04030,Discharge,2026-01-21 16:46:45+00:00
P04032,Patient Arrival,2026-03-13 08:51:22+00:00
P04032,Registration,2026-03-13 09:33:22+00:00
P04032,Waiting,2026-03-13 11:14:22+00:00
P04032,Doctor Consultation,2026-03-13 11:28:22+00:00
P04032,Blood Test,2026-03-13 12:07:22+00:00
P04032,Doctor Consultation,2026-03-13 12:30:22+00:00
P04032,Diagnosis,2026-03-13 13:05:22+00:00
P04032,Treatment,2026-03-13 14:53:22+00:00
P04032,Pharmacy,2026-03-13 15:27:22+00:00
P04032,Billing,2026-03-13 15:42:22+00:00
P04032,Discharge,2026-03-13 16:28:22+00:00
P04033,Patient Arrival,2026-03-22 21:11:24+00:00
P04033,Registration,2026-03-22 21:29:24+00:00
P04033,Waiting,2026-03-22 23:10:24+00:00
P04033,Doctor Consultation,2026-03-22 23:21:24+00:00
P04033,Urine Test,2026-03-23 00:05:24+00:00
P04033,Doctor Consultation,2026-03-23 00:18:24+00:00
P04033,Diagnosis,2026-03-23 00:39:24+00:00
P04033,Ward Transfer,2026-03-23 01:20:24+00:00
P04033,Treatment,2026-03-23 02:46:24+00:00
P04033,Pharmacy,2026-03-23 03:17:24+00:00
P04033,Billing,2026-03-23 03:58:24+00:00
P04033,Discharge,2026-03-23 04:27:24+00:00
P04033,Discharge,2026-03-23 04:27:24+00:00
P04034,Patient Arrival,2026-03-14 07:19:12+00:00
P04034,Registration,2026-03-14 07:52:12+00:00
P04034,Waiting,2026-03-14 09:22:12+00:00
P04034,Doctor Consultation,2026-03-14 09:48:12+00:00
P04034,Urine Test,2026-03-14 10:21:12+00:00
P04034,Doctor Consultation,2026-03-14 11:05:12+00:00
P04034,Diagnosis,2026-03-14 11:24:12+00:00
P04034,Treatment,2026-03-14 13:33:12+00:00
P04034,Pharmacy,2026-03-14 14:02:12+00:00
P04034,Billing,2026-03-14 14:44:12+00:00
P04034,Billing,2026-03-14 14:44:12+00:00
P04034,Discharge,2026-03-14 15:11:12+00:00
P04038,Patient Arrival,2026-02-01 17:56:33+00:00
P04038,Registration,2026-02-01 18:25:33+00:00
P04038,Waiting,2026-02-01 19:01:33+00:00
P04038,Doctor Consultation,2026-02-01 19:26:33+00:00
P04038,Diagnosis,2026-02-01 20:00:33+00:00
P04038,Ward Transfer,2026-02-01 20:45:33+00:00
P04038,Treatment,2026-02-01 22:56:33+00:00
P04038,Pharmacy,2026-02-01 23:16:33+00:00
P04038,Billing,2026-02-01 23:40:33+00:00
P04038,Discharge,2026-02-02 00:02:33+00:00
P04044,Patient Arrival,2026-06-10 22:26:28+00:00
P04044,Registration,2026-06-10 22:43:28+00:00
P04044,Waiting,2026-06-11 00:22:28+00:00
P04044,Doctor Consultation,2026-06-11 00:50:28+00:00
P04044,ECG,2026-06-11 01:07:28+00:00
P04044,Doctor Consultation,2026-06-11 01:29:28+00:00
P04044,Diagnosis,2026-06-11 01:45:28+00:00
P04044,Treatment,2026-06-11 03:40:28+00:00
P04044,Pharmacy,2026-06-11 04:05:28+00:00
P04044,Billing,2026-06-11 04:43:28+00:00
P04044,Discharge,2026-06-11 04:58:28+00:00
P04047,Patient Arrival,2026-04-12 15:18:14+00:00
P04047,Registration,2026-04-12 15:58:14+00:00
P04047,Waiting,2026-04-12 17:30:14+00:00
P04047,Doctor Consultation,2026-04-12 17:59:14+00:00
P04047,Diagnosis,2026-04-12 18:17:14+00:00
P04047,Ward Transfer,2026-04-12 18:32:14+00:00
P04047,Treatment,2026-04-12 20:35:14+00:00
P04047,Pharmacy,2026-04-12 21:05:14+00:00
P04047,Billing,2026-04-12 21:43:14+00:00
P04047,Discharge,2026-04-12 21:58:14+00:00
P04051,Patient Arrival,2026-08-15 02:59:13+00:00
P04051,Registration,2026-08-15 03:25:13+00:00
P04051,Waiting,2026-08-15 04:53:13+00:00
P04051,Doctor Consultation,2026-08-15 05:40:13+00:00
P04051,Diagnosis,2026-08-15 05:58:13+00:00
P04051,Treatment,2026-08-15 06:52:13+00:00
P04051,Pharmacy,2026-08-15 07:18:13+00:00
P04051,Billing,2026-08-15 07:41:13+00:00
P04051,Discharge,2026-08-15 08:02:13+00:00
P04059,Patient Arrival,2026-11-09 21:42:57+00:00
P04059,Registration,2026-11-09 22:08:57+00:00
P04059,Waiting,2026-11-09 23:00:57+00:00
P04059,Doctor Consultation,2026-11-09 23:27:57+00:00
P04059,Diagnosis,2026-11-09 23:45:57+00:00
P04059,Treatment,2026-11-10 01:53:57+00:00
P04059,Pharmacy,2026-11-10 02:23:57+00:00
P04059,Billing,2026-11-10 03:17:57+00:00
P04059,Discharge,2026-11-10 03:55:57+00:00
P04060,Patient Arrival,2026-05-23 15:47:24+00:00
P04060,Registration,2026-05-23 16:29:24+00:00
P04060,Waiting,2026-05-23 17:48:24+00:00
P04060,Doctor Consultation,2026-05-23 18:09:24+00:00
P04060,Diagnosis,2026-05-23 18:28:24+00:00
P04060,Treatment,2026-05-23 20:47:24+00:00
P04060,Pharmacy,2026-05-23 21:13:24+00:00
P04060,Billing,2026-05-23 21:50:24+00:00
P04060,Discharge,2026-05-23 22:21:24+00:00
P04064,Patient Arrival,2026-07-06 22:09:38+00:00
P04064,Registration,2026-07-06 22:47:38+00:00
P04064,Waiting,2026-07-07 00:04:38+00:00
P04064,Doctor Consultation,2026-07-07 00:38:38+00:00
P04064,Diagnosis,2026-07-07 01:03:38+00:00
P04064,Ward Transfer,2026-07-07 01:26:38+00:00
P04064,Treatment,2026-07-07 03:13:38+00:00
P04064,Pharmacy,2026-07-07 03:29:38+00:00
P04064,Billing,2026-07-07 03:40:38+00:00
P04064,Discharge,2026-07-07 04:27:38+00:00
P04065,Patient Arrival,2026-06-27 15:23:23+00:00
P04065,Registration,2026-06-27 16:13:23+00:00
P04065,Waiting,2026-06-27 17:46:23+00:00
P04065,Doctor Consultation,2026-06-27 18:26:23+00:00
P04065,Blood Test,2026-06-27 18:55:23+00:00
P04065,Doctor Consultation,2026-06-27 19:28:23+00:00
P04065,Diagnosis,2026-06-27 19:58:23+00:00
P04065,Treatment,2026-06-27 21:57:23+00:00
P04065,Pharmacy,2026-06-27 22:33:23+00:00
P04065,Billing,2026-06-27 22:57:23+00:00
P04065,Discharge,2026-06-27 23:51:23+00:00
P04066,Patient Arrival,2026-04-09 13:55:01+00:00
P04066,Registration,2026-04-09 14:06:01+00:00
P04066,Waiting,2026-04-09 15:06:01+00:00
P04066,Doctor Consultation,2026-04-09 15:33:01+00:00
P04066,Urine Test,2026-04-09 15:52:01+00:00
P04066,Doctor Consultation,2026-04-09 16:24:01+00:00
P04066,Diagnosis,2026-04-09 16:47:01+00:00
P04066,Treatment,2026-04-09 18:57:01+00:00
P04066,Pharmacy,2026-04-09 19:30:01+00:00
P04066,Billing,2026-04-09 19:55:01+00:00
P04066,Discharge,2026-04-09 20:34:01+00:00
P04069,Patient Arrival,2026-07-18 10:00:59+00:00
P04069,Registration,2026-07-18 10:43:59+00:00
P04069,Waiting,2026-07-18 12:17:59+00:00
P04069,Doctor Consultation,2026-07-18 12:39:59+00:00
P04069,X-Ray,2026-07-18 13:02:59+00:00
P04069,Doctor Consultation,2026-07-18 13:18:59+00:00
P04069,Diagnosis,2026-07-18 13:54:59+00:00
P04069,Treatment,2026-07-18 15:24:59+00:00
P04069,Pharmacy,2026-07-18 16:04:59+00:00
P04069,Billing,2026-07-18 16:32:59+00:00
P04069,Discharge,2026-07-18 17:03:59+00:00
P04070,Patient Arrival,2026-06-02 07:57:29+00:00
P04070,Registration,2026-06-02 08:29:29+00:00
P04070,Waiting,2026-06-02 09:03:29+00:00
P04070,Doctor Consultation,2026-06-02 09:32:29+00:00
P04070,Diagnosis,2026-06-02 10:24:29+00:00
P04070,Treatment,2026-06-02 12:39:29+00:00
P04070,Pharmacy,2026-06-02 13:14:29+00:00
P04070,Billing,2026-06-02 13:41:29+00:00
P04070,Billing,2026-06-02 13:41:29+00:00
P04070,Discharge,2026-06-02 14:06:29+00:00
P04073,Patient Arrival,2026-04-19 17:59:49+00:00
P04073,Registration,2026-04-19 18:20:49+00:00
P04073,Waiting,2026-04-19 19:32:49+00:00
P04073,Doctor Consultation,2026-04-19 20:05:49+00:00
P04073,ECG,2026-04-19 20:33:49+00:00
P04073,Doctor Consultation,2026-04-19 21:09:49+00:00
P04073,Diagnosis,2026-04-19 21:24:49+00:00
P04073,Treatment,2026-04-19 23:05:49+00:00
P04073,Pharmacy,2026-04-19 23:46:49+00:00
P04073,Pharmacy,2026-04-19 23:46:49+00:00
P04073,Billing,2026-04-20 00:01:49+00:00
P04073,Discharge,2026-04-20 00:32:49+00:00
P04074,Patient Arrival,2026-09-20 00:33:19+00:00
P04074,Registration,2026-09-20 00:54:19+00:00
P04074,Waiting,2026-09-20 01:37:19+00:00
P04074,Waiting,2026-09-20 01:37:19+00:00
P04074,Doctor Consultation,2026-09-20 02:07:19+00:00
P04074,X-Ray,2026-09-20 02:45:19+00:00
P04074,Doctor Consultation,2026-09-20 03:06:19+00:00
P04074,Diagnosis,2026-09-20 03:45:19+00:00
P04074,Treatment,2026-09-20 04:55:19+00:00
P04074,Pharmacy,2026-09-20 05:19:19+00:00
P04074,Billing,2026-09-20 05:50:19+00:00
P04074,Discharge,2026-09-20 06:24:19+00:00
P04077,Patient Arrival,2026-01-04 21:50:24+00:00
P04077,Registration,2026-01-04 22:05:24+00:00
P04077,Waiting,2026-01-04 23:09:24+00:00
P04077,Doctor Consultation,2026-01-04 23:48:24+00:00
P04077,Diagnosis,2026-01-05 00:34:24+00:00
P04077,Treatment,2026-01-05 01:28:24+00:00
P04077,Pharmacy,2026-01-05 01:41:24+00:00
P04077,Billing,2026-01-05 02:22:24+00:00
P04077,Discharge,2026-01-05 03:00:24+00:00
P04078,Patient Arrival,2026-03-09 20:06:10+00:00
P04078,Registration,2026-03-09 20:37:10+00:00
P04078,Waiting,2026-03-09 21:38:10+00:00
P04078,Doctor Consultation,2026-03-09 22:26:10+00:00
P04078,Blood Test,2026-03-09 22:54:10+00:00
P04078,Doctor Consultation,2026-03-09 23:27:10+00:00
P04078,Diagnosis,2026-03-10 00:01:10+00:00
P04078,Ward Transfer,2026-03-10 00:29:10+00:00
P04078,Treatment,2026-03-10 02:44:10+00:00
P04078,Pharmacy,2026-03-10 03:13:10+00:00
P04078,Billing,2026-03-10 03:41:10+00:00
P04078,Discharge,2026-03-10 04:16:10+00:00
P04081,Patient Arrival,2026-02-02 06:42:34+00:00
P04081,Registration,2026-02-02 07:00:34+00:00
P04081,Waiting,2026-02-02 08:35:34+00:00
P04081,Doctor Consultation,2026-02-02 09:04:34+00:00
P04081,Diagnosis,2026-02-02 09:15:34+00:00
P04081,Treatment,2026-02-02 10:56:34+00:00
P04081,Pharmacy,2026-02-02 11:20:34+00:00
P04081,Billing,2026-02-02 11:57:34+00:00
P04081,Discharge,2026-02-02 12:26:34+00:00
P04086,Patient Arrival,2026-07-01 18:21:13+00:00
P04086,Registration,2026-07-01 18:49:13+00:00
P04086,Waiting,2026-07-01 19:29:13+00:00
P04086,Doctor Consultation,2026-07-01 20:00:13+00:00
P04086,Diagnosis,2026-07-01 20:44:13+00:00
P04086,Treatment,2026-07-01 22:19:13+00:00
P04086,Pharmacy,2026-07-01 22:44:13+00:00
P04086,Billing,2026-07-01 23:10:13+00:00
P04086,Discharge,2026-07-01 23:31:13+00:00
P04090,Patient Arrival,2026-11-01 01:40:53+00:00
P04090,Registration,2026-11-01 02:10:53+00:00
P04090,Waiting,2026-11-01 03:21:53+00:00
P04090,Doctor Consultation,2026-11-01 03:37:53+00:00
P04090,Diagnosis,2026-11-01 03:54:53+00:00
P04090,Treatment,2026-11-01 05:18:53+00:00
P04090,Pharmacy,2026-11-01 05:55:53+00:00
P04090,Billing,2026-11-01 06:42:53+00:00
P04090,Discharge,2026-11-01 07:23:53+00:00
P04091,Patient Arrival,2026-01-29 17:00:38+00:00
P04091,Registration,2026-01-29 17:43:38+00:00
P04091,Waiting,2026-01-29 18:22:38+00:00
P04091,Doctor Consultation,2026-01-29 18:39:38+00:00
P04091,Diagnosis,2026-01-29 19:14:38+00:00
P04091,Ward Transfer,2026-01-29 19:36:38+00:00
P04091,Treatment,2026-01-29 20:46:38+00:00
P04091,Pharmacy,2026-01-29 21:12:38+00:00
P04091,Billing,2026-01-29 21:36:38+00:00
P04091,Discharge,2026-01-29 22:13:38+00:00
P04092,Patient Arrival,2026-01-12 03:29:58+00:00
P04092,Registration,2026-01-12 04:04:58+00:00
P04092,Waiting,2026-01-12 04:51:58+00:00
P04092,Doctor Consultation,2026-01-12 05:27:58+00:00
P04092,Diagnosis,2026-01-12 05:44:58+00:00
P04092,Ward Transfer,2026-01-12 06:30:58+00:00
P04092,Treatment,2026-01-12 07:38:58+00:00
P04092,Pharmacy,2026-01-12 08:01:58+00:00
P04092,Billing,2026-01-12 08:34:58+00:00
P04092,Discharge,2026-01-12 09:07:58+00:00
P04093,Patient Arrival,2026-02-20 07:07:25+00:00
P04093,Registration,2026-02-20 07:32:25+00:00
P04093,Waiting,2026-02-20 08:56:25+00:00
P04093,Doctor Consultation,2026-02-20 09:33:25+00:00
P04093,Urine Test,2026-02-20 10:04:25+00:00
P04093,Doctor Consultation,2026-02-20 10:46:25+00:00
P04093,Diagnosis,2026-02-20 11:16:25+00:00
P04093,Treatment,2026-02-20 12:43:25+00:00
P04093,Pharmacy,2026-02-20 13:14:25+00:00
P04093,Billing,2026-02-20 13:31:25+00:00
P04093,Discharge,2026-02-20 14:19:25+00:00
P04095,Patient Arrival,2026-11-20 16:21:31+00:00
P04095,Registration,2026-11-20 16:36:31+00:00
P04095,Waiting,2026-11-20 17:48:31+00:00
P04095,Doctor Consultation,2026-11-20 18:03:31+00:00
P04095,Diagnosis,2026-11-20 18:46:31+00:00
P04095,Treatment,2026-11-20 20:47:31+00:00
P04095,Pharmacy,2026-11-20 21:16:31+00:00
P04095,Billing,2026-11-20 21:48:31+00:00
P04095,Billing,2026-11-20 21:48:31+00:00
P04095,Discharge,2026-11-20 22:07:31+00:00
P04097,Patient Arrival,2026-03-02 05:45:11+00:00
P04097,Registration,2026-03-02 06:21:11+00:00
P04097,Waiting,2026-03-02 07:47:11+00:00
P04097,Doctor Consultation,2026-03-02 08:29:11+00:00
P04097,X-Ray,2026-03-02 09:01:11+00:00
P04097,Doctor Consultation,2026-03-02 09:30:11+00:00
P04097,Diagnosis,2026-03-02 09:47:11+00:00
P04097,Treatment,2026-03-02 10:42:11+00:00
P04097,Pharmacy,2026-03-02 10:52:11+00:00
P04097,Billing,2026-03-02 11:10:11+00:00
P04097,Discharge,2026-03-02 11:27:11+00:00
P04099,Patient Arrival,2026-05-25 05:29:00+00:00
P04099,Registration,2026-05-25 06:04:00+00:00
P04099,Waiting,2026-05-25 06:57:00+00:00
P04099,Doctor Consultation,2026-05-25 07:23:00+00:00
P04099,X-Ray,2026-05-25 07:36:00+00:00
P04099,Doctor Consultation,2026-05-25 08:15:00+00:00
P04099,Diagnosis,2026-05-25 08:50:00+00:00
P04099,Treatment,2026-05-25 10:43:00+00:00
P04099,Pharmacy,2026-05-25 11:07:00+00:00
P04099,Billing,2026-05-25 11:30:00+00:00
P04099,Discharge,2026-05-25 12:01:00+00:00
P04100,Patient Arrival,2026-09-08 18:39:21+00:00
P04100,Registration,2026-09-08 19:24:21+00:00
P04100,Waiting,2026-09-08 20:34:21+00:00
P04100,Waiting,2026-09-08 20:34:21+00:00
P04100,Doctor Consultation,2026-09-08 21:21:21+00:00
P04100,Diagnosis,2026-09-08 21:51:21+00:00
P04100,Ward Transfer,2026-09-08 22:29:21+00:00
P04100,Treatment,2026-09-09 00:10:21+00:00
P04100,Treatment,2026-09-09 00:10:21+00:00
P04100,Pharmacy,2026-09-09 00:49:21+00:00
P04100,Billing,2026-09-09 01:14:21+00:00
P04100,Discharge,2026-09-09 01:26:21+00:00
P04101,Patient Arrival,2026-02-04 13:10:54+00:00
P04101,Registration,2026-02-04 14:02:54+00:00
P04101,Waiting,2026-02-04 15:25:54+00:00
P04101,Doctor Consultation,2026-02-04 16:03:54+00:00
P04101,ECG,2026-02-04 16:25:54+00:00
P04101,Doctor Consultation,2026-02-04 16:57:54+00:00
P04101,Diagnosis,2026-02-04 17:27:54+00:00
P04101,Ward Transfer,2026-02-04 17:43:54+00:00
P04101,Treatment,2026-02-04 19:17:54+00:00
P04101,Pharmacy,2026-02-04 19:53:54+00:00
P04101,Billing,2026-02-04 20:07:54+00:00
P04101,Discharge,2026-02-04 20:29:54+00:00
P04103,Patient Arrival,2026-04-14 02:07:20+00:00
P04103,Registration,2026-04-14 02:40:20+00:00
P04103,Waiting,2026-04-14 04:21:20+00:00
P04103,Doctor Consultation,2026-04-14 05:03:20+00:00
P04103,Diagnosis,2026-04-14 05:32:20+00:00
P04103,Treatment,2026-04-14 06:37:20+00:00
P04103,Pharmacy,2026-04-14 07:03:20+00:00
P04103,Billing,2026-04-14 07:29:20+00:00
P04103,Discharge,2026-04-14 07:41:20+00:00
P04104,Patient Arrival,2026-08-10 01:38:25+00:00
P04104,Registration,2026-08-10 02:00:25+00:00
P04104,Waiting,2026-08-10 02:58:25+00:00
P04104,Doctor Consultation,2026-08-10 03:25:25+00:00
P04104,Diagnosis,2026-08-10 03:47:25+00:00
P04104,Treatment,2026-08-10 05:47:25+00:00
P04104,Pharmacy,2026-08-10 06:08:25+00:00
P04104,Billing,2026-08-10 06:23:25+00:00
P04104,Discharge,2026-08-10 07:02:25+00:00
P04105,Patient Arrival,2026-05-22 18:50:55+00:00
P04105,Registration,2026-05-22 19:28:55+00:00
P04105,Waiting,2026-05-22 20:52:55+00:00
P04105,Doctor Consultation,2026-05-22 21:24:55+00:00
P04105,X-Ray,2026-05-22 22:03:55+00:00
P04105,Doctor Consultation,2026-05-22 22:40:55+00:00
P04105,Diagnosis,2026-05-22 23:03:55+00:00
P04105,Treatment,2026-05-23 00:22:55+00:00
P04105,Pharmacy,2026-05-23 01:01:55+00:00
P04105,Billing,2026-05-23 01:34:55+00:00
P04105,Discharge,2026-05-23 02:15:55+00:00
P04106,Patient Arrival,2026-09-11 09:27:58+00:00
P04106,Registration,2026-09-11 10:20:58+00:00
P04106,Waiting,2026-09-11 11:09:58+00:00
P04106,Doctor Consultation,2026-09-11 11:25:58+00:00
P04106,Diagnosis,2026-09-11 11:34:58+00:00
P04106,Ward Transfer,2026-09-11 12:12:58+00:00
P04106,Treatment,2026-09-11 14:01:58+00:00
P04106,Pharmacy,2026-09-11 14:32:58+00:00
P04106,Billing,2026-09-11 15:06:58+00:00
P04106,Discharge,2026-09-11 15:54:58+00:00
P04107,Patient Arrival,2026-03-03 09:37:14+00:00
P04107,Registration,2026-03-03 10:16:14+00:00
P04107,Waiting,2026-03-03 11:56:14+00:00
P04107,Doctor Consultation,2026-03-03 12:34:14+00:00
P04107,Diagnosis,2026-03-03 13:08:14+00:00
P04107,Treatment,2026-03-03 13:58:14+00:00
P04107,Pharmacy,2026-03-03 14:13:14+00:00
P04107,Billing,2026-03-03 14:57:14+00:00
P04107,Discharge,2026-03-03 15:27:14+00:00
P04109,Patient Arrival,2026-06-21 08:47:16+00:00
P04109,Registration,2026-06-21 09:16:16+00:00
P04109,Waiting,2026-06-21 11:00:16+00:00
P04109,Doctor Consultation,2026-06-21 11:33:16+00:00
P04109,Diagnosis,2026-06-21 11:50:16+00:00
P04109,Ward Transfer,2026-06-21 12:15:16+00:00
P04109,Treatment,2026-06-21 13:05:16+00:00
P04109,Pharmacy,2026-06-21 13:24:16+00:00
P04109,Billing,2026-06-21 13:37:16+00:00
P04109,Discharge,2026-06-21 14:13:16+00:00
P04110,Patient Arrival,2026-10-28 21:17:06+00:00
P04110,Registration,2026-10-28 21:47:06+00:00
P04110,Waiting,2026-10-28 23:25:06+00:00
P04110,Doctor Consultation,2026-10-29 00:03:06+00:00
P04110,Blood Test,2026-10-29 00:50:06+00:00
P04110,Doctor Consultation,2026-10-29 01:22:06+00:00
P04110,Diagnosis,2026-10-29 01:57:06+00:00
P04110,Treatment,2026-10-29 03:50:06+00:00
P04110,Pharmacy,2026-10-29 04:19:06+00:00
P04110,Billing,2026-10-29 04:52:06+00:00
P04110,Discharge,2026-10-29 05:24:06+00:00
P04113,Patient Arrival,2026-08-10 16:25:06+00:00
P04113,Registration,2026-08-10 17:20:06+00:00
P04113,Waiting,2026-08-10 18:03:06+00:00
P04113,Doctor Consultation,2026-08-10 18:24:06+00:00
P04113,Diagnosis,2026-08-10 18:57:06+00:00
P04113,Ward Transfer,2026-08-10 19:38:06+00:00
P04113,Treatment,2026-08-10 20:49:06+00:00
P04113,Pharmacy,2026-08-10 21:16:06+00:00
P04113,Billing,2026-08-10 21:31:06+00:00
P04113,Discharge,2026-08-10 22:15:06+00:00
P04114,Patient Arrival,2026-05-18 20:27:02+00:00
P04114,Registration,2026-05-18 20:58:02+00:00
P04114,Waiting,2026-05-18 22:15:02+00:00
P04114,Doctor Consultation,2026-05-18 23:08:02+00:00
P04114,Urine Test,2026-05-18 23:50:02+00:00
P04114,Doctor Consultation,2026-05-19 00:21:02+00:00
P04114,Diagnosis,2026-05-19 00:51:02+00:00
P04114,Ward Transfer,2026-05-19 01:23:02+00:00
P04114,Treatment,2026-05-19 02:06:02+00:00
P04114,Pharmacy,2026-05-19 02:36:02+00:00
P04114,Billing,2026-05-19 03:04:02+00:00
P04114,Discharge,2026-05-19 03:39:02+00:00
P04115,Patient Arrival,2026-12-06 19:33:00+00:00
P04115,Registration,2026-12-06 19:58:00+00:00
P04115,Waiting,2026-12-06 21:17:00+00:00
P04115,Doctor Consultation,2026-12-06 21:58:00+00:00
P04115,Blood Test,2026-12-06 22:24:00+00:00
P04115,Doctor Consultation,2026-12-06 23:05:00+00:00
P04115,Diagnosis,2026-12-06 23:47:00+00:00
P04115,Treatment,2026-12-07 01:28:00+00:00
P04115,Pharmacy,2026-12-07 01:41:00+00:00
P04115,Billing,2026-12-07 02:00:00+00:00
P04115,Discharge,2026-12-07 02:29:00+00:00
P04116,Patient Arrival,2026-12-29 05:36:26+00:00
P04116,Registration,2026-12-29 06:11:26+00:00
P04116,Waiting,2026-12-29 07:45:26+00:00
P04116,Doctor Consultation,2026-12-29 08:26:26+00:00
P04116,Urine Test,2026-12-29 08:39:26+00:00
P04116,Urine Test,2026-12-29 08:39:26+00:00
P04116,Doctor Consultation,2026-12-29 09:09:26+00:00
P04116,Diagnosis,2026-12-29 09:54:26+00:00
P04116,Treatment,2026-12-29 12:08:26+00:00
P04116,Pharmacy,2026-12-29 12:40:26+00:00
P04116,Billing,2026-12-29 13:25:26+00:00
P04116,Discharge,2026-12-29 14:03:26+00:00
P04119,Patient Arrival,2026-01-07 12:27:31+00:00
P04119,Registration,2026-01-07 12:54:31+00:00
P04119,Waiting,2026-01-07 14:30:31+00:00
P04119,Doctor Consultation,2026-01-07 15:02:31+00:00
P04119,X-Ray,2026-01-07 15:31:31+00:00
P04119,Doctor Consultation,2026-01-07 15:50:31+00:00
P04119,Diagnosis,2026-01-07 16:25:31+00:00
P04119,Treatment,2026-01-07 18:00:31+00:00
P04119,Pharmacy,2026-01-07 18:24:31+00:00
P04119,Billing,2026-01-07 18:46:31+00:00
P04119,Discharge,2026-01-07 19:24:31+00:00
P04122,Patient Arrival,2026-03-31 08:54:29+00:00
P04122,Registration,2026-03-31 09:47:29+00:00
P04122,Waiting,2026-03-31 11:25:29+00:00
P04122,Doctor Consultation,2026-03-31 11:54:29+00:00
P04122,Diagnosis,2026-03-31 12:03:29+00:00
P04122,Ward Transfer,2026-03-31 12:14:29+00:00
P04122,Treatment,2026-03-31 13:34:29+00:00
P04122,Pharmacy,2026-03-31 14:15:29+00:00
P04122,Billing,2026-03-31 14:44:29+00:00
P04122,Discharge,2026-03-31 15:19:29+00:00
P04123,Patient Arrival,2026-10-27 06:56:54+00:00
P04123,Registration,2026-10-27 07:21:54+00:00
P04123,Waiting,2026-10-27 09:00:54+00:00
P04123,Doctor Consultation,2026-10-27 09:48:54+00:00
P04123,X-Ray,2026-10-27 10:18:54+00:00
P04123,Doctor Consultation,2026-10-27 10:35:54+00:00
P04123,Diagnosis,2026-10-27 10:52:54+00:00
P04123,Treatment,2026-10-27 12:27:54+00:00
P04123,Pharmacy,2026-10-27 12:50:54+00:00
P04123,Billing,2026-10-27 13:11:54+00:00
P04123,Discharge,2026-10-27 13:26:54+00:00
P04124,Patient Arrival,2026-06-21 15:16:43+00:00
P04124,Registration,2026-06-21 15:40:43+00:00
P04124,Waiting,2026-06-21 16:48:43+00:00
P04124,Doctor Consultation,2026-06-21 17:15:43+00:00
P04124,Diagnosis,2026-06-21 17:48:43+00:00
P04124,Treatment,2026-06-21 19:15:43+00:00
P04124,Pharmacy,2026-06-21 19:38:43+00:00
P04124,Billing,2026-06-21 20:09:43+00:00
P04124,Discharge,2026-06-21 20:36:43+00:00
P04129,Patient Arrival,2026-05-02 06:15:26+00:00
P04129,Registration,2026-05-02 06:55:26+00:00
P04129,Waiting,2026-05-02 08:07:26+00:00
P04129,Doctor Consultation,2026-05-02 08:44:26+00:00
P04129,Urine Test,2026-05-02 09:13:26+00:00
P04129,Doctor Consultation,2026-05-02 09:32:26+00:00
P04129,Diagnosis,2026-05-02 09:56:26+00:00
P04129,Ward Transfer,2026-05-02 10:38:26+00:00
P04129,Treatment,2026-05-02 12:37:26+00:00
P04129,Treatment,2026-05-02 12:37:26+00:00
P04129,Pharmacy,2026-05-02 13:14:26+00:00
P04129,Billing,2026-05-02 13:38:26+00:00
P04129,Discharge,2026-05-02 14:11:26+00:00
P04131,Patient Arrival,2026-08-07 03:27:08+00:00
P04131,Registration,2026-08-07 03:46:08+00:00
P04131,Waiting,2026-08-07 05:10:08+00:00
P04131,Doctor Consultation,2026-08-07 05:54:08+00:00
P04131,Diagnosis,2026-08-07 06:19:08+00:00
P04131,Treatment,2026-08-07 07:16:08+00:00
P04131,Pharmacy,2026-08-07 07:53:08+00:00
P04131,Billing,2026-08-07 08:08:08+00:00
P04131,Discharge,2026-08-07 08:37:08+00:00
P04134,Patient Arrival,2026-05-21 11:12:55+00:00
P04134,Registration,2026-05-21 11:20:55+00:00
P04134,Waiting,2026-05-21 12:22:55+00:00
P04134,Doctor Consultation,2026-05-21 13:02:55+00:00
P04134,Blood Test,2026-05-21 13:32:55+00:00
P04134,Doctor Consultation,2026-05-21 13:59:55+00:00
P04134,Diagnosis,2026-05-21 14:16:55+00:00
P04134,Treatment,2026-05-21 15:40:55+00:00
P04134,Pharmacy,2026-05-21 16:04:55+00:00
P04134,Billing,2026-05-21 16:37:55+00:00
P04134,Discharge,2026-05-21 17:09:55+00:00
P04138,Patient Arrival,2026-08-12 16:29:52+00:00
P04138,Registration,2026-08-12 16:47:52+00:00
P04138,Waiting,2026-08-12 18:16:52+00:00
P04138,Doctor Consultation,2026-08-12 18:46:52+00:00
P04138,ECG,2026-08-12 19:15:52+00:00
P04138,Doctor Consultation,2026-08-12 19:43:52+00:00
P04138,Diagnosis,2026-08-12 20:27:52+00:00
P04138,Treatment,2026-08-12 22:03:52+00:00
P04138,Pharmacy,2026-08-12 22:41:52+00:00
P04138,Billing,2026-08-12 23:27:52+00:00
P04138,Discharge,2026-08-12 23:50:52+00:00
P04139,Patient Arrival,2026-06-02 03:05:02+00:00
P04139,Registration,2026-06-02 03:46:02+00:00
P04139,Waiting,2026-06-02 05:06:02+00:00
P04139,Doctor Consultation,2026-06-02 05:55:02+00:00
P04139,Urine Test,2026-06-02 06:12:02+00:00
P04139,Doctor Consultation,2026-06-02 06:55:02+00:00
P04139,Diagnosis,2026-06-02 07:30:02+00:00
P04139,Ward Transfer,2026-06-02 07:44:02+00:00
P04139,Treatment,2026-06-02 09:07:02+00:00
P04139,Pharmacy,2026-06-02 09:49:02+00:00
P04139,Billing,2026-06-02 10:27:02+00:00
P04139,Discharge,2026-06-02 11:00:02+00:00
P04140,Patient Arrival,2026-12-21 06:29:14+00:00
P04140,Registration,2026-12-21 06:56:14+00:00
P04140,Waiting,2026-12-21 08:20:14+00:00
P04140,Doctor Consultation,2026-12-21 09:11:14+00:00
P04140,Blood Test,2026-12-21 09:48:14+00:00
P04140,Doctor Consultation,2026-12-21 10:15:14+00:00
P04140,Diagnosis,2026-12-21 10:53:14+00:00
P04140,Treatment,2026-12-21 12:10:14+00:00
P04140,Pharmacy,2026-12-21 12:24:14+00:00
P04140,Billing,2026-12-21 12:53:14+00:00
P04140,Discharge,2026-12-21 13:09:14+00:00
P04142,Patient Arrival,2026-04-12 15:15:31+00:00
P04142,Registration,2026-04-12 15:28:31+00:00
P04142,Waiting,2026-04-12 16:20:31+00:00
P04142,Doctor Consultation,2026-04-12 16:52:31+00:00
P04142,Diagnosis,2026-04-12 17:23:31+00:00
P04142,Treatment,2026-04-12 17:59:31+00:00
P04142,Treatment,2026-04-12 17:59:31+00:00
P04142,Pharmacy,2026-04-12 18:13:31+00:00
P04142,Billing,2026-04-12 18:46:31+00:00
P04142,Discharge,2026-04-12 19:23:31+00:00
P04149,Patient Arrival,2026-03-20 08:51:48+00:00
P04149,Patient Arrival,2026-03-20 08:51:48+00:00
P04149,Registration,2026-03-20 09:42:48+00:00
P04149,Waiting,2026-03-20 10:28:48+00:00
P04149,Doctor Consultation,2026-03-20 11:09:48+00:00
P04149,Urine Test,2026-03-20 11:37:48+00:00
P04149,Doctor Consultation,2026-03-20 12:17:48+00:00
P04149,Diagnosis,2026-03-20 12:30:48+00:00
P04149,Treatment,2026-03-20 13:29:48+00:00
P04149,Pharmacy,2026-03-20 14:06:48+00:00
P04149,Billing,2026-03-20 14:39:48+00:00
P04149,Discharge,2026-03-20 15:11:48+00:00
P04149,Discharge,2026-03-20 15:11:48+00:00
P04153,Patient Arrival,2026-08-17 07:32:46+00:00
P04153,Registration,2026-08-17 07:54:46+00:00
P04153,Waiting,2026-08-17 08:35:46+00:00
P04153,Doctor Consultation,2026-08-17 09:09:46+00:00
P04153,Urine Test,2026-08-17 09:34:46+00:00
P04153,Doctor Consultation,2026-08-17 09:53:46+00:00
P04153,Diagnosis,2026-08-17 10:22:46+00:00
P04153,Treatment,2026-08-17 11:04:46+00:00
P04153,Pharmacy,2026-08-17 11:32:46+00:00
P04153,Billing,2026-08-17 11:52:46+00:00
P04153,Discharge,2026-08-17 12:11:46+00:00
P04154,Patient Arrival,2026-08-14 17:33:11+00:00
P04154,Registration,2026-08-14 18:08:11+00:00
P04154,Waiting,2026-08-14 19:26:11+00:00
P04154,Doctor Consultation,2026-08-14 19:51:11+00:00
P04154,Urine Test,2026-08-14 20:18:11+00:00
P04154,Doctor Consultation,2026-08-14 20:51:11+00:00
P04154,Diagnosis,2026-08-14 21:02:11+00:00
P04154,Ward Transfer,2026-08-14 21:23:11+00:00
P04154,Treatment,2026-08-14 23:32:11+00:00
P04154,Pharmacy,2026-08-15 00:09:11+00:00
P04154,Billing,2026-08-15 00:23:11+00:00
P04154,Discharge,2026-08-15 01:04:11+00:00
P04158,Patient Arrival,2026-06-15 20:55:50+00:00
P04158,Registration,2026-06-15 21:41:50+00:00
P04158,Waiting,2026-06-15 22:14:50+00:00
P04158,Doctor Consultation,2026-06-15 22:26:50+00:00
P04158,Diagnosis,2026-06-15 23:13:50+00:00
P04158,Treatment,2026-06-16 00:14:50+00:00
P04158,Pharmacy,2026-06-16 00:56:50+00:00
P04158,Billing,2026-06-16 01:11:50+00:00
P04158,Discharge,2026-06-16 01:55:50+00:00
P04159,Patient Arrival,2026-06-23 05:23:10+00:00
P04159,Registration,2026-06-23 06:00:10+00:00
P04159,Waiting,2026-06-23 07:31:10+00:00
P04159,Doctor Consultation,2026-06-23 08:19:10+00:00
P04159,Urine Test,2026-06-23 08:48:10+00:00
P04159,Doctor Consultation,2026-06-23 09:30:10+00:00
P04159,Diagnosis,2026-06-23 09:56:10+00:00
P04159,Treatment,2026-06-23 11:08:10+00:00
P04159,Pharmacy,2026-06-23 11:21:10+00:00
P04159,Billing,2026-06-23 11:53:10+00:00
P04159,Discharge,2026-06-23 12:40:10+00:00
P04160,Patient Arrival,2026-12-13 15:54:34+00:00
P04160,Registration,2026-12-13 16:40:34+00:00
P04160,Waiting,2026-12-13 17:41:34+00:00
P04160,Doctor Consultation,2026-12-13 18:10:34+00:00
P04160,Diagnosis,2026-12-13 18:30:34+00:00
P04160,Ward Transfer,2026-12-13 18:58:34+00:00
P04160,Treatment,2026-12-13 19:56:34+00:00
P04160,Pharmacy,2026-12-13 20:11:34+00:00
P04160,Billing,2026-12-13 20:35:34+00:00
P04160,Discharge,2026-12-13 21:01:34+00:00
P04164,Patient Arrival,2026-02-12 14:51:30+00:00
P04164,Registration,2026-02-12 15:24:30+00:00
P04164,Waiting,2026-02-12 17:03:30+00:00
P04164,Doctor Consultation,2026-02-12 17:35:30+00:00
P04164,Diagnosis,2026-02-12 17:50:30+00:00
P04164,Ward Transfer,2026-02-12 18:22:30+00:00
P04164,Treatment,2026-02-12 20:10:30+00:00
P04164,Pharmacy,2026-02-12 20:45:30+00:00
P04164,Billing,2026-02-12 21:01:30+00:00
P04164,Discharge,2026-02-12 21:24:30+00:00
P04169,Patient Arrival,2026-11-22 17:27:40+00:00
P04169,Registration,2026-11-22 18:01:40+00:00
P04169,Waiting,2026-11-22 18:42:40+00:00
P04169,Doctor Consultation,2026-11-22 19:01:40+00:00
P04169,Diagnosis,2026-11-22 19:35:40+00:00
P04169,Treatment,2026-11-22 21:02:40+00:00
P04169,Pharmacy,2026-11-22 21:29:40+00:00
P04169,Billing,2026-11-22 21:40:40+00:00
P04169,Discharge,2026-11-22 22:03:40+00:00
P04172,Patient Arrival,2026-12-27 20:55:18+00:00
P04172,Registration,2026-12-27 21:26:18+00:00
P04172,Waiting,2026-12-27 23:02:18+00:00
P04172,Doctor Consultation,2026-12-27 23:32:18+00:00
P04172,Blood Test,2026-12-27 23:48:18+00:00
P04172,Doctor Consultation,2026-12-28 00:21:18+00:00
P04172,Diagnosis,2026-12-28 00:58:18+00:00
P04172,Treatment,2026-12-28 01:45:18+00:00
P04172,Pharmacy,2026-12-28 02:08:18+00:00
P04172,Billing,2026-12-28 02:54:18+00:00
P04172,Discharge,2026-12-28 03:27:18+00:00
P04174,Patient Arrival,2026-07-02 03:06:34+00:00
P04174,Registration,2026-07-02 03:30:34+00:00
P04174,Waiting,2026-07-02 04:09:34+00:00
P04174,Doctor Consultation,2026-07-02 04:50:34+00:00
P04174,Diagnosis,2026-07-02 05:26:34+00:00
P04174,Ward Transfer,2026-07-02 05:52:34+00:00
P04174,Treatment,2026-07-02 07:55:34+00:00
P04174,Pharmacy,2026-07-02 08:27:34+00:00
P04174,Billing,2026-07-02 08:55:34+00:00
P04174,Discharge,2026-07-02 09:22:34+00:00
P04175,Patient Arrival,2026-01-17 02:33:51+00:00
P04175,Registration,2026-01-17 03:10:51+00:00
P04175,Waiting,2026-01-17 04:42:51+00:00
P04175,Doctor Consultation,2026-01-17 05:04:51+00:00
P04175,Diagnosis,2026-01-17 05:28:51+00:00
P04175,Ward Transfer,2026-01-17 05:52:51+00:00
P04175,Treatment,2026-01-17 07:45:51+00:00
P04175,Pharmacy,2026-01-17 08:02:51+00:00
P04175,Pharmacy,2026-01-17 08:02:51+00:00
P04175,Billing,2026-01-17 08:26:51+00:00
P04175,Discharge,2026-01-17 08:59:51+00:00
P04178,Patient Arrival,2026-12-15 23:58:07+00:00
P04178,Registration,2026-12-16 00:28:07+00:00
P04178,Waiting,2026-12-16 02:01:07+00:00
P04178,Doctor Consultation,2026-12-16 02:31:07+00:00
P04178,Diagnosis,2026-12-16 03:19:07+00:00
P04178,Treatment,2026-12-16 04:04:07+00:00
P04178,Pharmacy,2026-12-16 04:29:07+00:00
P04178,Billing,2026-12-16 05:13:07+00:00
P04178,Discharge,2026-12-16 05:54:07+00:00
P04181,Patient Arrival,2026-05-15 21:54:28+00:00
P04181,Registration,2026-05-15 22:37:28+00:00
P04181,Waiting,2026-05-16 00:01:28+00:00
P04181,Doctor Consultation,2026-05-16 00:41:28+00:00
P04181,ECG,2026-05-16 01:19:28+00:00
P04181,Doctor Consultation,2026-05-16 01:41:28+00:00
P04181,Diagnosis,2026-05-16 02:15:28+00:00
P04181,Treatment,2026-05-16 03:07:28+00:00
P04181,Pharmacy,2026-05-16 03:17:28+00:00
P04181,Billing,2026-05-16 03:49:28+00:00
P04181,Discharge,2026-05-16 04:19:28+00:00
P04183,Patient Arrival,2026-06-18 03:17:32+00:00
P04183,Registration,2026-06-18 03:48:32+00:00
P04183,Waiting,2026-06-18 05:18:32+00:00
P04183,Doctor Consultation,2026-06-18 05:47:32+00:00
P04183,Diagnosis,2026-06-18 06:03:32+00:00
P04183,Treatment,2026-06-18 07:29:32+00:00
P04183,Pharmacy,2026-06-18 07:39:32+00:00
P04183,Billing,2026-06-18 08:30:32+00:00
P04183,Discharge,2026-06-18 09:06:32+00:00
P04185,Patient Arrival,2026-09-23 09:44:01+00:00
P04185,Registration,2026-09-23 10:31:01+00:00
P04185,Waiting,2026-09-23 12:26:01+00:00
P04185,Doctor Consultation,2026-09-23 13:07:01+00:00
P04185,Urine Test,2026-09-23 13:41:01+00:00
P04185,Doctor Consultation,2026-09-23 14:16:01+00:00
P04185,Diagnosis,2026-09-23 14:35:01+00:00
P04185,Treatment,2026-09-23 16:25:01+00:00
P04185,Pharmacy,2026-09-23 16:52:01+00:00
P04185,Billing,2026-09-23 17:40:01+00:00
P04185,Discharge,2026-09-23 18:22:01+00:00
P04188,Patient Arrival,2026-07-08 19:08:26+00:00
P04188,Registration,2026-07-08 19:29:26+00:00
P04188,Waiting,2026-07-08 20:12:26+00:00
P04188,Doctor Consultation,2026-07-08 20:38:26+00:00
P04188,Urine Test,2026-07-08 21:09:26+00:00
P04188,Doctor Consultation,2026-07-08 21:43:26+00:00
P04188,Diagnosis,2026-07-08 22:10:26+00:00
P04188,Treatment,2026-07-08 22:56:26+00:00
P04188,Pharmacy,2026-07-08 23:32:26+00:00
P04188,Billing,2026-07-08 23:43:26+00:00
P04188,Discharge,2026-07-09 00:11:26+00:00
P04189,Patient Arrival,2026-12-08 05:34:48+00:00
P04189,Registration,2026-12-08 06:16:48+00:00
P04189,Waiting,2026-12-08 07:18:48+00:00
P04189,Doctor Consultation,2026-12-08 08:09:48+00:00
P04189,Diagnosis,2026-12-08 08:38:48+00:00
P04189,Ward Transfer,2026-12-08 09:24:48+00:00
P04189,Treatment,2026-12-08 10:54:48+00:00
P04189,Pharmacy,2026-12-08 11:07:48+00:00
P04189,Billing,2026-12-08 11:33:48+00:00
P04189,Discharge,2026-12-08 11:58:48+00:00
P04191,Patient Arrival,2026-02-20 07:06:44+00:00
P04191,Registration,2026-02-20 07:30:44+00:00
P04191,Waiting,2026-02-20 09:28:44+00:00
P04191,Doctor Consultation,2026-02-20 09:46:44+00:00
P04191,Diagnosis,2026-02-20 10:10:44+00:00
P04191,Ward Transfer,2026-02-20 10:29:44+00:00
P04191,Treatment,2026-02-20 12:50:44+00:00
P04191,Pharmacy,2026-02-20 13:29:44+00:00
P04191,Billing,2026-02-20 14:10:44+00:00
P04191,Discharge,2026-02-20 14:27:44+00:00
P04192,Patient Arrival,2026-05-29 23:18:12+00:00
P04192,Registration,2026-05-29 23:45:12+00:00
P04192,Waiting,2026-05-30 01:16:12+00:00
P04192,Doctor Consultation,2026-05-30 01:40:12+00:00
P04192,Doctor Consultation,2026-05-30 01:40:12+00:00
P04192,Diagnosis,2026-05-30 02:09:12+00:00
P04192,Treatment,2026-05-30 03:23:12+00:00
P04192,Pharmacy,2026-05-30 03:40:12+00:00
P04192,Billing,2026-05-30 04:11:12+00:00
P04192,Discharge,2026-05-30 04:32:12+00:00
P04199,Patient Arrival,2026-12-19 17:15:12+00:00
P04199,Registration,2026-12-19 18:05:12+00:00
P04199,Waiting,2026-12-19 19:32:12+00:00
P04199,Doctor Consultation,2026-12-19 20:06:12+00:00
P04199,X-Ray,2026-12-19 20:53:12+00:00
P04199,Doctor Consultation,2026-12-19 21:15:12+00:00
P04199,Diagnosis,2026-12-19 21:41:12+00:00
P04199,Treatment,2026-12-19 23:26:12+00:00
P04199,Pharmacy,2026-12-20 00:04:12+00:00
P04199,Billing,2026-12-20 00:25:12+00:00
P04199,Discharge,2026-12-20 00:44:12+00:00
P04201,Patient Arrival,2026-05-14 14:46:00+00:00
P04201,Registration,2026-05-14 15:25:00+00:00
P04201,Waiting,2026-05-14 16:53:00+00:00
P04201,Doctor Consultation,2026-05-14 17:12:00+00:00
P04201,Urine Test,2026-05-14 17:36:00+00:00
P04201,Doctor Consultation,2026-05-14 18:20:00+00:00
P04201,Diagnosis,2026-05-14 19:01:00+00:00
P04201,Ward Transfer,2026-05-14 19:21:00+00:00
P04201,Treatment,2026-05-14 21:38:00+00:00
P04201,Pharmacy,2026-05-14 22:12:00+00:00
P04201,Billing,2026-05-14 22:47:00+00:00
P04201,Discharge,2026-05-14 23:14:00+00:00
P04203,Patient Arrival,2026-03-26 16:27:19+00:00
P04203,Registration,2026-03-26 16:47:19+00:00
P04203,Waiting,2026-03-26 17:55:19+00:00
P04203,Doctor Consultation,2026-03-26 18:46:19+00:00
P04203,Urine Test,2026-03-26 19:26:19+00:00
P04203,Doctor Consultation,2026-03-26 20:10:19+00:00
P04203,Diagnosis,2026-03-26 20:52:19+00:00
P04203,Treatment,2026-03-26 22:08:19+00:00
P04203,Pharmacy,2026-03-26 22:54:19+00:00
P04203,Billing,2026-03-26 23:42:19+00:00
P04203,Discharge,2026-03-27 00:17:19+00:00
P04204,Patient Arrival,2026-02-24 06:39:40+00:00
P04204,Registration,2026-02-24 07:25:40+00:00
P04204,Waiting,2026-02-24 08:05:40+00:00
P04204,Doctor Consultation,2026-02-24 08:45:40+00:00
P04204,Blood Test,2026-02-24 09:14:40+00:00
P04204,Doctor Consultation,2026-02-24 09:49:40+00:00
P04204,Diagnosis,2026-02-24 10:29:40+00:00
P04204,Treatment,2026-02-24 11:35:40+00:00
P04204,Pharmacy,2026-02-24 11:50:40+00:00
P04204,Billing,2026-02-24 12:23:40+00:00
P04204,Discharge,2026-02-24 12:49:40+00:00
P04205,Patient Arrival,2026-08-10 11:56:13+00:00
P04205,Registration,2026-08-10 12:26:13+00:00
P04205,Waiting,2026-08-10 13:09:13+00:00
P04205,Doctor Consultation,2026-08-10 13:48:13+00:00
P04205,ECG,2026-08-10 14:19:13+00:00
P04205,Doctor Consultation,2026-08-10 14:56:13+00:00
P04205,Diagnosis,2026-08-10 15:31:13+00:00
P04205,Ward Transfer,2026-08-10 16:08:13+00:00
P04205,Treatment,2026-08-10 17:57:13+00:00
P04205,Pharmacy,2026-08-10 18:37:13+00:00
P04205,Billing,2026-08-10 18:58:13+00:00
P04205,Discharge,2026-08-10 19:41:13+00:00
P04213,Patient Arrival,2026-07-14 15:04:35+00:00
P04213,Registration,2026-07-14 15:47:35+00:00
P04213,Waiting,2026-07-14 16:56:35+00:00
P04213,Doctor Consultation,2026-07-14 17:27:35+00:00
P04213,Urine Test,2026-07-14 18:10:35+00:00
P04213,Doctor Consultation,2026-07-14 18:47:35+00:00
P04213,Diagnosis,2026-07-14 19:08:35+00:00
P04213,Treatment,2026-07-14 19:46:35+00:00
P04213,Pharmacy,2026-07-14 20:12:35+00:00
P04213,Billing,2026-07-14 20:59:35+00:00
P04213,Discharge,2026-07-14 21:34:35+00:00
P04213,Discharge,2026-07-14 21:34:35+00:00
P04217,Patient Arrival,2026-03-06 17:02:19+00:00
P04217,Registration,2026-03-06 17:35:19+00:00
P04217,Waiting,2026-03-06 18:39:19+00:00
P04217,Doctor Consultation,2026-03-06 19:13:19+00:00
P04217,X-Ray,2026-03-06 19:22:19+00:00
P04217,Doctor Consultation,2026-03-06 20:06:19+00:00
P04217,Urine Test,2026-03-06 20:26:19+00:00
P04217,Doctor Consultation,2026-03-06 20:53:19+00:00
P04217,Diagnosis,2026-03-06 21:08:19+00:00
P04217,Treatment,2026-03-06 22:43:19+00:00
P04217,Pharmacy,2026-03-06 23:05:19+00:00
P04217,Billing,2026-03-06 23:34:19+00:00
P04217,Discharge,2026-03-07 00:03:19+00:00
P04218,Patient Arrival,2026-03-27 21:18:34+00:00
P04218,Registration,2026-03-27 21:40:34+00:00
P04218,Waiting,2026-03-27 22:24:34+00:00
P04218,Doctor Consultation,2026-03-27 22:52:34+00:00
P04218,Blood Test,2026-03-27 23:30:34+00:00
P04218,Doctor Consultation,2026-03-28 00:02:34+00:00
P04218,Diagnosis,2026-03-28 00:32:34+00:00
P04218,Treatment,2026-03-28 01:31:34+00:00
P04218,Pharmacy,2026-03-28 02:02:34+00:00
P04218,Billing,2026-03-28 02:26:34+00:00
P04218,Discharge,2026-03-28 02:42:34+00:00
P04221,Patient Arrival,2026-09-20 08:18:25+00:00
P04221,Registration,2026-09-20 09:06:25+00:00
P04221,Waiting,2026-09-20 11:01:25+00:00
P04221,Doctor Consultation,2026-09-20 11:13:25+00:00
P04221,Diagnosis,2026-09-20 11:59:25+00:00
P04221,Ward Transfer,2026-09-20 12:33:25+00:00
P04221,Treatment,2026-09-20 14:12:25+00:00
P04221,Pharmacy,2026-09-20 14:53:25+00:00
P04221,Billing,2026-09-20 15:32:25+00:00
P04221,Discharge,2026-09-20 15:57:25+00:00
P04222,Patient Arrival,2026-12-27 23:50:18+00:00
P04222,Registration,2026-12-28 00:34:18+00:00
P04222,Waiting,2026-12-28 02:11:18+00:00
P04222,Doctor Consultation,2026-12-28 02:50:18+00:00
P04222,Diagnosis,2026-12-28 03:35:18+00:00
P04222,Ward Transfer,2026-12-28 03:52:18+00:00
P04222,Treatment,2026-12-28 04:39:18+00:00
P04222,Pharmacy,2026-12-28 05:13:18+00:00
P04222,Billing,2026-12-28 05:35:18+00:00
P04222,Discharge,2026-12-28 06:05:18+00:00
P04223,Patient Arrival,2026-10-14 11:34:59+00:00
P04223,Registration,2026-10-14 11:57:59+00:00
P04223,Waiting,2026-10-14 13:42:59+00:00
P04223,Doctor Consultation,2026-10-14 14:32:59+00:00
P04223,Blood Test,2026-10-14 15:06:59+00:00
P04223,Doctor Consultation,2026-10-14 15:43:59+00:00
P04223,Diagnosis,2026-10-14 16:16:59+00:00
P04223,Treatment,2026-10-14 17:09:59+00:00
P04223,Pharmacy,2026-10-14 17:40:59+00:00
P04223,Billing,2026-10-14 18:14:59+00:00
P04223,Discharge,2026-10-14 18:51:59+00:00
P04227,Patient Arrival,2026-02-17 16:03:54+00:00
P04227,Registration,2026-02-17 16:34:54+00:00
P04227,Waiting,2026-02-17 17:27:54+00:00
P04227,Doctor Consultation,2026-02-17 17:57:54+00:00
P04227,Diagnosis,2026-02-17 18:19:54+00:00
P04227,Treatment,2026-02-17 20:10:54+00:00
P04227,Pharmacy,2026-02-17 20:37:54+00:00
P04227,Billing,2026-02-17 21:26:54+00:00
P04227,Discharge,2026-02-17 22:03:54+00:00
P04228,Patient Arrival,2026-03-01 16:59:11+00:00
P04228,Registration,2026-03-01 17:20:11+00:00
P04228,Waiting,2026-03-01 18:00:11+00:00
P04228,Doctor Consultation,2026-03-01 18:32:11+00:00
P04228,X-Ray,2026-03-01 19:18:11+00:00
P04228,Doctor Consultation,2026-03-01 19:53:11+00:00
P04228,Diagnosis,2026-03-01 20:22:11+00:00
P04228,Ward Transfer,2026-03-01 20:50:11+00:00
P04228,Treatment,2026-03-01 21:58:11+00:00
P04228,Pharmacy,2026-03-01 22:27:11+00:00
P04228,Billing,2026-03-01 22:59:11+00:00
P04228,Discharge,2026-03-01 23:31:11+00:00
P04231,Patient Arrival,2026-01-10 16:22:11+00:00
P04231,Registration,2026-01-10 17:00:11+00:00
P04231,Waiting,2026-01-10 17:47:11+00:00
P04231,Doctor Consultation,2026-01-10 18:30:11+00:00
P04231,Urine Test,2026-01-10 19:06:11+00:00
P04231,Doctor Consultation,2026-01-10 19:51:11+00:00
P04231,Diagnosis,2026-01-10 20:10:11+00:00
P04231,Treatment,2026-01-10 21:41:11+00:00
P04231,Pharmacy,2026-01-10 22:13:11+00:00
P04231,Billing,2026-01-10 22:40:11+00:00
P04231,Discharge,2026-01-10 23:23:11+00:00
P04232,Patient Arrival,2026-05-01 04:54:55+00:00
P04232,Registration,2026-05-01 05:36:55+00:00
P04232,Waiting,2026-05-01 06:37:55+00:00
P04232,Doctor Consultation,2026-05-01 06:58:55+00:00
P04232,Urine Test,2026-05-01 07:24:55+00:00
P04232,Doctor Consultation,2026-05-01 07:58:55+00:00
P04232,Diagnosis,2026-05-01 08:09:55+00:00
P04232,Treatment,2026-05-01 09:13:55+00:00
P04232,Pharmacy,2026-05-01 09:43:55+00:00
P04232,Billing,2026-05-01 09:53:55+00:00
P04232,Discharge,2026-05-01 10:20:55+00:00
P04235,Patient Arrival,2026-11-27 13:49:20+00:00
P04235,Registration,2026-11-27 13:59:20+00:00
P04235,Waiting,2026-11-27 15:46:20+00:00
P04235,Doctor Consultation,2026-11-27 16:05:20+00:00
P04235,ECG,2026-11-27 16:38:20+00:00
P04235,Doctor Consultation,2026-11-27 17:09:20+00:00
P04235,Diagnosis,2026-11-27 17:43:20+00:00
P04235,Treatment,2026-11-27 19:48:20+00:00
P04235,Pharmacy,2026-11-27 20:06:20+00:00
P04235,Billing,2026-11-27 20:38:20+00:00
P04235,Discharge,2026-11-27 21:13:20+00:00
P04237,Patient Arrival,2026-04-16 09:30:27+00:00
P04237,Registration,2026-04-16 09:40:27+00:00
P04237,Waiting,2026-04-16 10:41:27+00:00
P04237,Doctor Consultation,2026-04-16 11:09:27+00:00
P04237,X-Ray,2026-04-16 11:57:27+00:00
P04237,Doctor Consultation,2026-04-16 12:10:27+00:00
P04237,Diagnosis,2026-04-16 12:29:27+00:00
P04237,Diagnosis,2026-04-16 12:29:27+00:00
P04237,Treatment,2026-04-16 14:01:27+00:00
P04237,Pharmacy,2026-04-16 14:21:27+00:00
P04237,Billing,2026-04-16 14:59:27+00:00
P04237,Discharge,2026-04-16 15:23:27+00:00
P04239,Patient Arrival,2026-06-04 02:04:29+00:00
P04239,Registration,2026-06-04 02:32:29+00:00
P04239,Waiting,2026-06-04 03:07:29+00:00
P04239,Doctor Consultation,2026-06-04 03:45:29+00:00
P04239,ECG,2026-06-04 03:58:29+00:00
P04239,Doctor Consultation,2026-06-04 04:33:29+00:00
P04239,Diagnosis,2026-06-04 05:06:29+00:00
P04239,Treatment,2026-06-04 07:08:29+00:00
P04239,Pharmacy,2026-06-04 07:35:29+00:00
P04239,Billing,2026-06-04 07:44:29+00:00
P04239,Discharge,2026-06-04 08:14:29+00:00
P04240,Patient Arrival,2026-03-08 03:16:14+00:00
P04240,Registration,2026-03-08 03:57:14+00:00
P04240,Waiting,2026-03-08 04:55:14+00:00
P04240,Doctor Consultation,2026-03-08 05:13:14+00:00
P04240,Diagnosis,2026-03-08 05:23:14+00:00
P04240,Ward Transfer,2026-03-08 05:58:14+00:00
P04240,Treatment,2026-03-08 08:05:14+00:00
P04240,Pharmacy,2026-03-08 08:38:14+00:00
P04240,Billing,2026-03-08 09:05:14+00:00
P04240,Discharge,2026-03-08 09:24:14+00:00
P04247,Patient Arrival,2026-03-26 07:55:15+00:00
P04247,Registration,2026-03-26 08:41:15+00:00
P04247,Waiting,2026-03-26 10:06:15+00:00
P04247,Doctor Consultation,2026-03-26 10:52:15+00:00
P04247,X-Ray,2026-03-26 11:15:15+00:00
P04247,Doctor Consultation,2026-03-26 12:06:15+00:00
P04247,Diagnosis,2026-03-26 12:20:15+00:00
P04247,Treatment,2026-03-26 13:16:15+00:00
P04247,Pharmacy,2026-03-26 13:44:15+00:00
P04247,Billing,2026-03-26 14:38:15+00:00
P04247,Discharge,2026-03-26 15:12:15+00:00
P04248,Patient Arrival,2026-10-26 14:40:46+00:00
P04248,Registration,2026-10-26 15:15:46+00:00
P04248,Waiting,2026-10-26 16:35:46+00:00
P04248,Doctor Consultation,2026-10-26 16:50:46+00:00
P04248,Diagnosis,2026-10-26 17:19:46+00:00
P04248,Ward Transfer,2026-10-26 18:03:46+00:00
P04248,Treatment,2026-10-26 19:05:46+00:00
P04248,Pharmacy,2026-10-26 19:20:46+00:00
P04248,Billing,2026-10-26 19:36:46+00:00
P04248,Discharge,2026-10-26 20:19:46+00:00
P04249,Patient Arrival,2026-06-15 23:17:32+00:00
P04249,Registration,2026-06-16 00:09:32+00:00
P04249,Waiting,2026-06-16 00:55:32+00:00
P04249,Doctor Consultation,2026-06-16 01:46:32+00:00
P04249,Urine Test,2026-06-16 02:03:32+00:00
P04249,Doctor Consultation,2026-06-16 02:42:32+00:00
P04249,Diagnosis,2026-06-16 03:07:32+00:00
P04249,Treatment,2026-06-16 04:27:32+00:00
P04249,Pharmacy,2026-06-16 05:08:32+00:00
P04249,Billing,2026-06-16 05:56:32+00:00
P04249,Discharge,2026-06-16 06:30:32+00:00
P04251,Patient Arrival,2026-02-11 04:52:27+00:00
P04251,Registration,2026-02-11 05:16:27+00:00
P04251,Waiting,2026-02-11 06:53:27+00:00
P04251,Doctor Consultation,2026-02-11 07:42:27+00:00
P04251,Urine Test,2026-02-11 08:30:27+00:00
P04251,Doctor Consultation,2026-02-11 08:45:27+00:00
P04251,Diagnosis,2026-02-11 09:19:27+00:00
P04251,Treatment,2026-02-11 10:41:27+00:00
P04251,Pharmacy,2026-02-11 11:09:27+00:00
P04251,Billing,2026-02-11 11:35:27+00:00
P04251,Discharge,2026-02-11 12:00:27+00:00
P04252,Patient Arrival,2026-12-10 11:58:50+00:00
P04252,Registration,2026-12-10 12:28:50+00:00
P04252,Waiting,2026-12-10 14:05:50+00:00
P04252,Doctor Consultation,2026-12-10 14:41:50+00:00
P04252,X-Ray,2026-12-10 15:13:50+00:00
P04252,Doctor Consultation,2026-12-10 15:31:50+00:00
P04252,Diagnosis,2026-12-10 16:18:50+00:00
P04252,Treatment,2026-12-10 18:11:50+00:00
P04252,Pharmacy,2026-12-10 18:38:50+00:00
P04252,Billing,2026-12-10 18:58:50+00:00
P04252,Discharge,2026-12-10 19:19:50+00:00
P04253,Patient Arrival,2026-07-18 12:58:42+00:00
P04253,Registration,2026-07-18 13:26:42+00:00
P04253,Waiting,2026-07-18 15:08:42+00:00
P04253,Doctor Consultation,2026-07-18 15:27:42+00:00
P04253,Diagnosis,2026-07-18 15:56:42+00:00
P04253,Treatment,2026-07-18 16:44:42+00:00
P04253,Pharmacy,2026-07-18 17:21:42+00:00
P04253,Billing,2026-07-18 17:39:42+00:00
P04253,Discharge,2026-07-18 18:30:42+00:00
P04255,Patient Arrival,2026-07-27 08:49:50+00:00
P04255,Registration,2026-07-27 09:15:50+00:00
P04255,Waiting,2026-07-27 10:27:50+00:00
P04255,Doctor Consultation,2026-07-27 10:44:50+00:00
P04255,Blood Test,2026-07-27 11:06:50+00:00
P04255,Doctor Consultation,2026-07-27 11:43:50+00:00
P04255,Diagnosis,2026-07-27 12:03:50+00:00
P04255,Treatment,2026-07-27 14:01:50+00:00
P04255,Pharmacy,2026-07-27 14:37:50+00:00
P04255,Billing,2026-07-27 15:24:50+00:00
P04255,Discharge,2026-07-27 16:12:50+00:00
P04257,Patient Arrival,2026-11-22 13:13:20+00:00
P04257,Registration,2026-11-22 13:59:20+00:00
P04257,Waiting,2026-11-22 15:10:20+00:00
P04257,Doctor Consultation,2026-11-22 15:41:20+00:00
P04257,Diagnosis,2026-11-22 16:04:20+00:00
P04257,Ward Transfer,2026-11-22 16:42:20+00:00
P04257,Treatment,2026-11-22 18:28:20+00:00
P04257,Pharmacy,2026-11-22 18:58:20+00:00
P04257,Billing,2026-11-22 19:20:20+00:00
P04257,Discharge,2026-11-22 19:39:20+00:00
P04260,Patient Arrival,2026-03-06 16:23:49+00:00
P04260,Registration,2026-03-06 16:38:49+00:00
P04260,Waiting,2026-03-06 17:38:49+00:00
P04260,Doctor Consultation,2026-03-06 18:08:49+00:00
P04260,Urine Test,2026-03-06 18:27:49+00:00
P04260,Doctor Consultation,2026-03-06 18:46:49+00:00
P04260,Diagnosis,2026-03-06 19:21:49+00:00
P04260,Treatment,2026-03-06 20:08:49+00:00
P04260,Pharmacy,2026-03-06 20:55:49+00:00
P04260,Billing,2026-03-06 21:23:49+00:00
P04260,Discharge,2026-03-06 22:05:49+00:00
P04263,Patient Arrival,2026-10-21 04:39:18+00:00
P04263,Patient Arrival,2026-10-21 04:39:18+00:00
P04263,Registration,2026-10-21 05:03:18+00:00
P04263,Waiting,2026-10-21 05:58:18+00:00
P04263,Waiting,2026-10-21 05:58:18+00:00
P04263,Doctor Consultation,2026-10-21 06:26:18+00:00
P04263,ECG,2026-10-21 07:04:18+00:00
P04263,Doctor Consultation,2026-10-21 07:30:18+00:00
P04263,Diagnosis,2026-10-21 07:48:18+00:00
P04263,Treatment,2026-10-21 09:39:18+00:00
P04263,Treatment,2026-10-21 09:39:18+00:00
P04263,Pharmacy,2026-10-21 10:12:18+00:00
P04263,Billing,2026-10-21 10:51:18+00:00
P04263,Discharge,2026-10-21 11:07:18+00:00
P04265,Patient Arrival,2026-01-31 11:48:07+00:00
P04265,Registration,2026-01-31 12:18:07+00:00
P04265,Waiting,2026-01-31 13:42:07+00:00
P04265,Doctor Consultation,2026-01-31 14:10:07+00:00
P04265,X-Ray,2026-01-31 14:30:07+00:00
P04265,Doctor Consultation,2026-01-31 15:02:07+00:00
P04265,Diagnosis,2026-01-31 15:53:07+00:00
P04265,Ward Transfer,2026-01-31 16:10:07+00:00
P04265,Treatment,2026-01-31 17:55:07+00:00
P04265,Pharmacy,2026-01-31 18:36:07+00:00
P04265,Billing,2026-01-31 19:24:07+00:00
P04265,Discharge,2026-01-31 20:14:07+00:00
P04266,Patient Arrival,2026-04-12 02:36:19+00:00
P04266,Registration,2026-04-12 03:05:19+00:00
P04266,Waiting,2026-04-12 04:01:19+00:00
P04266,Doctor Consultation,2026-04-12 04:19:19+00:00
P04266,ECG,2026-04-12 04:38:19+00:00
P04266,Doctor Consultation,2026-04-12 05:20:19+00:00
P04266,Blood Test,2026-04-12 05:53:19+00:00
P04266,Doctor Consultation,2026-04-12 06:20:19+00:00
P04266,Diagnosis,2026-04-12 07:03:19+00:00
P04266,Treatment,2026-04-12 08:25:19+00:00
P04266,Pharmacy,2026-04-12 08:50:19+00:00
P04266,Billing,2026-04-12 09:02:19+00:00
P04266,Discharge,2026-04-12 09:39:19+00:00
P04268,Patient Arrival,2026-09-10 22:45:31+00:00
P04268,Registration,2026-09-10 23:24:31+00:00
P04268,Waiting,2026-09-11 00:52:31+00:00
P04268,Doctor Consultation,2026-09-11 01:32:31+00:00
P04268,Diagnosis,2026-09-11 02:16:31+00:00
P04268,Ward Transfer,2026-09-11 02:41:31+00:00
P04268,Treatment,2026-09-11 03:53:31+00:00
P04268,Pharmacy,2026-09-11 04:13:31+00:00
P04268,Pharmacy,2026-09-11 04:13:31+00:00
P04268,Billing,2026-09-11 04:23:31+00:00
P04268,Discharge,2026-09-11 05:12:31+00:00
P04270,Patient Arrival,2026-10-09 22:46:31+00:00
P04270,Registration,2026-10-09 23:29:31+00:00
P04270,Waiting,2026-10-10 01:01:31+00:00
P04270,Waiting,2026-10-10 01:01:31+00:00
P04270,Doctor Consultation,2026-10-10 01:31:31+00:00
P04270,Urine Test,2026-10-10 01:59:31+00:00
P04270,Doctor Consultation,2026-10-10 02:42:31+00:00
P04270,Diagnosis,2026-10-10 03:03:31+00:00
P04270,Ward Transfer,2026-10-10 03:28:31+00:00
P04270,Treatment,2026-10-10 05:00:31+00:00
P04270,Pharmacy,2026-10-10 05:25:31+00:00
P04270,Billing,2026-10-10 05:40:31+00:00
P04270,Discharge,2026-10-10 06:14:31+00:00
P04272,Patient Arrival,2026-01-29 16:50:19+00:00
P04272,Registration,2026-01-29 17:23:19+00:00
P04272,Waiting,2026-01-29 17:53:19+00:00
P04272,Doctor Consultation,2026-01-29 18:06:19+00:00
P04272,X-Ray,2026-01-29 18:30:19+00:00
P04272,Doctor Consultation,2026-01-29 18:58:19+00:00
P04272,Diagnosis,2026-01-29 19:35:19+00:00
P04272,Ward Transfer,2026-01-29 20:19:19+00:00
P04272,Treatment,2026-01-29 21:45:19+00:00
P04272,Treatment,2026-01-29 21:45:19+00:00
P04272,Pharmacy,2026-01-29 22:08:19+00:00
P04272,Billing,2026-01-29 22:33:19+00:00
P04272,Discharge,2026-01-29 22:53:19+00:00
P04273,Patient Arrival,2026-09-06 03:46:03+00:00
P04273,Registration,2026-09-06 04:22:03+00:00
P04273,Waiting,2026-09-06 05:36:03+00:00
P04273,Doctor Consultation,2026-09-06 06:08:03+00:00
P04273,Urine Test,2026-09-06 06:44:03+00:00
P04273,Doctor Consultation,2026-09-06 07:34:03+00:00
P04273,Diagnosis,2026-09-06 07:57:03+00:00
P04273,Treatment,2026-09-06 09:32:03+00:00
P04273,Pharmacy,2026-09-06 10:16:03+00:00
P04273,Billing,2026-09-06 10:31:03+00:00
P04273,Discharge,2026-09-06 11:11:03+00:00
P04287,Patient Arrival,2026-10-04 03:06:48+00:00
P04287,Registration,2026-10-04 03:25:48+00:00
P04287,Waiting,2026-10-04 04:28:48+00:00
P04287,Doctor Consultation,2026-10-04 04:38:48+00:00
P04287,Diagnosis,2026-10-04 04:57:48+00:00
P04287,Treatment,2026-10-04 06:41:48+00:00
P04287,Treatment,2026-10-04 06:41:48+00:00
P04287,Pharmacy,2026-10-04 07:09:48+00:00
P04287,Pharmacy,2026-10-04 07:09:48+00:00
P04287,Billing,2026-10-04 07:21:48+00:00
P04287,Discharge,2026-10-04 07:48:48+00:00
P04288,Patient Arrival,2026-03-02 18:23:35+00:00
P04288,Registration,2026-03-02 19:11:35+00:00
P04288,Waiting,2026-03-02 20:44:35+00:00
P04288,Doctor Consultation,2026-03-02 21:05:35+00:00
P04288,Diagnosis,2026-03-02 21:26:35+00:00
P04288,Treatment,2026-03-02 22:49:35+00:00
P04288,Pharmacy,2026-03-02 23:39:35+00:00
P04288,Billing,2026-03-03 00:04:35+00:00
P04288,Discharge,2026-03-03 00:53:35+00:00
P04288,Discharge,2026-03-03 00:53:35+00:00
P04292,Patient Arrival,2026-04-18 12:05:43+00:00
P04292,Registration,2026-04-18 12:19:43+00:00
P04292,Waiting,2026-04-18 13:04:43+00:00
P04292,Doctor Consultation,2026-04-18 13:33:43+00:00
P04292,Diagnosis,2026-04-18 13:55:43+00:00
P04292,Treatment,2026-04-18 15:02:43+00:00
P04292,Pharmacy,2026-04-18 15:47:43+00:00
P04292,Billing,2026-04-18 16:29:43+00:00
P04292,Discharge,2026-04-18 17:01:43+00:00
P04295,Patient Arrival,2026-09-01 05:58:33+00:00
P04295,Registration,2026-09-01 06:36:33+00:00
P04295,Waiting,2026-09-01 07:27:33+00:00
P04295,Doctor Consultation,2026-09-01 07:58:33+00:00
P04295,Blood Test,2026-09-01 08:33:33+00:00
P04295,Doctor Consultation,2026-09-01 09:02:33+00:00
P04295,Diagnosis,2026-09-01 09:34:33+00:00
P04295,Treatment,2026-09-01 11:18:33+00:00
P04295,Pharmacy,2026-09-01 11:47:33+00:00
P04295,Billing,2026-09-01 12:11:33+00:00
P04295,Discharge,2026-09-01 12:35:33+00:00
P04300,Patient Arrival,2026-09-25 07:17:53+00:00
P04300,Registration,2026-09-25 07:56:53+00:00
P04300,Waiting,2026-09-25 09:05:53+00:00
P04300,Doctor Consultation,2026-09-25 09:36:53+00:00
P04300,Diagnosis,2026-09-25 10:02:53+00:00
P04300,Diagnosis,2026-09-25 10:02:53+00:00
P04300,Treatment,2026-09-25 11:46:53+00:00
P04300,Pharmacy,2026-09-25 12:23:53+00:00
P04300,Billing,2026-09-25 13:01:53+00:00
P04300,Discharge,2026-09-25 13:36:53+00:00
P04303,Patient Arrival,2026-04-15 16:22:35+00:00
P04303,Registration,2026-04-15 16:44:35+00:00
P04303,Waiting,2026-04-15 17:55:35+00:00
P04303,Doctor Consultation,2026-04-15 18:29:35+00:00
P04303,ECG,2026-04-15 19:21:35+00:00
P04303,Doctor Consultation,2026-04-15 19:56:35+00:00
P04303,Diagnosis,2026-04-15 20:22:35+00:00
P04303,Diagnosis,2026-04-15 20:22:35+00:00
P04303,Treatment,2026-04-15 22:36:35+00:00
P04303,Pharmacy,2026-04-15 23:02:35+00:00
P04303,Billing,2026-04-15 23:46:35+00:00
P04303,Discharge,2026-04-16 00:01:35+00:00
P04304,Patient Arrival,2026-11-11 12:41:02+00:00
P04304,Registration,2026-11-11 13:13:02+00:00
P04304,Registration,2026-11-11 13:13:02+00:00
P04304,Waiting,2026-11-11 14:40:02+00:00
P04304,Doctor Consultation,2026-11-11 15:18:02+00:00
P04304,X-Ray,2026-11-11 15:44:02+00:00
P04304,Doctor Consultation,2026-11-11 16:11:02+00:00
P04304,Diagnosis,2026-11-11 17:04:02+00:00
P04304,Treatment,2026-11-11 18:56:02+00:00
P04304,Pharmacy,2026-11-11 19:26:02+00:00
P04304,Billing,2026-11-11 19:56:02+00:00
P04304,Discharge,2026-11-11 20:27:02+00:00
P04307,Patient Arrival,2026-02-24 06:18:45+00:00
P04307,Registration,2026-02-24 07:06:45+00:00
P04307,Waiting,2026-02-24 08:37:45+00:00
P04307,Doctor Consultation,2026-02-24 08:54:45+00:00
P04307,Blood Test,2026-02-24 09:17:45+00:00
P04307,Doctor Consultation,2026-02-24 09:48:45+00:00
P04307,Doctor Consultation,2026-02-24 09:48:45+00:00
P04307,Diagnosis,2026-02-24 10:21:45+00:00
P04307,Treatment,2026-02-24 12:20:45+00:00
P04307,Pharmacy,2026-02-24 12:47:45+00:00
P04307,Billing,2026-02-24 13:08:45+00:00
P04307,Discharge,2026-02-24 13:55:45+00:00
P04310,Patient Arrival,2026-06-29 19:42:20+00:00
P04310,Registration,2026-06-29 20:03:20+00:00
P04310,Waiting,2026-06-29 21:37:20+00:00
P04310,Doctor Consultation,2026-06-29 21:53:20+00:00
P04310,Diagnosis,2026-06-29 22:13:20+00:00
P04310,Treatment,2026-06-29 23:14:20+00:00
P04310,Treatment,2026-06-29 23:14:20+00:00
P04310,Pharmacy,2026-06-29 23:53:20+00:00
P04310,Billing,2026-06-30 00:01:20+00:00
P04310,Discharge,2026-06-30 00:38:20+00:00
P04311,Patient Arrival,2026-12-29 02:14:18+00:00
P04311,Registration,2026-12-29 03:01:18+00:00
P04311,Waiting,2026-12-29 04:33:18+00:00
P04311,Doctor Consultation,2026-12-29 04:49:18+00:00
P04311,Diagnosis,2026-12-29 05:05:18+00:00
P04311,Treatment,2026-12-29 06:26:18+00:00
P04311,Pharmacy,2026-12-29 06:59:18+00:00
P04311,Billing,2026-12-29 07:22:18+00:00
P04311,Discharge,2026-12-29 08:09:18+00:00
P04312,Patient Arrival,2026-07-05 02:17:41+00:00
P04312,Registration,2026-07-05 02:50:41+00:00
P04312,Waiting,2026-07-05 04:29:41+00:00
P04312,Doctor Consultation,2026-07-05 04:53:41+00:00
P04312,Diagnosis,2026-07-05 05:40:41+00:00
P04312,Treatment,2026-07-05 07:30:41+00:00
P04312,Pharmacy,2026-07-05 08:15:41+00:00
P04312,Billing,2026-07-05 08:48:41+00:00
P04312,Discharge,2026-07-05 09:25:41+00:00
P04315,Patient Arrival,2026-07-14 02:39:05+00:00
P04315,Registration,2026-07-14 03:05:05+00:00
P04315,Waiting,2026-07-14 04:38:05+00:00
P04315,Doctor Consultation,2026-07-14 04:53:05+00:00
P04315,Diagnosis,2026-07-14 05:23:05+00:00
P04315,Ward Transfer,2026-07-14 05:35:05+00:00
P04315,Treatment,2026-07-14 07:21:05+00:00
P04315,Treatment,2026-07-14 07:21:05+00:00
P04315,Pharmacy,2026-07-14 07:45:05+00:00
P04315,Billing,2026-07-14 08:01:05+00:00
P04315,Discharge,2026-07-14 08:34:05+00:00
P04317,Patient Arrival,2026-02-10 11:46:32+00:00
P04317,Registration,2026-02-10 12:08:32+00:00
P04317,Waiting,2026-02-10 13:41:32+00:00
P04317,Doctor Consultation,2026-02-10 13:50:32+00:00
P04317,Diagnosis,2026-02-10 14:15:32+00:00
P04317,Ward Transfer,2026-02-10 14:30:32+00:00
P04317,Treatment,2026-02-10 16:42:32+00:00
P04317,Pharmacy,2026-02-10 17:23:32+00:00
P04317,Billing,2026-02-10 17:49:32+00:00
P04317,Discharge,2026-02-10 18:17:32+00:00
P04319,Patient Arrival,2026-01-07 05:07:25+00:00
P04319,Registration,2026-01-07 05:44:25+00:00
P04319,Waiting,2026-01-07 06:34:25+00:00
P04319,Doctor Consultation,2026-01-07 07:11:25+00:00
P04319,Diagnosis,2026-01-07 07:40:25+00:00
P04319,Ward Transfer,2026-01-07 08:22:25+00:00
P04319,Treatment,2026-01-07 09:46:25+00:00
P04319,Pharmacy,2026-01-07 10:32:25+00:00
P04319,Billing,2026-01-07 11:02:25+00:00
P04319,Discharge,2026-01-07 11:11:25+00:00
P04321,Patient Arrival,2026-05-02 01:37:46+00:00
P04321,Registration,2026-05-02 02:07:46+00:00
P04321,Waiting,2026-05-02 03:17:46+00:00
P04321,Doctor Consultation,2026-05-02 03:50:46+00:00
P04321,Blood Test,2026-05-02 04:12:46+00:00
P04321,Doctor Consultation,2026-05-02 04:54:46+00:00
P04321,Diagnosis,2026-05-02 05:13:46+00:00
P04321,Treatment,2026-05-02 05:58:46+00:00
P04321,Pharmacy,2026-05-02 06:06:46+00:00
P04321,Billing,2026-05-02 06:44:46+00:00
P04321,Discharge,2026-05-02 07:18:46+00:00
P04322,Patient Arrival,2026-04-25 07:23:06+00:00
P04322,Registration,2026-04-25 08:09:06+00:00
P04322,Waiting,2026-04-25 09:04:06+00:00
P04322,Doctor Consultation,2026-04-25 09:23:06+00:00
P04322,ECG,2026-04-25 09:51:06+00:00
P04322,Doctor Consultation,2026-04-25 10:17:06+00:00
P04322,Diagnosis,2026-04-25 10:56:06+00:00
P04322,Ward Transfer,2026-04-25 11:33:06+00:00
P04322,Treatment,2026-04-25 12:27:06+00:00
P04322,Pharmacy,2026-04-25 12:40:06+00:00
P04322,Billing,2026-04-25 13:16:06+00:00
P04322,Discharge,2026-04-25 13:42:06+00:00
P04325,Patient Arrival,2026-11-07 15:05:48+00:00
P04325,Registration,2026-11-07 15:40:48+00:00
P04325,Waiting,2026-11-07 17:26:48+00:00
P04325,Doctor Consultation,2026-11-07 17:42:48+00:00
P04325,Diagnosis,2026-11-07 18:13:48+00:00
P04325,Ward Transfer,2026-11-07 18:52:48+00:00
P04325,Treatment,2026-11-07 20:32:48+00:00
P04325,Pharmacy,2026-11-07 21:07:48+00:00
P04325,Billing,2026-11-07 21:41:48+00:00
P04325,Discharge,2026-11-07 22:06:48+00:00
P04326,Patient Arrival,2026-04-24 03:40:42+00:00
P04326,Registration,2026-04-24 04:19:42+00:00
P04326,Waiting,2026-04-24 05:40:42+00:00
P04326,Waiting,2026-04-24 05:40:42+00:00
P04326,Doctor Consultation,2026-04-24 06:09:42+00:00
P04326,Diagnosis,2026-04-24 06:34:42+00:00
P04326,Treatment,2026-04-24 07:26:42+00:00
P04326,Pharmacy,2026-04-24 07:35:42+00:00
P04326,Billing,2026-04-24 08:05:42+00:00
P04326,Discharge,2026-04-24 08:36:42+00:00
P04327,Patient Arrival,2026-11-28 06:27:56+00:00
P04327,Registration,2026-11-28 06:54:56+00:00
P04327,Waiting,2026-11-28 08:36:56+00:00
P04327,Doctor Consultation,2026-11-28 08:52:56+00:00
P04327,Diagnosis,2026-11-28 09:03:56+00:00
P04327,Treatment,2026-11-28 10:56:56+00:00
P04327,Pharmacy,2026-11-28 11:19:56+00:00
P04327,Billing,2026-11-28 11:44:56+00:00
P04327,Discharge,2026-11-28 12:22:56+00:00
P04329,Patient Arrival,2026-08-28 19:29:40+00:00
P04329,Registration,2026-08-28 19:40:40+00:00
P04329,Waiting,2026-08-28 20:45:40+00:00
P04329,Doctor Consultation,2026-08-28 21:20:40+00:00
P04329,X-Ray,2026-08-28 21:45:40+00:00
P04329,Doctor Consultation,2026-08-28 22:21:40+00:00
P04329,Diagnosis,2026-08-28 23:12:40+00:00
P04329,Treatment,2026-08-29 01:04:40+00:00
P04329,Pharmacy,2026-08-29 01:28:40+00:00
P04329,Billing,2026-08-29 01:54:40+00:00
P04329,Discharge,2026-08-29 02:16:40+00:00
P04330,Patient Arrival,2026-08-06 22:49:03+00:00
P04330,Registration,2026-08-06 22:58:03+00:00
P04330,Waiting,2026-08-07 00:40:03+00:00
P04330,Doctor Consultation,2026-08-07 01:12:03+00:00
P04330,Blood Test,2026-08-07 02:00:03+00:00
P04330,Blood Test,2026-08-07 02:00:03+00:00
P04330,Doctor Consultation,2026-08-07 02:42:03+00:00
P04330,Diagnosis,2026-08-07 02:56:03+00:00
P04330,Treatment,2026-08-07 05:03:03+00:00
P04330,Pharmacy,2026-08-07 05:23:03+00:00
P04330,Billing,2026-08-07 05:51:03+00:00
P04330,Discharge,2026-08-07 06:07:03+00:00
P04331,Patient Arrival,2026-10-15 16:00:44+00:00
P04331,Registration,2026-10-15 16:20:44+00:00
P04331,Waiting,2026-10-15 17:54:44+00:00
P04331,Doctor Consultation,2026-10-15 18:13:44+00:00
P04331,Diagnosis,2026-10-15 18:35:44+00:00
P04331,Treatment,2026-10-15 19:11:44+00:00
P04331,Pharmacy,2026-10-15 19:33:44+00:00
P04331,Billing,2026-10-15 20:01:44+00:00
P04331,Discharge,2026-10-15 20:44:44+00:00
P04333,Patient Arrival,2026-10-09 03:22:56+00:00
P04333,Registration,2026-10-09 04:04:56+00:00
P04333,Waiting,2026-10-09 04:36:56+00:00
P04333,Doctor Consultation,2026-10-09 05:30:56+00:00
P04333,Blood Test,2026-10-09 05:50:56+00:00
P04333,Doctor Consultation,2026-10-09 06:20:56+00:00
P04333,Diagnosis,2026-10-09 06:30:56+00:00
P04333,Treatment,2026-10-09 07:42:56+00:00
P04333,Pharmacy,2026-10-09 08:00:56+00:00
P04333,Billing,2026-10-09 08:20:56+00:00
P04333,Discharge,2026-10-09 08:45:56+00:00
P04335,Patient Arrival,2026-07-22 19:27:34+00:00
P04335,Registration,2026-07-22 20:15:34+00:00
P04335,Waiting,2026-07-22 21:13:34+00:00
P04335,Doctor Consultation,2026-07-22 21:49:34+00:00
P04335,Blood Test,2026-07-22 22:06:34+00:00
P04335,Doctor Consultation,2026-07-22 22:44:34+00:00
P04335,Diagnosis,2026-07-22 23:22:34+00:00
P04335,Treatment,2026-07-23 01:08:34+00:00
P04335,Pharmacy,2026-07-23 01:42:34+00:00
P04335,Billing,2026-07-23 02:23:34+00:00
P04335,Discharge,2026-07-23 02:56:34+00:00
P04336,Patient Arrival,2026-01-17 07:15:14+00:00
P04336,Registration,2026-01-17 07:46:14+00:00
P04336,Waiting,2026-01-17 08:49:14+00:00
P04336,Waiting,2026-01-17 08:49:14+00:00
P04336,Doctor Consultation,2026-01-17 09:19:14+00:00
P04336,Diagnosis,2026-01-17 09:55:14+00:00
P04336,Treatment,2026-01-17 11:46:14+00:00
P04336,Pharmacy,2026-01-17 12:27:14+00:00
P04336,Billing,2026-01-17 12:52:14+00:00
P04336,Discharge,2026-01-17 13:29:14+00:00
P04340,Patient Arrival,2026-10-09 05:17:03+00:00
P04340,Registration,2026-10-09 05:46:03+00:00
P04340,Waiting,2026-10-09 07:03:03+00:00
P04340,Doctor Consultation,2026-10-09 07:51:03+00:00
P04340,X-Ray,2026-10-09 08:10:03+00:00
P04340,Doctor Consultation,2026-10-09 08:45:03+00:00
P04340,Diagnosis,2026-10-09 09:21:03+00:00
P04340,Treatment,2026-10-09 11:15:03+00:00
P04340,Pharmacy,2026-10-09 11:59:03+00:00
P04340,Billing,2026-10-09 12:40:03+00:00
P04340,Discharge,2026-10-09 13:12:03+00:00
P04344,Patient Arrival,2026-02-22 21:28:57+00:00
P04344,Registration,2026-02-22 21:55:57+00:00
P04344,Waiting,2026-02-22 23:23:57+00:00
P04344,Doctor Consultation,2026-02-22 23:59:57+00:00
P04344,Diagnosis,2026-02-23 00:35:57+00:00
P04344,Treatment,2026-02-23 01:40:57+00:00
P04344,Pharmacy,2026-02-23 02:03:57+00:00
P04344,Billing,2026-02-23 02:49:57+00:00
P04344,Discharge,2026-02-23 03:06:57+00:00
P04345,Patient Arrival,2026-09-12 15:55:48+00:00
P04345,Registration,2026-09-12 16:17:48+00:00
P04345,Waiting,2026-09-12 18:04:48+00:00
P04345,Waiting,2026-09-12 18:04:48+00:00
P04345,Doctor Consultation,2026-09-12 18:46:48+00:00
P04345,Blood Test,2026-09-12 19:11:48+00:00
P04345,Doctor Consultation,2026-09-12 19:39:48+00:00
P04345,Diagnosis,2026-09-12 20:08:48+00:00
P04345,Ward Transfer,2026-09-12 20:29:48+00:00
P04345,Treatment,2026-09-12 22:10:48+00:00
P04345,Pharmacy,2026-09-12 22:36:48+00:00
P04345,Billing,2026-09-12 23:29:48+00:00
P04345,Discharge,2026-09-13 00:03:48+00:00
P04350,Patient Arrival,2026-03-22 10:43:38+00:00
P04350,Registration,2026-03-22 11:12:38+00:00
P04350,Waiting,2026-03-22 12:03:38+00:00
P04350,Doctor Consultation,2026-03-22 12:32:38+00:00
P04350,Diagnosis,2026-03-22 12:58:38+00:00
P04350,Treatment,2026-03-22 14:50:38+00:00
P04350,Pharmacy,2026-03-22 15:21:38+00:00
P04350,Billing,2026-03-22 16:06:38+00:00
P04350,Discharge,2026-03-22 16:53:38+00:00
P04353,Patient Arrival,2026-04-27 06:54:29+00:00
P04353,Registration,2026-04-27 07:17:29+00:00
P04353,Waiting,2026-04-27 08:29:29+00:00
P04353,Doctor Consultation,2026-04-27 09:00:29+00:00
P04353,Blood Test,2026-04-27 09:21:29+00:00
P04353,Doctor Consultation,2026-04-27 09:43:29+00:00
P04353,Diagnosis,2026-04-27 09:51:29+00:00
P04353,Treatment,2026-04-27 11:25:29+00:00
P04353,Pharmacy,2026-04-27 12:11:29+00:00
P04353,Billing,2026-04-27 12:56:29+00:00
P04353,Discharge,2026-04-27 13:07:29+00:00
P04355,Patient Arrival,2026-07-15 08:30:17+00:00
P04355,Registration,2026-07-15 08:53:17+00:00
P04355,Waiting,2026-07-15 09:42:17+00:00
P04355,Doctor Consultation,2026-07-15 10:16:17+00:00
P04355,Diagnosis,2026-07-15 10:53:17+00:00
P04355,Treatment,2026-07-15 12:58:17+00:00
P04355,Pharmacy,2026-07-15 13:27:17+00:00
P04355,Billing,2026-07-15 13:52:17+00:00
P04355,Discharge,2026-07-15 14:10:17+00:00
P04358,Patient Arrival,2026-12-16 23:56:17+00:00
P04358,Registration,2026-12-17 00:16:17+00:00
P04358,Waiting,2026-12-17 01:37:17+00:00
P04358,Doctor Consultation,2026-12-17 02:10:17+00:00
P04358,Diagnosis,2026-12-17 02:46:17+00:00
P04358,Treatment,2026-12-17 03:58:17+00:00
P04358,Pharmacy,2026-12-17 04:36:17+00:00
P04358,Billing,2026-12-17 05:24:17+00:00
P04358,Discharge,2026-12-17 06:05:17+00:00
P04361,Patient Arrival,2026-12-25 06:31:06+00:00
P04361,Registration,2026-12-25 06:57:06+00:00
P04361,Waiting,2026-12-25 07:37:06+00:00
P04361,Doctor Consultation,2026-12-25 08:13:06+00:00
P04361,Blood Test,2026-12-25 08:41:06+00:00
P04361,Doctor Consultation,2026-12-25 08:55:06+00:00
P04361,Diagnosis,2026-12-25 09:18:06+00:00
P04361,Ward Transfer,2026-12-25 09:35:06+00:00
P04361,Treatment,2026-12-25 10:52:06+00:00
P04361,Pharmacy,2026-12-25 11:19:06+00:00
P04361,Billing,2026-12-25 11:50:06+00:00
P04361,Discharge,2026-12-25 12:37:06+00:00
P04364,Patient Arrival,2026-08-15 11:42:22+00:00
P04364,Registration,2026-08-15 12:33:22+00:00
P04364,Waiting,2026-08-15 14:04:22+00:00
P04364,Doctor Consultation,2026-08-15 14:30:22+00:00
P04364,Diagnosis,2026-08-15 14:58:22+00:00
P04364,Treatment,2026-08-15 16:29:22+00:00
P04364,Pharmacy,2026-08-15 16:39:22+00:00
P04364,Billing,2026-08-15 17:04:22+00:00
P04364,Discharge,2026-08-15 17:26:22+00:00
P04366,Patient Arrival,2026-08-17 07:45:07+00:00
P04366,Registration,2026-08-17 08:18:07+00:00
P04366,Waiting,2026-08-17 09:07:07+00:00
P04366,Doctor Consultation,2026-08-17 09:22:07+00:00
P04366,Urine Test,2026-08-17 09:30:07+00:00
P04366,Doctor Consultation,2026-08-17 10:13:07+00:00
P04366,Diagnosis,2026-08-17 10:42:07+00:00
P04366,Ward Transfer,2026-08-17 11:11:07+00:00
P04366,Treatment,2026-08-17 12:06:07+00:00
P04366,Pharmacy,2026-08-17 12:26:07+00:00
P04366,Billing,2026-08-17 13:12:07+00:00
P04366,Discharge,2026-08-17 13:49:07+00:00
P04368,Patient Arrival,2026-10-15 09:11:05+00:00
P04368,Registration,2026-10-15 09:56:05+00:00
P04368,Waiting,2026-10-15 10:32:05+00:00
P04368,Doctor Consultation,2026-10-15 10:58:05+00:00
P04368,Urine Test,2026-10-15 11:39:05+00:00
P04368,Doctor Consultation,2026-10-15 12:01:05+00:00
P04368,Diagnosis,2026-10-15 12:41:05+00:00
P04368,Treatment,2026-10-15 13:41:05+00:00
P04368,Pharmacy,2026-10-15 14:02:05+00:00
P04368,Billing,2026-10-15 14:32:05+00:00
P04368,Discharge,2026-10-15 15:06:05+00:00
P04370,Patient Arrival,2026-01-24 01:13:28+00:00
P04370,Registration,2026-01-24 01:37:28+00:00
P04370,Waiting,2026-01-24 03:00:28+00:00
P04370,Doctor Consultation,2026-01-24 03:34:28+00:00
P04370,ECG,2026-01-24 04:19:28+00:00
P04370,Doctor Consultation,2026-01-24 04:48:28+00:00
P04370,Diagnosis,2026-01-24 05:39:28+00:00
P04370,Treatment,2026-01-24 06:46:28+00:00
P04370,Pharmacy,2026-01-24 07:10:28+00:00
P04370,Billing,2026-01-24 07:46:28+00:00
P04370,Discharge,2026-01-24 07:58:28+00:00
P04372,Patient Arrival,2026-06-07 18:38:23+00:00
P04372,Registration,2026-06-07 19:12:23+00:00
P04372,Waiting,2026-06-07 20:55:23+00:00
P04372,Doctor Consultation,2026-06-07 21:43:23+00:00
P04372,Diagnosis,2026-06-07 22:02:23+00:00
P04372,Ward Transfer,2026-06-07 22:34:23+00:00
P04372,Treatment,2026-06-08 00:29:23+00:00
P04372,Pharmacy,2026-06-08 01:04:23+00:00
P04372,Billing,2026-06-08 01:26:23+00:00
P04372,Discharge,2026-06-08 01:53:23+00:00
P04373,Patient Arrival,2026-11-17 22:29:27+00:00
P04373,Registration,2026-11-17 23:14:27+00:00
P04373,Waiting,2026-11-18 00:22:27+00:00
P04373,Doctor Consultation,2026-11-18 01:00:27+00:00
P04373,Blood Test,2026-11-18 01:36:27+00:00
P04373,Doctor Consultation,2026-11-18 02:07:27+00:00
P04373,Diagnosis,2026-11-18 02:54:27+00:00
P04373,Treatment,2026-11-18 04:58:27+00:00
P04373,Pharmacy,2026-11-18 05:43:27+00:00
P04373,Billing,2026-11-18 06:35:27+00:00
P04373,Discharge,2026-11-18 07:11:27+00:00
P04374,Patient Arrival,2026-03-30 04:51:37+00:00
P04374,Registration,2026-03-30 05:03:37+00:00
P04374,Waiting,2026-03-30 05:54:37+00:00
P04374,Doctor Consultation,2026-03-30 06:30:37+00:00
P04374,Diagnosis,2026-03-30 06:58:37+00:00
P04374,Ward Transfer,2026-03-30 07:15:37+00:00
P04374,Treatment,2026-03-30 08:30:37+00:00
P04374,Pharmacy,2026-03-30 08:45:37+00:00
P04374,Billing,2026-03-30 09:14:37+00:00
P04374,Discharge,2026-03-30 09:46:37+00:00
P04376,Patient Arrival,2026-07-22 15:22:19+00:00
P04376,Registration,2026-07-22 15:45:19+00:00
P04376,Waiting,2026-07-22 16:33:19+00:00
P04376,Doctor Consultation,2026-07-22 16:57:19+00:00
P04376,Urine Test,2026-07-22 17:20:19+00:00
P04376,Doctor Consultation,2026-07-22 18:05:19+00:00
P04376,Diagnosis,2026-07-22 18:29:19+00:00
P04376,Ward Transfer,2026-07-22 19:12:19+00:00
P04376,Treatment,2026-07-22 20:36:19+00:00
P04376,Pharmacy,2026-07-22 20:55:19+00:00
P04376,Billing,2026-07-22 21:20:19+00:00
P04376,Discharge,2026-07-22 21:48:19+00:00
P04379,Patient Arrival,2026-02-01 18:06:11+00:00
P04379,Registration,2026-02-01 18:52:11+00:00
P04379,Waiting,2026-02-01 20:10:11+00:00
P04379,Doctor Consultation,2026-02-01 20:50:11+00:00
P04379,ECG,2026-02-01 21:08:11+00:00
P04379,Doctor Consultation,2026-02-01 21:49:11+00:00
P04379,Diagnosis,2026-02-01 22:09:11+00:00
P04379,Ward Transfer,2026-02-01 22:33:11+00:00
P04379,Treatment,2026-02-02 00:25:11+00:00
P04379,Pharmacy,2026-02-02 01:01:11+00:00
P04379,Billing,2026-02-02 01:30:11+00:00
P04379,Discharge,2026-02-02 02:06:11+00:00
P04382,Patient Arrival,2026-01-31 21:06:27+00:00
P04382,Registration,2026-01-31 21:27:27+00:00
P04382,Waiting,2026-01-31 22:15:27+00:00
P04382,Doctor Consultation,2026-01-31 22:43:27+00:00
P04382,Diagnosis,2026-01-31 22:58:27+00:00
P04382,Treatment,2026-02-01 00:31:27+00:00
P04382,Pharmacy,2026-02-01 01:03:27+00:00
P04382,Billing,2026-02-01 01:33:27+00:00
P04382,Discharge,2026-02-01 01:55:27+00:00
P04390,Patient Arrival,2026-08-22 03:08:00+00:00
P04390,Registration,2026-08-22 03:16:00+00:00
P04390,Waiting,2026-08-22 04:47:00+00:00
P04390,Doctor Consultation,2026-08-22 05:24:00+00:00
P04390,Urine Test,2026-08-22 06:00:00+00:00
P04390,Doctor Consultation,2026-08-22 06:44:00+00:00
P04390,Diagnosis,2026-08-22 07:30:00+00:00
P04390,Treatment,2026-08-22 08:42:00+00:00
P04390,Pharmacy,2026-08-22 09:23:00+00:00
P04390,Billing,2026-08-22 09:53:00+00:00
P04390,Discharge,2026-08-22 10:18:00+00:00
P04392,Patient Arrival,2026-05-18 01:36:56+00:00
P04392,Registration,2026-05-18 01:57:56+00:00
P04392,Waiting,2026-05-18 03:15:56+00:00
P04392,Doctor Consultation,2026-05-18 03:55:56+00:00
P04392,Urine Test,2026-05-18 04:45:56+00:00
P04392,Doctor Consultation,2026-05-18 05:21:56+00:00
P04392,Urine Test,2026-05-18 05:56:56+00:00
P04392,Doctor Consultation,2026-05-18 06:32:56+00:00
P04392,Diagnosis,2026-05-18 07:15:56+00:00
P04392,Treatment,2026-05-18 08:51:56+00:00
P04392,Pharmacy,2026-05-18 09:12:56+00:00
P04392,Billing,2026-05-18 09:37:56+00:00
P04392,Discharge,2026-05-18 10:20:56+00:00
P04394,Patient Arrival,2026-08-07 13:33:39+00:00
P04394,Registration,2026-08-07 14:05:39+00:00
P04394,Waiting,2026-08-07 14:52:39+00:00
P04394,Doctor Consultation,2026-08-07 15:25:39+00:00
P04394,ECG,2026-08-07 15:50:39+00:00
P04394,Doctor Consultation,2026-08-07 16:06:39+00:00
P04394,Diagnosis,2026-08-07 16:20:39+00:00
P04394,Treatment,2026-08-07 17:31:39+00:00
P04394,Pharmacy,2026-08-07 17:53:39+00:00
P04394,Billing,2026-08-07 18:24:39+00:00
P04394,Discharge,2026-08-07 18:49:39+00:00
P04395,Patient Arrival,2026-05-05 13:40:24+00:00
P04395,Registration,2026-05-05 13:56:24+00:00
P04395,Waiting,2026-05-05 14:35:24+00:00
P04395,Doctor Consultation,2026-05-05 14:57:24+00:00
P04395,Diagnosis,2026-05-05 15:32:24+00:00
P04395,Ward Transfer,2026-05-05 15:51:24+00:00
P04395,Treatment,2026-05-05 17:19:24+00:00
P04395,Pharmacy,2026-05-05 18:01:24+00:00
P04395,Billing,2026-05-05 18:40:24+00:00
P04395,Discharge,2026-05-05 19:32:24+00:00
P04396,Patient Arrival,2026-06-20 00:39:37+00:00
P04396,Registration,2026-06-20 00:53:37+00:00
P04396,Waiting,2026-06-20 02:16:37+00:00
P04396,Doctor Consultation,2026-06-20 02:45:37+00:00
P04396,ECG,2026-06-20 03:16:37+00:00
P04396,Doctor Consultation,2026-06-20 04:01:37+00:00
P04396,Diagnosis,2026-06-20 04:39:37+00:00
P04396,Treatment,2026-06-20 05:37:37+00:00
P04396,Pharmacy,2026-06-20 06:14:37+00:00
P04396,Billing,2026-06-20 06:44:37+00:00
P04396,Discharge,2026-06-20 07:02:37+00:00
P04399,Patient Arrival,2026-08-14 06:30:15+00:00
P04399,Registration,2026-08-14 07:06:15+00:00
P04399,Waiting,2026-08-14 07:34:15+00:00
P04399,Doctor Consultation,2026-08-14 08:10:15+00:00
P04399,ECG,2026-08-14 08:38:15+00:00
P04399,Doctor Consultation,2026-08-14 09:10:15+00:00
P04399,Diagnosis,2026-08-14 09:45:15+00:00
P04399,Treatment,2026-08-14 11:48:15+00:00
P04399,Pharmacy,2026-08-14 12:28:15+00:00
P04399,Billing,2026-08-14 12:55:15+00:00
P04399,Discharge,2026-08-14 13:28:15+00:00
P04400,Patient Arrival,2026-09-19 02:18:47+00:00
P04400,Patient Arrival,2026-09-19 02:18:47+00:00
P04400,Registration,2026-09-19 03:01:47+00:00
P04400,Waiting,2026-09-19 04:48:47+00:00
P04400,Doctor Consultation,2026-09-19 05:10:47+00:00
P04400,Urine Test,2026-09-19 05:25:47+00:00
P04400,Doctor Consultation,2026-09-19 06:09:47+00:00
P04400,Urine Test,2026-09-19 06:26:47+00:00
P04400,Doctor Consultation,2026-09-19 07:02:47+00:00
P04400,Diagnosis,2026-09-19 07:20:47+00:00
P04400,Treatment,2026-09-19 08:21:47+00:00
P04400,Pharmacy,2026-09-19 08:35:47+00:00
P04400,Billing,2026-09-19 09:24:47+00:00
P04400,Discharge,2026-09-19 10:00:47+00:00
P04402,Patient Arrival,2026-01-05 18:59:00+00:00
P04402,Registration,2026-01-05 19:32:00+00:00
P04402,Waiting,2026-01-05 21:03:00+00:00
P04402,Doctor Consultation,2026-01-05 21:19:00+00:00
P04402,X-Ray,2026-01-05 21:31:00+00:00
P04402,Doctor Consultation,2026-01-05 22:03:00+00:00
P04402,Diagnosis,2026-01-05 22:28:00+00:00
P04402,Ward Transfer,2026-01-05 22:55:00+00:00
P04402,Treatment,2026-01-06 00:54:00+00:00
P04402,Pharmacy,2026-01-06 01:30:00+00:00
P04402,Billing,2026-01-06 02:09:00+00:00
P04402,Discharge,2026-01-06 02:34:00+00:00
P04406,Patient Arrival,2026-04-06 02:53:23+00:00
P04406,Registration,2026-04-06 03:28:23+00:00
P04406,Waiting,2026-04-06 05:06:23+00:00
P04406,Doctor Consultation,2026-04-06 05:53:23+00:00
P04406,Urine Test,2026-04-06 06:23:23+00:00
P04406,Doctor Consultation,2026-04-06 07:09:23+00:00
P04406,Diagnosis,2026-04-06 07:57:23+00:00
P04406,Treatment,2026-04-06 09:20:23+00:00
P04406,Pharmacy,2026-04-06 09:47:23+00:00
P04406,Billing,2026-04-06 10:11:23+00:00
P04406,Billing,2026-04-06 10:11:23+00:00
P04406,Discharge,2026-04-06 10:41:23+00:00
P04408,Patient Arrival,2026-07-15 13:01:56+00:00
P04408,Registration,2026-07-15 13:36:56+00:00
P04408,Waiting,2026-07-15 14:16:56+00:00
P04408,Doctor Consultation,2026-07-15 14:45:56+00:00
P04408,X-Ray,2026-07-15 15:12:56+00:00
P04408,Doctor Consultation,2026-07-15 15:48:56+00:00
P04408,Diagnosis,2026-07-15 16:27:56+00:00
P04408,Treatment,2026-07-15 18:18:56+00:00
P04408,Pharmacy,2026-07-15 18:48:56+00:00
P04408,Billing,2026-07-15 19:27:56+00:00
P04408,Discharge,2026-07-15 19:39:56+00:00
P04411,Patient Arrival,2026-07-01 15:27:04+00:00
P04411,Patient Arrival,2026-07-01 15:27:04+00:00
P04411,Registration,2026-07-01 15:50:04+00:00
P04411,Waiting,2026-07-01 17:16:04+00:00
P04411,Doctor Consultation,2026-07-01 17:39:04+00:00
P04411,Diagnosis,2026-07-01 18:15:04+00:00
P04411,Treatment,2026-07-01 19:22:04+00:00
P04411,Pharmacy,2026-07-01 20:14:04+00:00
P04411,Billing,2026-07-01 20:53:04+00:00
P04411,Discharge,2026-07-01 21:24:04+00:00
P04415,Patient Arrival,2026-03-20 11:09:50+00:00
P04415,Registration,2026-03-20 11:40:50+00:00
P04415,Waiting,2026-03-20 12:40:50+00:00
P04415,Doctor Consultation,2026-03-20 13:03:50+00:00
P04415,Urine Test,2026-03-20 13:28:50+00:00
P04415,Doctor Consultation,2026-03-20 14:14:50+00:00
P04415,Diagnosis,2026-03-20 14:52:50+00:00
P04415,Treatment,2026-03-20 16:35:50+00:00
P04415,Pharmacy,2026-03-20 16:58:50+00:00
P04415,Billing,2026-03-20 17:30:50+00:00
P04415,Discharge,2026-03-20 18:07:50+00:00
P04416,Patient Arrival,2026-09-03 03:10:13+00:00
P04416,Registration,2026-09-03 03:24:13+00:00
P04416,Waiting,2026-09-03 05:05:13+00:00
P04416,Doctor Consultation,2026-09-03 05:26:13+00:00
P04416,Urine Test,2026-09-03 05:54:13+00:00
P04416,Doctor Consultation,2026-09-03 06:29:13+00:00
P04416,Diagnosis,2026-09-03 06:57:13+00:00
P04416,Treatment,2026-09-03 08:29:13+00:00
P04416,Pharmacy,2026-09-03 09:02:13+00:00
P04416,Billing,2026-09-03 09:23:13+00:00
P04416,Discharge,2026-09-03 10:02:13+00:00
P04418,Patient Arrival,2026-06-24 12:28:36+00:00
P04418,Registration,2026-06-24 13:14:36+00:00
P04418,Waiting,2026-06-24 14:23:36+00:00
P04418,Doctor Consultation,2026-06-24 14:45:36+00:00
P04418,Diagnosis,2026-06-24 15:03:36+00:00
P04418,Treatment,2026-06-24 16:30:36+00:00
P04418,Pharmacy,2026-06-24 16:52:36+00:00
P04418,Billing,2026-06-24 17:24:36+00:00
P04418,Discharge,2026-06-24 17:41:36+00:00
P04418,Discharge,2026-06-24 17:41:36+00:00
P04419,Patient Arrival,2026-10-03 23:40:54+00:00
P04419,Registration,2026-10-04 00:15:54+00:00
P04419,Waiting,2026-10-04 01:33:54+00:00
P04419,Doctor Consultation,2026-10-04 02:09:54+00:00
P04419,Doctor Consultation,2026-10-04 02:09:54+00:00
P04419,Diagnosis,2026-10-04 02:33:54+00:00
P04419,Ward Transfer,2026-10-04 02:56:54+00:00
P04419,Treatment,2026-10-04 04:26:54+00:00
P04419,Pharmacy,2026-10-04 05:18:54+00:00
P04419,Billing,2026-10-04 05:43:54+00:00
P04419,Discharge,2026-10-04 06:09:54+00:00
P04420,Patient Arrival,2026-07-23 16:49:45+00:00
P04420,Registration,2026-07-23 17:17:45+00:00
P04420,Waiting,2026-07-23 18:09:45+00:00
P04420,Doctor Consultation,2026-07-23 18:54:45+00:00
P04420,Diagnosis,2026-07-23 19:18:45+00:00
P04420,Ward Transfer,2026-07-23 20:02:45+00:00
P04420,Treatment,2026-07-23 20:57:45+00:00
P04420,Pharmacy,2026-07-23 21:35:45+00:00
P04420,Billing,2026-07-23 22:08:45+00:00
P04420,Discharge,2026-07-23 22:31:45+00:00
P04422,Patient Arrival,2026-01-09 15:35:12+00:00
P04422,Registration,2026-01-09 16:05:12+00:00
P04422,Waiting,2026-01-09 17:07:12+00:00
P04422,Doctor Consultation,2026-01-09 17:36:12+00:00
P04422,Blood Test,2026-01-09 18:03:12+00:00
P04422,Doctor Consultation,2026-01-09 18:34:12+00:00
P04422,Diagnosis,2026-01-09 19:19:12+00:00
P04422,Treatment,2026-01-09 21:09:12+00:00
P04422,Pharmacy,2026-01-09 21:33:12+00:00
P04422,Billing,2026-01-09 22:08:12+00:00
P04422,Discharge,2026-01-09 22:43:12+00:00
P04422,Discharge,2026-01-09 22:43:12+00:00
P04423,Patient Arrival,2026-08-31 11:47:50+00:00
P04423,Registration,2026-08-31 12:18:50+00:00
P04423,Waiting,2026-08-31 13:21:50+00:00
P04423,Doctor Consultation,2026-08-31 14:04:50+00:00
P04423,Urine Test,2026-08-31 14:36:50+00:00
P04423,Doctor Consultation,2026-08-31 14:57:50+00:00
P04423,Diagnosis,2026-08-31 15:40:50+00:00
P04423,Ward Transfer,2026-08-31 16:07:50+00:00
P04423,Treatment,2026-08-31 17:47:50+00:00
P04423,Pharmacy,2026-08-31 18:06:50+00:00
P04423,Billing,2026-08-31 18:42:50+00:00
P04423,Discharge,2026-08-31 19:07:50+00:00
P04425,Patient Arrival,2026-12-04 02:48:45+00:00
P04425,Registration,2026-12-04 03:08:45+00:00
P04425,Waiting,2026-12-04 03:51:45+00:00
P04425,Doctor Consultation,2026-12-04 04:20:45+00:00
P04425,X-Ray,2026-12-04 05:05:45+00:00
P04425,Doctor Consultation,2026-12-04 05:27:45+00:00
P04425,Diagnosis,2026-12-04 05:52:45+00:00
P04425,Treatment,2026-12-04 07:17:45+00:00
P04425,Pharmacy,2026-12-04 07:48:45+00:00
P04425,Billing,2026-12-04 08:31:45+00:00
P04425,Discharge,2026-12-04 08:39:45+00:00
P04426,Patient Arrival,2026-07-11 22:27:24+00:00
P04426,Registration,2026-07-11 23:02:24+00:00
P04426,Waiting,2026-07-11 23:56:24+00:00
P04426,Doctor Consultation,2026-07-12 00:18:24+00:00
P04426,Urine Test,2026-07-12 00:58:24+00:00
P04426,Doctor Consultation,2026-07-12 01:10:24+00:00
P04426,Diagnosis,2026-07-12 01:34:24+00:00
P04426,Ward Transfer,2026-07-12 02:14:24+00:00
P04426,Treatment,2026-07-12 04:11:24+00:00
P04426,Pharmacy,2026-07-12 04:56:24+00:00
P04426,Billing,2026-07-12 05:14:24+00:00
P04426,Discharge,2026-07-12 05:31:24+00:00
P04430,Patient Arrival,2026-12-09 06:41:18+00:00
P04430,Registration,2026-12-09 07:28:18+00:00
P04430,Waiting,2026-12-09 09:14:18+00:00
P04430,Doctor Consultation,2026-12-09 09:53:18+00:00
P04430,Urine Test,2026-12-09 10:39:18+00:00
P04430,Doctor Consultation,2026-12-09 11:00:18+00:00
P04430,Diagnosis,2026-12-09 11:34:18+00:00
P04430,Treatment,2026-12-09 12:19:18+00:00
P04430,Pharmacy,2026-12-09 12:49:18+00:00
P04430,Billing,2026-12-09 13:21:18+00:00
P04430,Discharge,2026-12-09 14:01:18+00:00
P04431,Patient Arrival,2026-02-07 03:28:04+00:00
P04431,Registration,2026-02-07 04:01:04+00:00
P04431,Waiting,2026-02-07 04:47:04+00:00
P04431,Doctor Consultation,2026-02-07 05:10:04+00:00
P04431,Blood Test,2026-02-07 05:50:04+00:00
P04431,Doctor Consultation,2026-02-07 06:33:04+00:00
P04431,Diagnosis,2026-02-07 07:16:04+00:00
P04431,Treatment,2026-02-07 08:55:04+00:00
P04431,Pharmacy,2026-02-07 09:20:04+00:00
P04431,Billing,2026-02-07 09:41:04+00:00
P04431,Discharge,2026-02-07 10:04:04+00:00
P04433,Patient Arrival,2026-01-20 04:51:18+00:00
P04433,Registration,2026-01-20 05:36:18+00:00
P04433,Waiting,2026-01-20 06:54:18+00:00
P04433,Doctor Consultation,2026-01-20 07:42:18+00:00
P04433,Diagnosis,2026-01-20 08:12:18+00:00
P04433,Treatment,2026-01-20 09:08:18+00:00
P04433,Pharmacy,2026-01-20 09:39:18+00:00
P04433,Billing,2026-01-20 10:13:18+00:00
P04433,Discharge,2026-01-20 10:58:18+00:00
P04436,Patient Arrival,2026-08-25 16:09:00+00:00
P04436,Registration,2026-08-25 16:19:00+00:00
P04436,Waiting,2026-08-25 17:39:00+00:00
P04436,Doctor Consultation,2026-08-25 18:10:00+00:00
P04436,Urine Test,2026-08-25 18:52:00+00:00
P04436,Doctor Consultation,2026-08-25 19:12:00+00:00
P04436,Diagnosis,2026-08-25 19:57:00+00:00
P04436,Ward Transfer,2026-08-25 20:29:00+00:00
P04436,Treatment,2026-08-25 21:30:00+00:00
P04436,Pharmacy,2026-08-25 21:57:00+00:00
P04436,Billing,2026-08-25 22:21:00+00:00
P04436,Discharge,2026-08-25 22:53:00+00:00
P04437,Patient Arrival,2026-10-23 06:26:28+00:00
P04437,Registration,2026-10-23 07:06:28+00:00
P04437,Waiting,2026-10-23 08:24:28+00:00
P04437,Doctor Consultation,2026-10-23 08:58:28+00:00
P04437,Diagnosis,2026-10-23 09:39:28+00:00
P04437,Treatment,2026-10-23 11:16:28+00:00
P04437,Pharmacy,2026-10-23 11:44:28+00:00
P04437,Billing,2026-10-23 12:35:28+00:00
P04437,Discharge,2026-10-23 13:05:28+00:00
P04438,Patient Arrival,2026-05-14 23:34:06+00:00
P04438,Registration,2026-05-15 00:06:06+00:00
P04438,Waiting,2026-05-15 00:39:06+00:00
P04438,Doctor Consultation,2026-05-15 01:21:06+00:00
P04438,Urine Test,2026-05-15 01:42:06+00:00
P04438,Doctor Consultation,2026-05-15 02:27:06+00:00
P04438,Diagnosis,2026-05-15 02:57:06+00:00
P04438,Ward Transfer,2026-05-15 03:24:06+00:00
P04438,Treatment,2026-05-15 04:25:06+00:00
P04438,Pharmacy,2026-05-15 04:56:06+00:00
P04438,Billing,2026-05-15 05:27:06+00:00
P04438,Discharge,2026-05-15 06:16:06+00:00
P04439,Patient Arrival,2026-12-11 08:26:58+00:00
P04439,Registration,2026-12-11 09:01:58+00:00
P04439,Waiting,2026-12-11 10:20:58+00:00
P04439,Doctor Consultation,2026-12-11 10:54:58+00:00
P04439,Diagnosis,2026-12-11 11:41:58+00:00
P04439,Treatment,2026-12-11 13:09:58+00:00
P04439,Pharmacy,2026-12-11 13:55:58+00:00
P04439,Billing,2026-12-11 14:33:58+00:00
P04439,Discharge,2026-12-11 15:10:58+00:00
P04440,Patient Arrival,2026-11-28 17:09:45+00:00
P04440,Registration,2026-11-28 18:00:45+00:00
P04440,Waiting,2026-11-28 19:26:45+00:00
P04440,Doctor Consultation,2026-11-28 20:08:45+00:00
P04440,ECG,2026-11-28 20:36:45+00:00
P04440,Doctor Consultation,2026-11-28 21:14:45+00:00
P04440,Diagnosis,2026-11-28 22:01:45+00:00
P04440,Treatment,2026-11-29 00:11:45+00:00
P04440,Pharmacy,2026-11-29 00:39:45+00:00
P04440,Billing,2026-11-29 01:19:45+00:00
P04440,Discharge,2026-11-29 01:44:45+00:00
P04441,Patient Arrival,2026-03-06 21:24:03+00:00
P04441,Registration,2026-03-06 21:55:03+00:00
P04441,Waiting,2026-03-06 22:36:03+00:00
P04441,Doctor Consultation,2026-03-06 23:10:03+00:00
P04441,ECG,2026-03-06 23:35:03+00:00
P04441,Doctor Consultation,2026-03-07 00:05:03+00:00
P04441,Diagnosis,2026-03-07 00:25:03+00:00
P04441,Treatment,2026-03-07 01:35:03+00:00
P04441,Pharmacy,2026-03-07 01:56:03+00:00
P04441,Billing,2026-03-07 02:24:03+00:00
P04441,Discharge,2026-03-07 03:03:03+00:00
P04442,Patient Arrival,2026-09-19 05:09:18+00:00
P04442,Registration,2026-09-19 05:21:18+00:00
P04442,Registration,2026-09-19 05:21:18+00:00
P04442,Waiting,2026-09-19 06:44:18+00:00
P04442,Doctor Consultation,2026-09-19 07:09:18+00:00
P04442,Diagnosis,2026-09-19 07:40:18+00:00
P04442,Treatment,2026-09-19 08:22:18+00:00
P04442,Pharmacy,2026-09-19 08:59:18+00:00
P04442,Billing,2026-09-19 09:40:18+00:00
P04442,Discharge,2026-09-19 10:06:18+00:00
P04443,Patient Arrival,2026-10-14 02:45:36+00:00
P04443,Registration,2026-10-14 03:32:36+00:00
P04443,Waiting,2026-10-14 04:15:36+00:00
P04443,Doctor Consultation,2026-10-14 04:47:36+00:00
P04443,Diagnosis,2026-10-14 05:11:36+00:00
P04443,Ward Transfer,2026-10-14 05:41:36+00:00
P04443,Treatment,2026-10-14 07:44:36+00:00
P04443,Pharmacy,2026-10-14 08:25:36+00:00
P04443,Billing,2026-10-14 08:34:36+00:00
P04443,Discharge,2026-10-14 09:13:36+00:00
P04444,Patient Arrival,2026-09-11 08:18:38+00:00
P04444,Registration,2026-09-11 08:47:38+00:00
P04444,Waiting,2026-09-11 10:38:38+00:00
P04444,Doctor Consultation,2026-09-11 11:04:38+00:00
P04444,Diagnosis,2026-09-11 11:30:38+00:00
P04444,Treatment,2026-09-11 13:11:38+00:00
P04444,Pharmacy,2026-09-11 13:46:38+00:00
P04444,Billing,2026-09-11 14:16:38+00:00
P04444,Discharge,2026-09-11 14:53:38+00:00
P04450,Patient Arrival,2026-06-17 18:42:23+00:00
P04450,Registration,2026-06-17 19:07:23+00:00
P04450,Waiting,2026-06-17 20:13:23+00:00
P04450,Doctor Consultation,2026-06-17 20:45:23+00:00
P04450,ECG,2026-06-17 21:33:23+00:00
P04450,Doctor Consultation,2026-06-17 22:05:23+00:00
P04450,Diagnosis,2026-06-17 22:32:23+00:00
P04450,Ward Transfer,2026-06-17 23:16:23+00:00
P04450,Treatment,2026-06-18 00:33:23+00:00
P04450,Pharmacy,2026-06-18 00:51:23+00:00
P04450,Billing,2026-06-18 01:22:23+00:00
P04450,Discharge,2026-06-18 02:03:23+00:00
P04451,Patient Arrival,2026-08-01 15:43:25+00:00
P04451,Registration,2026-08-01 15:53:25+00:00
P04451,Waiting,2026-08-01 17:50:25+00:00
P04451,Doctor Consultation,2026-08-01 18:11:25+00:00
P04451,Diagnosis,2026-08-01 18:58:25+00:00
P04451,Ward Transfer,2026-08-01 19:24:25+00:00
P04451,Treatment,2026-08-01 21:24:25+00:00
P04451,Pharmacy,2026-08-01 21:54:25+00:00
P04451,Billing,2026-08-01 22:11:25+00:00
P04451,Discharge,2026-08-01 22:57:25+00:00
P04452,Patient Arrival,2026-02-27 17:45:53+00:00
P04452,Registration,2026-02-27 18:08:53+00:00
P04452,Waiting,2026-02-27 19:51:53+00:00
P04452,Doctor Consultation,2026-02-27 20:25:53+00:00
P04452,Diagnosis,2026-02-27 20:50:53+00:00
P04452,Treatment,2026-02-27 21:49:53+00:00
P04452,Pharmacy,2026-02-27 22:16:53+00:00
P04452,Billing,2026-02-27 22:45:53+00:00
P04452,Discharge,2026-02-27 23:09:53+00:00
P04454,Patient Arrival,2026-01-09 05:42:02+00:00
P04454,Registration,2026-01-09 06:17:02+00:00
P04454,Waiting,2026-01-09 07:44:02+00:00
P04454,Doctor Consultation,2026-01-09 08:18:02+00:00
P04454,Urine Test,2026-01-09 08:46:02+00:00
P04454,Doctor Consultation,2026-01-09 09:25:02+00:00
P04454,Diagnosis,2026-01-09 10:00:02+00:00
P04454,Ward Transfer,2026-01-09 10:18:02+00:00
P04454,Treatment,2026-01-09 12:07:02+00:00
P04454,Pharmacy,2026-01-09 12:32:02+00:00
P04454,Billing,2026-01-09 13:15:02+00:00
P04454,Discharge,2026-01-09 13:34:02+00:00
P04459,Patient Arrival,2026-02-07 06:07:31+00:00
P04459,Registration,2026-02-07 06:32:31+00:00
P04459,Waiting,2026-02-07 07:47:31+00:00
P04459,Doctor Consultation,2026-02-07 08:29:31+00:00
P04459,Diagnosis,2026-02-07 08:59:31+00:00
P04459,Ward Transfer,2026-02-07 09:20:31+00:00
P04459,Treatment,2026-02-07 11:08:31+00:00
P04459,Pharmacy,2026-02-07 11:30:31+00:00
P04459,Billing,2026-02-07 12:17:31+00:00
P04459,Discharge,2026-02-07 12:56:31+00:00
P04460,Patient Arrival,2026-02-26 03:54:10+00:00
P04460,Registration,2026-02-26 04:17:10+00:00
P04460,Waiting,2026-02-26 05:31:10+00:00
P04460,Doctor Consultation,2026-02-26 06:17:10+00:00
P04460,ECG,2026-02-26 06:49:10+00:00
P04460,Doctor Consultation,2026-02-26 07:22:10+00:00
P04460,Diagnosis,2026-02-26 07:55:10+00:00
P04460,Treatment,2026-02-26 09:28:10+00:00
P04460,Pharmacy,2026-02-26 09:59:10+00:00
P04460,Billing,2026-02-26 10:18:10+00:00
P04460,Discharge,2026-02-26 10:59:10+00:00
P04461,Patient Arrival,2026-06-26 13:06:42+00:00
P04461,Registration,2026-06-26 13:36:42+00:00
P04461,Waiting,2026-06-26 14:12:42+00:00
P04461,Doctor Consultation,2026-06-26 14:58:42+00:00
P04461,Diagnosis,2026-06-26 15:20:42+00:00
P04461,Ward Transfer,2026-06-26 15:51:42+00:00
P04461,Treatment,2026-06-26 16:47:42+00:00
P04461,Pharmacy,2026-06-26 17:15:42+00:00
P04461,Billing,2026-06-26 17:44:42+00:00
P04461,Discharge,2026-06-26 17:56:42+00:00
P04462,Patient Arrival,2026-07-18 23:54:38+00:00
P04462,Registration,2026-07-19 00:29:38+00:00
P04462,Waiting,2026-07-19 01:46:38+00:00
P04462,Doctor Consultation,2026-07-19 02:08:38+00:00
P04462,Urine Test,2026-07-19 02:44:38+00:00
P04462,Doctor Consultation,2026-07-19 03:17:38+00:00
P04462,Diagnosis,2026-07-19 03:47:38+00:00
P04462,Ward Transfer,2026-07-19 04:25:38+00:00
P04462,Treatment,2026-07-19 05:09:38+00:00
P04462,Pharmacy,2026-07-19 05:28:38+00:00
P04462,Billing,2026-07-19 06:02:38+00:00
P04462,Discharge,2026-07-19 06:28:38+00:00
P04467,Patient Arrival,2026-12-21 05:13:06+00:00
P04467,Registration,2026-12-21 05:44:06+00:00
P04467,Waiting,2026-12-21 07:24:06+00:00
P04467,Doctor Consultation,2026-12-21 08:09:06+00:00
P04467,Diagnosis,2026-12-21 08:27:06+00:00
P04467,Treatment,2026-12-21 10:08:06+00:00
P04467,Pharmacy,2026-12-21 10:47:06+00:00
P04467,Billing,2026-12-21 11:26:06+00:00
P04467,Discharge,2026-12-21 12:10:06+00:00
P04468,Patient Arrival,2026-11-26 08:13:45+00:00
P04468,Registration,2026-11-26 08:52:45+00:00
P04468,Waiting,2026-11-26 10:03:45+00:00
P04468,Doctor Consultation,2026-11-26 10:31:45+00:00
P04468,Blood Test,2026-11-26 10:56:45+00:00
P04468,Doctor Consultation,2026-11-26 11:16:45+00:00
P04468,Diagnosis,2026-11-26 11:27:45+00:00
P04468,Treatment,2026-11-26 13:46:45+00:00
P04468,Pharmacy,2026-11-26 14:09:45+00:00
P04468,Billing,2026-11-26 14:35:45+00:00
P04468,Discharge,2026-11-26 15:09:45+00:00
P04469,Patient Arrival,2026-08-28 19:16:55+00:00
P04469,Registration,2026-08-28 19:48:55+00:00
P04469,Waiting,2026-08-28 20:30:55+00:00
P04469,Doctor Consultation,2026-08-28 21:02:55+00:00
P04469,ECG,2026-08-28 21:40:55+00:00
P04469,Doctor Consultation,2026-08-28 22:12:55+00:00
P04469,Diagnosis,2026-08-28 22:22:55+00:00
P04469,Treatment,2026-08-28 23:57:55+00:00
P04469,Pharmacy,2026-08-29 00:31:55+00:00
P04469,Billing,2026-08-29 01:10:55+00:00
P04469,Discharge,2026-08-29 01:49:55+00:00
P04471,Patient Arrival,2026-07-14 09:21:30+00:00
P04471,Registration,2026-07-14 09:39:30+00:00
P04471,Waiting,2026-07-14 10:41:30+00:00
P04471,Doctor Consultation,2026-07-14 11:12:30+00:00
P04471,Diagnosis,2026-07-14 11:36:30+00:00
P04471,Treatment,2026-07-14 13:06:30+00:00
P04471,Pharmacy,2026-07-14 13:29:30+00:00
P04471,Billing,2026-07-14 14:05:30+00:00
P04471,Discharge,2026-07-14 14:32:30+00:00
P04472,Patient Arrival,2026-12-24 07:15:40+00:00
P04472,Registration,2026-12-24 07:47:40+00:00
P04472,Waiting,2026-12-24 08:54:40+00:00
P04472,Doctor Consultation,2026-12-24 09:19:40+00:00
P04472,X-Ray,2026-12-24 09:52:40+00:00
P04472,Doctor Consultation,2026-12-24 10:22:40+00:00
P04472,Diagnosis,2026-12-24 10:55:40+00:00
P04472,Treatment,2026-12-24 12:49:40+00:00
P04472,Pharmacy,2026-12-24 13:31:40+00:00
P04472,Billing,2026-12-24 14:09:40+00:00
P04472,Discharge,2026-12-24 14:45:40+00:00
P04475,Patient Arrival,2026-06-17 09:26:38+00:00
P04475,Registration,2026-06-17 09:36:38+00:00
P04475,Waiting,2026-06-17 10:55:38+00:00
P04475,Doctor Consultation,2026-06-17 11:24:38+00:00
P04475,Urine Test,2026-06-17 12:01:38+00:00
P04475,Doctor Consultation,2026-06-17 12:41:38+00:00
P04475,Diagnosis,2026-06-17 13:07:38+00:00
P04475,Treatment,2026-06-17 13:48:38+00:00
P04475,Pharmacy,2026-06-17 14:09:38+00:00
P04475,Billing,2026-06-17 14:59:38+00:00
P04475,Discharge,2026-06-17 15:23:38+00:00
P04476,Patient Arrival,2026-10-19 13:31:29+00:00
P04476,Registration,2026-10-19 13:56:29+00:00
P04476,Waiting,2026-10-19 15:31:29+00:00
P04476,Doctor Consultation,2026-10-19 16:10:29+00:00
P04476,Diagnosis,2026-10-19 16:36:29+00:00
P04476,Ward Transfer,2026-10-19 16:50:29+00:00
P04476,Treatment,2026-10-19 18:39:29+00:00
P04476,Pharmacy,2026-10-19 19:21:29+00:00
P04476,Billing,2026-10-19 19:50:29+00:00
P04476,Discharge,2026-10-19 20:32:29+00:00
P04477,Patient Arrival,2026-10-16 11:19:16+00:00
P04477,Registration,2026-10-16 11:48:16+00:00
P04477,Waiting,2026-10-16 12:37:16+00:00
P04477,Doctor Consultation,2026-10-16 13:23:16+00:00
P04477,Diagnosis,2026-10-16 13:51:16+00:00
P04477,Ward Transfer,2026-10-16 14:12:16+00:00
P04477,Treatment,2026-10-16 16:14:16+00:00
P04477,Pharmacy,2026-10-16 16:43:16+00:00
P04477,Billing,2026-10-16 17:23:16+00:00
P04477,Discharge,2026-10-16 18:10:16+00:00
P04479,Patient Arrival,2026-08-19 05:13:15+00:00
P04479,Registration,2026-08-19 05:52:15+00:00
P04479,Waiting,2026-08-19 07:12:15+00:00
P04479,Doctor Consultation,2026-08-19 07:35:15+00:00
P04479,Doctor Consultation,2026-08-19 07:35:15+00:00
P04479,Diagnosis,2026-08-19 08:06:15+00:00
P04479,Treatment,2026-08-19 10:11:15+00:00
P04479,Pharmacy,2026-08-19 11:00:15+00:00
P04479,Billing,2026-08-19 11:45:15+00:00
P04479,Discharge,2026-08-19 12:22:15+00:00
P04480,Patient Arrival,2026-09-07 03:14:18+00:00
P04480,Registration,2026-09-07 03:50:18+00:00
P04480,Waiting,2026-09-07 05:06:18+00:00
P04480,Doctor Consultation,2026-09-07 05:25:18+00:00
P04480,Doctor Consultation,2026-09-07 05:25:18+00:00
P04480,Blood Test,2026-09-07 05:55:18+00:00
P04480,Doctor Consultation,2026-09-07 06:21:18+00:00
P04480,Diagnosis,2026-09-07 07:00:18+00:00
P04480,Diagnosis,2026-09-07 07:00:18+00:00
P04480,Treatment,2026-09-07 08:51:18+00:00
P04480,Pharmacy,2026-09-07 09:13:18+00:00
P04480,Billing,2026-09-07 09:40:18+00:00
P04480,Discharge,2026-09-07 10:12:18+00:00
P04485,Patient Arrival,2026-09-22 06:52:31+00:00
P04485,Registration,2026-09-22 07:23:31+00:00
P04485,Waiting,2026-09-22 08:29:31+00:00
P04485,Doctor Consultation,2026-09-22 08:50:31+00:00
P04485,Blood Test,2026-09-22 09:40:31+00:00
P04485,Doctor Consultation,2026-09-22 10:05:31+00:00
P04485,Diagnosis,2026-09-22 10:38:31+00:00
P04485,Ward Transfer,2026-09-22 11:08:31+00:00
P04485,Treatment,2026-09-22 12:05:31+00:00
P04485,Pharmacy,2026-09-22 12:47:31+00:00
P04485,Billing,2026-09-22 13:02:31+00:00
P04485,Discharge,2026-09-22 13:35:31+00:00
P04487,Patient Arrival,2026-04-24 20:11:23+00:00
P04487,Registration,2026-04-24 20:53:23+00:00
P04487,Waiting,2026-04-24 21:55:23+00:00
P04487,Doctor Consultation,2026-04-24 22:44:23+00:00
P04487,X-Ray,2026-04-24 22:59:23+00:00
P04487,Doctor Consultation,2026-04-24 23:32:23+00:00
P04487,Urine Test,2026-04-24 23:42:23+00:00
P04487,Doctor Consultation,2026-04-24 23:59:23+00:00
P04487,Diagnosis,2026-04-25 00:38:23+00:00
P04487,Treatment,2026-04-25 02:14:23+00:00
P04487,Pharmacy,2026-04-25 03:06:23+00:00
P04487,Billing,2026-04-25 03:48:23+00:00
P04487,Discharge,2026-04-25 04:17:23+00:00
P04488,Patient Arrival,2026-07-21 01:07:01+00:00
P04488,Registration,2026-07-21 01:22:01+00:00
P04488,Waiting,2026-07-21 02:25:01+00:00
P04488,Doctor Consultation,2026-07-21 02:51:01+00:00
P04488,X-Ray,2026-07-21 03:21:01+00:00
P04488,Doctor Consultation,2026-07-21 03:53:01+00:00
P04488,Diagnosis,2026-07-21 04:43:01+00:00
P04488,Treatment,2026-07-21 06:34:01+00:00
P04488,Pharmacy,2026-07-21 07:09:01+00:00
P04488,Billing,2026-07-21 07:25:01+00:00
P04488,Discharge,2026-07-21 07:53:01+00:00
P04489,Patient Arrival,2026-08-16 18:54:11+00:00
P04489,Registration,2026-08-16 19:22:11+00:00
P04489,Waiting,2026-08-16 21:15:11+00:00
P04489,Doctor Consultation,2026-08-16 21:37:11+00:00
P04489,Diagnosis,2026-08-16 21:48:11+00:00
P04489,Treatment,2026-08-16 23:46:11+00:00
P04489,Pharmacy,2026-08-17 00:28:11+00:00
P04489,Billing,2026-08-17 00:47:11+00:00
P04489,Discharge,2026-08-17 01:08:11+00:00
P04490,Patient Arrival,2026-06-04 03:05:36+00:00
P04490,Registration,2026-06-04 03:34:36+00:00
P04490,Waiting,2026-06-04 05:23:36+00:00
P04490,Doctor Consultation,2026-06-04 05:42:36+00:00
P04490,X-Ray,2026-06-04 06:19:36+00:00
P04490,Doctor Consultation,2026-06-04 07:04:36+00:00
P04490,Diagnosis,2026-06-04 07:40:36+00:00
P04490,Treatment,2026-06-04 09:04:36+00:00
P04490,Pharmacy,2026-06-04 09:35:36+00:00
P04490,Pharmacy,2026-06-04 09:35:36+00:00
P04490,Billing,2026-06-04 10:12:36+00:00
P04490,Discharge,2026-06-04 10:54:36+00:00
P04492,Patient Arrival,2026-05-03 17:18:05+00:00
P04492,Registration,2026-05-03 18:00:05+00:00
P04492,Waiting,2026-05-03 19:52:05+00:00
P04492,Waiting,2026-05-03 19:52:05+00:00
P04492,Doctor Consultation,2026-05-03 20:22:05+00:00
P04492,Diagnosis,2026-05-03 21:06:05+00:00
P04492,Treatment,2026-05-03 22:14:05+00:00
P04492,Pharmacy,2026-05-03 22:53:05+00:00
P04492,Billing,2026-05-03 23:09:05+00:00
P04492,Discharge,2026-05-03 23:46:05+00:00
P04493,Patient Arrival,2026-11-19 16:40:33+00:00
P04493,Registration,2026-11-19 17:25:33+00:00
P04493,Waiting,2026-11-19 19:11:33+00:00
P04493,Doctor Consultation,2026-11-19 19:26:33+00:00
P04493,Diagnosis,2026-11-19 20:01:33+00:00
P04493,Treatment,2026-11-19 21:15:33+00:00
P04493,Pharmacy,2026-11-19 21:40:33+00:00
P04493,Billing,2026-11-19 21:59:33+00:00
P04493,Discharge,2026-11-19 22:24:33+00:00
P04494,Patient Arrival,2026-04-04 16:30:55+00:00
P04494,Registration,2026-04-04 16:55:55+00:00
P04494,Waiting,2026-04-04 17:44:55+00:00
P04494,Doctor Consultation,2026-04-04 18:20:55+00:00
P04494,Urine Test,2026-04-04 18:46:55+00:00
P04494,Doctor Consultation,2026-04-04 18:55:55+00:00
P04494,Diagnosis,2026-04-04 19:36:55+00:00
P04494,Treatment,2026-04-04 20:49:55+00:00
P04494,Pharmacy,2026-04-04 21:15:55+00:00
P04494,Billing,2026-04-04 22:06:55+00:00
P04494,Discharge,2026-04-04 22:23:55+00:00
P04496,Patient Arrival,2026-11-11 19:09:52+00:00
P04496,Registration,2026-11-11 19:24:52+00:00
P04496,Waiting,2026-11-11 20:48:52+00:00
P04496,Doctor Consultation,2026-11-11 21:17:52+00:00
P04496,ECG,2026-11-11 21:52:52+00:00
P04496,Doctor Consultation,2026-11-11 22:06:52+00:00
P04496,Diagnosis,2026-11-11 22:26:52+00:00
P04496,Treatment,2026-11-11 23:47:52+00:00
P04496,Pharmacy,2026-11-12 00:16:52+00:00
P04496,Billing,2026-11-12 00:51:52+00:00
P04496,Discharge,2026-11-12 01:10:52+00:00
P04497,Patient Arrival,2026-06-24 22:44:14+00:00
P04497,Registration,2026-06-24 23:24:14+00:00
P04497,Waiting,2026-06-25 00:38:14+00:00
P04497,Doctor Consultation,2026-06-25 01:15:14+00:00
P04497,Urine Test,2026-06-25 01:49:14+00:00
P04497,Doctor Consultation,2026-06-25 02:25:14+00:00
P04497,Diagnosis,2026-06-25 03:05:14+00:00
P04497,Treatment,2026-06-25 04:47:14+00:00
P04497,Pharmacy,2026-06-25 05:22:14+00:00
P04497,Billing,2026-06-25 06:01:14+00:00
P04497,Discharge,2026-06-25 06:47:14+00:00
P04503,Patient Arrival,2026-01-27 21:28:34+00:00
P04503,Registration,2026-01-27 21:50:34+00:00
P04503,Waiting,2026-01-27 22:51:34+00:00
P04503,Doctor Consultation,2026-01-27 23:10:34+00:00
P04503,Urine Test,2026-01-27 23:44:34+00:00
P04503,Doctor Consultation,2026-01-28 00:13:34+00:00
P04503,Diagnosis,2026-01-28 00:42:34+00:00
P04503,Treatment,2026-01-28 02:48:34+00:00
P04503,Pharmacy,2026-01-28 03:19:34+00:00
P04503,Billing,2026-01-28 03:54:34+00:00
P04503,Discharge,2026-01-28 04:30:34+00:00
P04505,Patient Arrival,2026-12-23 13:25:49+00:00
P04505,Registration,2026-12-23 14:07:49+00:00
P04505,Waiting,2026-12-23 15:23:49+00:00
P04505,Doctor Consultation,2026-12-23 15:54:49+00:00
P04505,Diagnosis,2026-12-23 16:25:49+00:00
P04505,Treatment,2026-12-23 17:57:49+00:00
P04505,Pharmacy,2026-12-23 18:20:49+00:00
P04505,Billing,2026-12-23 18:44:49+00:00
P04505,Discharge,2026-12-23 19:25:49+00:00
P04507,Patient Arrival,2026-08-31 14:43:10+00:00
P04507,Registration,2026-08-31 15:09:10+00:00
P04507,Waiting,2026-08-31 16:05:10+00:00
P04507,Doctor Consultation,2026-08-31 16:51:10+00:00
P04507,Doctor Consultation,2026-08-31 16:51:10+00:00
P04507,Urine Test,2026-08-31 17:40:10+00:00
P04507,Doctor Consultation,2026-08-31 17:54:10+00:00
P04507,Diagnosis,2026-08-31 18:17:10+00:00
P04507,Treatment,2026-08-31 19:50:10+00:00
P04507,Pharmacy,2026-08-31 20:01:10+00:00
P04507,Billing,2026-08-31 20:26:10+00:00
P04507,Discharge,2026-08-31 20:59:10+00:00
P04508,Patient Arrival,2026-08-31 21:25:14+00:00
P04508,Registration,2026-08-31 22:08:14+00:00
P04508,Waiting,2026-08-31 23:55:14+00:00
P04508,Doctor Consultation,2026-09-01 00:19:14+00:00
P04508,X-Ray,2026-09-01 00:52:14+00:00
P04508,Doctor Consultation,2026-09-01 01:10:14+00:00
P04508,Diagnosis,2026-09-01 01:42:14+00:00
P04508,Ward Transfer,2026-09-01 02:21:14+00:00
P04508,Treatment,2026-09-01 03:26:14+00:00
P04508,Pharmacy,2026-09-01 04:01:14+00:00
P04508,Billing,2026-09-01 04:37:14+00:00
P04508,Discharge,2026-09-01 05:28:14+00:00
P04509,Patient Arrival,2026-12-07 10:15:56+00:00
P04509,Registration,2026-12-07 10:54:56+00:00
P04509,Waiting,2026-12-07 11:46:56+00:00
P04509,Doctor Consultation,2026-12-07 12:26:56+00:00
P04509,Diagnosis,2026-12-07 13:21:56+00:00
P04509,Ward Transfer,2026-12-07 14:07:56+00:00
P04509,Treatment,2026-12-07 15:20:56+00:00
P04509,Pharmacy,2026-12-07 16:08:56+00:00
P04509,Billing,2026-12-07 17:01:56+00:00
P04509,Discharge,2026-12-07 17:36:56+00:00
P04510,Patient Arrival,2026-05-05 23:06:40+00:00
P04510,Registration,2026-05-05 23:53:40+00:00
P04510,Waiting,2026-05-06 01:28:40+00:00
P04510,Doctor Consultation,2026-05-06 02:18:40+00:00
P04510,Diagnosis,2026-05-06 02:41:40+00:00
P04510,Ward Transfer,2026-05-06 03:31:40+00:00
P04510,Treatment,2026-05-06 05:11:40+00:00
P04510,Pharmacy,2026-05-06 05:39:40+00:00
P04510,Billing,2026-05-06 05:55:40+00:00
P04510,Discharge,2026-05-06 06:19:40+00:00
P04512,Patient Arrival,2026-01-18 20:58:43+00:00
P04512,Registration,2026-01-18 21:33:43+00:00
P04512,Waiting,2026-01-18 22:23:43+00:00
P04512,Doctor Consultation,2026-01-18 22:59:43+00:00
P04512,Diagnosis,2026-01-18 23:45:43+00:00
P04512,Treatment,2026-01-19 02:02:43+00:00
P04512,Pharmacy,2026-01-19 02:35:43+00:00
P04512,Billing,2026-01-19 03:08:43+00:00
P04512,Discharge,2026-01-19 03:24:43+00:00
P04519,Patient Arrival,2026-11-06 12:42:30+00:00
P04519,Registration,2026-11-06 13:25:30+00:00
P04519,Waiting,2026-11-06 15:02:30+00:00
P04519,Doctor Consultation,2026-11-06 15:30:30+00:00
P04519,Blood Test,2026-11-06 16:18:30+00:00
P04519,Doctor Consultation,2026-11-06 16:59:30+00:00
P04519,Diagnosis,2026-11-06 17:30:30+00:00
P04519,Treatment,2026-11-06 19:31:30+00:00
P04519,Pharmacy,2026-11-06 20:00:30+00:00
P04519,Billing,2026-11-06 20:43:30+00:00
P04519,Discharge,2026-11-06 21:23:30+00:00
P04520,Patient Arrival,2026-02-11 20:07:08+00:00
P04520,Registration,2026-02-11 20:22:08+00:00
P04520,Waiting,2026-02-11 21:24:08+00:00
P04520,Doctor Consultation,2026-02-11 21:50:08+00:00
P04520,Diagnosis,2026-02-11 22:10:08+00:00
P04520,Ward Transfer,2026-02-11 22:37:08+00:00
P04520,Treatment,2026-02-11 23:36:08+00:00
P04520,Pharmacy,2026-02-12 00:12:08+00:00
P04520,Billing,2026-02-12 00:47:08+00:00
P04520,Discharge,2026-02-12 01:06:08+00:00
P04520,Discharge,2026-02-12 01:06:08+00:00
P04521,Patient Arrival,2026-11-05 10:21:31+00:00
P04521,Registration,2026-11-05 10:50:31+00:00
P04521,Registration,2026-11-05 10:50:31+00:00
P04521,Waiting,2026-11-05 12:14:31+00:00
P04521,Doctor Consultation,2026-11-05 12:50:31+00:00
P04521,Urine Test,2026-11-05 13:32:31+00:00
P04521,Doctor Consultation,2026-11-05 14:05:31+00:00
P04521,Doctor Consultation,2026-11-05 14:05:31+00:00
P04521,Diagnosis,2026-11-05 14:35:31+00:00
P04521,Ward Transfer,2026-11-05 15:04:31+00:00
P04521,Treatment,2026-11-05 17:04:31+00:00
P04521,Pharmacy,2026-11-05 17:43:31+00:00
P04521,Billing,2026-11-05 18:15:31+00:00
P04521,Discharge,2026-11-05 18:42:31+00:00
P04522,Patient Arrival,2026-02-27 16:42:09+00:00
P04522,Registration,2026-02-27 17:26:09+00:00
P04522,Waiting,2026-02-27 18:47:09+00:00
P04522,Doctor Consultation,2026-02-27 19:16:09+00:00
P04522,Diagnosis,2026-02-27 19:40:09+00:00
P04522,Treatment,2026-02-27 21:13:09+00:00
P04522,Pharmacy,2026-02-27 21:24:09+00:00
P04522,Billing,2026-02-27 21:48:09+00:00
P04522,Discharge,2026-02-27 22:12:09+00:00
P04524,Patient Arrival,2026-06-28 10:15:30+00:00
P04524,Registration,2026-06-28 10:46:30+00:00
P04524,Waiting,2026-06-28 12:34:30+00:00
P04524,Doctor Consultation,2026-06-28 12:59:30+00:00
P04524,Urine Test,2026-06-28 13:15:30+00:00
P04524,Doctor Consultation,2026-06-28 13:35:30+00:00
P04524,Diagnosis,2026-06-28 14:23:30+00:00
P04524,Ward Transfer,2026-06-28 15:14:30+00:00
P04524,Treatment,2026-06-28 16:30:30+00:00
P04524,Pharmacy,2026-06-28 17:25:30+00:00
P04524,Billing,2026-06-28 17:40:30+00:00
P04524,Discharge,2026-06-28 17:57:30+00:00
P04526,Patient Arrival,2026-05-02 12:42:04+00:00
P04526,Registration,2026-05-02 13:18:04+00:00
P04526,Waiting,2026-05-02 14:15:04+00:00
P04526,Doctor Consultation,2026-05-02 14:59:04+00:00
P04526,Diagnosis,2026-05-02 15:37:04+00:00
P04526,Treatment,2026-05-02 17:20:04+00:00
P04526,Pharmacy,2026-05-02 17:50:04+00:00
P04526,Billing,2026-05-02 18:37:04+00:00
P04526,Discharge,2026-05-02 19:03:04+00:00
P04527,Patient Arrival,2026-12-11 08:25:44+00:00
P04527,Registration,2026-12-11 09:07:44+00:00
P04527,Waiting,2026-12-11 10:07:44+00:00
P04527,Doctor Consultation,2026-12-11 10:42:44+00:00
P04527,Diagnosis,2026-12-11 10:57:44+00:00
P04527,Treatment,2026-12-11 12:22:44+00:00
P04527,Pharmacy,2026-12-11 12:36:44+00:00
P04527,Billing,2026-12-11 13:00:44+00:00
P04527,Discharge,2026-12-11 13:36:44+00:00
P04528,Patient Arrival,2026-01-18 18:01:45+00:00
P04528,Registration,2026-01-18 18:49:45+00:00
P04528,Waiting,2026-01-18 19:28:45+00:00
P04528,Doctor Consultation,2026-01-18 20:22:45+00:00
P04528,Blood Test,2026-01-18 21:01:45+00:00
P04528,Doctor Consultation,2026-01-18 21:40:45+00:00
P04528,Diagnosis,2026-01-18 22:26:45+00:00
P04528,Treatment,2026-01-19 00:23:45+00:00
P04528,Pharmacy,2026-01-19 00:49:45+00:00
P04528,Billing,2026-01-19 01:10:45+00:00
P04528,Discharge,2026-01-19 01:38:45+00:00
P04529,Patient Arrival,2026-05-17 15:21:19+00:00
P04529,Registration,2026-05-17 15:53:19+00:00
P04529,Waiting,2026-05-17 17:17:19+00:00
P04529,Doctor Consultation,2026-05-17 17:38:19+00:00
P04529,Urine Test,2026-05-17 18:11:19+00:00
P04529,Doctor Consultation,2026-05-17 18:57:19+00:00
P04529,Diagnosis,2026-05-17 19:24:19+00:00
P04529,Treatment,2026-05-17 21:15:19+00:00
P04529,Pharmacy,2026-05-17 21:44:19+00:00
P04529,Billing,2026-05-17 22:27:19+00:00
P04529,Discharge,2026-05-17 23:13:19+00:00
P04529,Discharge,2026-05-17 23:13:19+00:00
P04530,Patient Arrival,2026-03-30 07:19:40+00:00
P04530,Registration,2026-03-30 07:58:40+00:00
P04530,Waiting,2026-03-30 08:45:40+00:00
P04530,Doctor Consultation,2026-03-30 09:04:40+00:00
P04530,Blood Test,2026-03-30 09:42:40+00:00
P04530,Doctor Consultation,2026-03-30 10:13:40+00:00
P04530,Diagnosis,2026-03-30 10:56:40+00:00
P04530,Treatment,2026-03-30 12:02:40+00:00
P04530,Pharmacy,2026-03-30 12:10:40+00:00
P04530,Billing,2026-03-30 12:53:40+00:00
P04530,Discharge,2026-03-30 13:09:40+00:00
P04532,Patient Arrival,2026-09-01 22:19:11+00:00
P04532,Registration,2026-09-01 22:43:11+00:00
P04532,Waiting,2026-09-01 23:46:11+00:00
P04532,Doctor Consultation,2026-09-02 00:09:11+00:00
P04532,X-Ray,2026-09-02 00:43:11+00:00
P04532,Doctor Consultation,2026-09-02 01:15:11+00:00
P04532,Diagnosis,2026-09-02 01:50:11+00:00
P04532,Ward Transfer,2026-09-02 02:08:11+00:00
P04532,Treatment,2026-09-02 03:21:11+00:00
P04532,Pharmacy,2026-09-02 03:51:11+00:00
P04532,Billing,2026-09-02 04:35:11+00:00
P04532,Discharge,2026-09-02 05:09:11+00:00
P04533,Patient Arrival,2026-06-19 00:46:17+00:00
P04533,Registration,2026-06-19 01:13:17+00:00
P04533,Waiting,2026-06-19 02:41:17+00:00
P04533,Doctor Consultation,2026-06-19 02:59:17+00:00
P04533,ECG,2026-06-19 03:29:17+00:00
P04533,Doctor Consultation,2026-06-19 04:07:17+00:00
P04533,Diagnosis,2026-06-19 04:52:17+00:00
P04533,Treatment,2026-06-19 06:06:17+00:00
P04533,Pharmacy,2026-06-19 06:40:17+00:00
P04533,Billing,2026-06-19 07:14:17+00:00
P04533,Discharge,2026-06-19 07:53:17+00:00
P04534,Patient Arrival,2026-05-10 15:51:41+00:00
P04534,Registration,2026-05-10 16:02:41+00:00
P04534,Waiting,2026-05-10 16:43:41+00:00
P04534,Doctor Consultation,2026-05-10 17:26:41+00:00
P04534,Urine Test,2026-05-10 18:17:41+00:00
P04534,Doctor Consultation,2026-05-10 19:08:41+00:00
P04534,Diagnosis,2026-05-10 19:42:41+00:00
P04534,Ward Transfer,2026-05-10 20:01:41+00:00
P04534,Treatment,2026-05-10 22:05:41+00:00
P04534,Pharmacy,2026-05-10 22:39:41+00:00
P04534,Billing,2026-05-10 23:07:41+00:00
P04534,Discharge,2026-05-10 23:46:41+00:00
P04536,Patient Arrival,2026-09-16 20:21:13+00:00
P04536,Registration,2026-09-16 21:03:13+00:00
P04536,Waiting,2026-09-16 22:21:13+00:00
P04536,Doctor Consultation,2026-09-16 22:55:13+00:00
P04536,Urine Test,2026-09-16 23:23:13+00:00
P04536,Doctor Consultation,2026-09-16 23:38:13+00:00
P04536,Diagnosis,2026-09-16 23:50:13+00:00
P04536,Treatment,2026-09-17 01:51:13+00:00
P04536,Pharmacy,2026-09-17 02:39:13+00:00
P04536,Billing,2026-09-17 03:07:13+00:00
P04536,Discharge,2026-09-17 03:49:13+00:00
P04540,Patient Arrival,2026-01-25 18:57:02+00:00
P04540,Registration,2026-01-25 19:40:02+00:00
P04540,Waiting,2026-01-25 21:00:02+00:00
P04540,Doctor Consultation,2026-01-25 21:21:02+00:00
P04540,ECG,2026-01-25 21:41:02+00:00
P04540,Doctor Consultation,2026-01-25 22:31:02+00:00
P04540,Diagnosis,2026-01-25 23:09:02+00:00
P04540,Diagnosis,2026-01-25 23:09:02+00:00
P04540,Ward Transfer,2026-01-25 23:49:02+00:00
P04540,Treatment,2026-01-26 01:40:02+00:00
P04540,Pharmacy,2026-01-26 02:05:02+00:00
P04540,Billing,2026-01-26 02:37:02+00:00
P04540,Discharge,2026-01-26 03:00:02+00:00
P04541,Patient Arrival,2026-12-08 03:38:34+00:00
P04541,Registration,2026-12-08 04:04:34+00:00
P04541,Waiting,2026-12-08 05:06:34+00:00
P04541,Doctor Consultation,2026-12-08 05:28:34+00:00
P04541,ECG,2026-12-08 05:55:34+00:00
P04541,Doctor Consultation,2026-12-08 06:20:34+00:00
P04541,Diagnosis,2026-12-08 06:54:34+00:00
P04541,Treatment,2026-12-08 08:48:34+00:00
P04541,Pharmacy,2026-12-08 09:00:34+00:00
P04541,Billing,2026-12-08 09:45:34+00:00
P04541,Discharge,2026-12-08 10:17:34+00:00
P04545,Patient Arrival,2026-12-18 00:57:54+00:00
P04545,Registration,2026-12-18 01:34:54+00:00
P04545,Waiting,2026-12-18 02:36:54+00:00
P04545,Doctor Consultation,2026-12-18 03:20:54+00:00
P04545,Blood Test,2026-12-18 03:41:54+00:00
P04545,Doctor Consultation,2026-12-18 04:17:54+00:00
P04545,Urine Test,2026-12-18 05:01:54+00:00
P04545,Doctor Consultation,2026-12-18 05:41:54+00:00
P04545,Diagnosis,2026-12-18 06:11:54+00:00
P04545,Treatment,2026-12-18 07:58:54+00:00
P04545,Pharmacy,2026-12-18 08:29:54+00:00
P04545,Billing,2026-12-18 08:53:54+00:00
P04545,Discharge,2026-12-18 09:25:54+00:00
P04547,Patient Arrival,2026-09-14 00:18:47+00:00
P04547,Registration,2026-09-14 00:52:47+00:00
P04547,Waiting,2026-09-14 01:56:47+00:00
P04547,Doctor Consultation,2026-09-14 02:14:47+00:00
P04547,Blood Test,2026-09-14 02:50:47+00:00
P04547,Doctor Consultation,2026-09-14 03:24:47+00:00
P04547,Diagnosis,2026-09-14 03:57:47+00:00
P04547,Treatment,2026-09-14 05:45:47+00:00
P04547,Pharmacy,2026-09-14 06:15:47+00:00
P04547,Billing,2026-09-14 06:38:47+00:00
P04547,Discharge,2026-09-14 06:48:47+00:00
P04551,Patient Arrival,2026-11-23 03:16:16+00:00
P04551,Registration,2026-11-23 03:51:16+00:00
P04551,Waiting,2026-11-23 05:45:16+00:00
P04551,Doctor Consultation,2026-11-23 06:12:16+00:00
P04551,Diagnosis,2026-11-23 06:53:16+00:00
P04551,Ward Transfer,2026-11-23 07:36:16+00:00
P04551,Treatment,2026-11-23 08:35:16+00:00
P04551,Pharmacy,2026-11-23 08:48:16+00:00
P04551,Billing,2026-11-23 09:12:16+00:00
P04551,Discharge,2026-11-23 09:48:16+00:00
P04553,Patient Arrival,2026-06-09 22:29:54+00:00
P04553,Registration,2026-06-09 22:57:54+00:00
P04553,Waiting,2026-06-09 23:41:54+00:00
P04553,Doctor Consultation,2026-06-10 00:23:54+00:00
P04553,Blood Test,2026-06-10 00:50:54+00:00
P04553,Doctor Consultation,2026-06-10 01:21:54+00:00
P04553,Diagnosis,2026-06-10 02:06:54+00:00
P04553,Treatment,2026-06-10 03:27:54+00:00
P04553,Pharmacy,2026-06-10 03:56:54+00:00
P04553,Billing,2026-06-10 04:22:54+00:00
P04553,Discharge,2026-06-10 05:14:54+00:00
P04555,Patient Arrival,2026-10-09 13:22:03+00:00
P04555,Registration,2026-10-09 13:44:03+00:00
P04555,Waiting,2026-10-09 14:40:03+00:00
P04555,Doctor Consultation,2026-10-09 15:32:03+00:00
P04555,Diagnosis,2026-10-09 16:02:03+00:00
P04555,Treatment,2026-10-09 17:10:03+00:00
P04555,Pharmacy,2026-10-09 17:25:03+00:00
P04555,Billing,2026-10-09 17:56:03+00:00
P04555,Discharge,2026-10-09 18:35:03+00:00
P04556,Patient Arrival,2026-04-15 05:41:30+00:00
P04556,Registration,2026-04-15 06:11:30+00:00
P04556,Waiting,2026-04-15 07:14:30+00:00
P04556,Doctor Consultation,2026-04-15 07:31:30+00:00
P04556,Urine Test,2026-04-15 08:00:30+00:00
P04556,Doctor Consultation,2026-04-15 08:33:30+00:00
P04556,Diagnosis,2026-04-15 09:22:30+00:00
P04556,Treatment,2026-04-15 10:57:30+00:00
P04556,Pharmacy,2026-04-15 11:32:30+00:00
P04556,Billing,2026-04-15 12:02:30+00:00
P04556,Discharge,2026-04-15 12:44:30+00:00
P04558,Patient Arrival,2026-05-24 19:51:10+00:00
P04558,Registration,2026-05-24 20:36:10+00:00
P04558,Waiting,2026-05-24 22:10:10+00:00
P04558,Doctor Consultation,2026-05-24 22:39:10+00:00
P04558,Diagnosis,2026-05-24 23:00:10+00:00
P04558,Ward Transfer,2026-05-24 23:14:10+00:00
P04558,Treatment,2026-05-25 01:12:10+00:00
P04558,Pharmacy,2026-05-25 01:44:10+00:00
P04558,Billing,2026-05-25 02:22:10+00:00
P04558,Discharge,2026-05-25 02:33:10+00:00
P04561,Patient Arrival,2026-12-07 09:55:21+00:00
P04561,Registration,2026-12-07 10:39:21+00:00
P04561,Waiting,2026-12-07 12:02:21+00:00
P04561,Doctor Consultation,2026-12-07 12:15:21+00:00
P04561,Blood Test,2026-12-07 12:46:21+00:00
P04561,Doctor Consultation,2026-12-07 13:11:21+00:00
P04561,Diagnosis,2026-12-07 13:32:21+00:00
P04561,Treatment,2026-12-07 14:24:21+00:00
P04561,Pharmacy,2026-12-07 14:52:21+00:00
P04561,Billing,2026-12-07 15:20:21+00:00
P04561,Discharge,2026-12-07 15:53:21+00:00
P04562,Patient Arrival,2026-01-10 06:30:02+00:00
P04562,Registration,2026-01-10 06:59:02+00:00
P04562,Waiting,2026-01-10 07:55:02+00:00
P04562,Doctor Consultation,2026-01-10 08:19:02+00:00
P04562,Diagnosis,2026-01-10 08:37:02+00:00
P04562,Treatment,2026-01-10 09:39:02+00:00
P04562,Pharmacy,2026-01-10 10:13:02+00:00
P04562,Billing,2026-01-10 10:51:02+00:00
P04562,Discharge,2026-01-10 11:29:02+00:00
P04564,Patient Arrival,2026-05-05 20:20:39+00:00
P04564,Registration,2026-05-05 20:48:39+00:00
P04564,Waiting,2026-05-05 21:32:39+00:00
P04564,Doctor Consultation,2026-05-05 22:15:39+00:00
P04564,Diagnosis,2026-05-05 22:38:39+00:00
P04564,Ward Transfer,2026-05-05 23:01:39+00:00
P04564,Treatment,2026-05-06 00:30:39+00:00
P04564,Pharmacy,2026-05-06 01:03:39+00:00
P04564,Billing,2026-05-06 01:56:39+00:00
P04564,Discharge,2026-05-06 02:24:39+00:00
P04566,Patient Arrival,2026-07-04 08:57:45+00:00
P04566,Registration,2026-07-04 09:30:45+00:00
P04566,Registration,2026-07-04 09:30:45+00:00
P04566,Waiting,2026-07-04 11:01:45+00:00
P04566,Doctor Consultation,2026-07-04 11:36:45+00:00
P04566,Diagnosis,2026-07-04 11:53:45+00:00
P04566,Ward Transfer,2026-07-04 12:21:45+00:00
P04566,Treatment,2026-07-04 14:04:45+00:00
P04566,Pharmacy,2026-07-04 14:40:45+00:00
P04566,Billing,2026-07-04 14:51:45+00:00
P04566,Discharge,2026-07-04 15:19:45+00:00
P04567,Patient Arrival,2026-05-26 03:59:07+00:00
P04567,Registration,2026-05-26 04:36:07+00:00
P04567,Waiting,2026-05-26 05:45:07+00:00
P04567,Doctor Consultation,2026-05-26 06:13:07+00:00
P04567,Diagnosis,2026-05-26 06:25:07+00:00
P04567,Treatment,2026-05-26 08:13:07+00:00
P04567,Pharmacy,2026-05-26 08:50:07+00:00
P04567,Billing,2026-05-26 09:25:07+00:00
P04567,Discharge,2026-05-26 10:10:07+00:00
P04568,Patient Arrival,2026-09-25 16:25:17+00:00
P04568,Registration,2026-09-25 17:01:17+00:00
P04568,Waiting,2026-09-25 18:14:17+00:00
P04568,Doctor Consultation,2026-09-25 18:48:17+00:00
P04568,Diagnosis,2026-09-25 19:11:17+00:00
P04568,Treatment,2026-09-25 21:05:17+00:00
P04568,Pharmacy,2026-09-25 21:39:17+00:00
P04568,Billing,2026-09-25 22:30:17+00:00
P04568,Discharge,2026-09-25 23:14:17+00:00
P04570,Patient Arrival,2026-11-21 15:36:18+00:00
P04570,Registration,2026-11-21 15:46:18+00:00
P04570,Waiting,2026-11-21 16:32:18+00:00
P04570,Doctor Consultation,2026-11-21 17:08:18+00:00
P04570,Diagnosis,2026-11-21 17:37:18+00:00
P04570,Ward Transfer,2026-11-21 18:08:18+00:00
P04570,Treatment,2026-11-21 20:32:18+00:00
P04570,Pharmacy,2026-11-21 21:04:18+00:00
P04570,Billing,2026-11-21 21:35:18+00:00
P04570,Discharge,2026-11-21 22:07:18+00:00
P04572,Patient Arrival,2026-09-14 20:52:51+00:00
P04572,Registration,2026-09-14 21:25:51+00:00
P04572,Waiting,2026-09-14 22:56:51+00:00
P04572,Doctor Consultation,2026-09-14 23:17:51+00:00
P04572,Diagnosis,2026-09-14 23:31:51+00:00
P04572,Ward Transfer,2026-09-15 00:17:51+00:00
P04572,Treatment,2026-09-15 02:15:51+00:00
P04572,Pharmacy,2026-09-15 02:22:51+00:00
P04572,Billing,2026-09-15 02:48:51+00:00
P04572,Discharge,2026-09-15 03:21:51+00:00
P04576,Patient Arrival,2026-01-25 05:51:45+00:00
P04576,Registration,2026-01-25 06:24:45+00:00
P04576,Waiting,2026-01-25 07:15:45+00:00
P04576,Doctor Consultation,2026-01-25 07:43:45+00:00
P04576,Diagnosis,2026-01-25 08:05:45+00:00
P04576,Ward Transfer,2026-01-25 08:43:45+00:00
P04576,Treatment,2026-01-25 09:35:45+00:00
P04576,Pharmacy,2026-01-25 09:49:45+00:00
P04576,Billing,2026-01-25 10:10:45+00:00
P04576,Discharge,2026-01-25 10:29:45+00:00
P04580,Patient Arrival,2026-05-13 01:06:35+00:00
P04580,Registration,2026-05-13 01:28:35+00:00
P04580,Waiting,2026-05-13 02:43:35+00:00
P04580,Doctor Consultation,2026-05-13 02:52:35+00:00
P04580,Doctor Consultation,2026-05-13 02:52:35+00:00
P04580,ECG,2026-05-13 03:05:35+00:00
P04580,Doctor Consultation,2026-05-13 03:31:35+00:00
P04580,Diagnosis,2026-05-13 03:47:35+00:00
P04580,Treatment,2026-05-13 04:41:35+00:00
P04580,Pharmacy,2026-05-13 05:06:35+00:00
P04580,Billing,2026-05-13 05:36:35+00:00
P04580,Discharge,2026-05-13 05:57:35+00:00
P04580,Discharge,2026-05-13 05:57:35+00:00
P04581,Patient Arrival,2026-12-26 19:09:54+00:00
P04581,Registration,2026-12-26 19:38:54+00:00
P04581,Waiting,2026-12-26 21:34:54+00:00
P04581,Doctor Consultation,2026-12-26 22:12:54+00:00
P04581,Diagnosis,2026-12-26 22:43:54+00:00
P04581,Treatment,2026-12-27 00:40:54+00:00
P04581,Pharmacy,2026-12-27 01:09:54+00:00
P04581,Billing,2026-12-27 01:37:54+00:00
P04581,Discharge,2026-12-27 02:10:54+00:00
P04582,Patient Arrival,2026-11-18 13:34:25+00:00
P04582,Registration,2026-11-18 13:53:25+00:00
P04582,Waiting,2026-11-18 14:34:25+00:00
P04582,Doctor Consultation,2026-11-18 15:00:25+00:00
P04582,X-Ray,2026-11-18 15:50:25+00:00
P04582,Doctor Consultation,2026-11-18 16:29:25+00:00
P04582,Urine Test,2026-11-18 16:56:25+00:00
P04582,Doctor Consultation,2026-11-18 17:19:25+00:00
P04582,Diagnosis,2026-11-18 17:32:25+00:00
P04582,Treatment,2026-11-18 18:33:25+00:00
P04582,Pharmacy,2026-11-18 19:10:25+00:00
P04582,Billing,2026-11-18 19:46:25+00:00
P04582,Discharge,2026-11-18 20:01:25+00:00
P04583,Patient Arrival,2026-11-06 09:46:40+00:00
P04583,Registration,2026-11-06 10:29:40+00:00
P04583,Waiting,2026-11-06 12:07:40+00:00
P04583,Doctor Consultation,2026-11-06 12:22:40+00:00
P04583,Diagnosis,2026-11-06 12:42:40+00:00
P04583,Treatment,2026-11-06 14:40:40+00:00
P04583,Pharmacy,2026-11-06 14:52:40+00:00
P04583,Billing,2026-11-06 15:24:40+00:00
P04583,Discharge,2026-11-06 16:12:40+00:00
P04585,Patient Arrival,2026-04-06 06:55:28+00:00
P04585,Registration,2026-04-06 07:12:28+00:00
P04585,Waiting,2026-04-06 08:12:28+00:00
P04585,Doctor Consultation,2026-04-06 08:38:28+00:00
P04585,Blood Test,2026-04-06 08:51:28+00:00
P04585,Doctor Consultation,2026-04-06 09:25:28+00:00
P04585,Diagnosis,2026-04-06 10:07:28+00:00
P04585,Treatment,2026-04-06 11:21:28+00:00
P04585,Pharmacy,2026-04-06 11:48:28+00:00
P04585,Billing,2026-04-06 12:25:28+00:00
P04585,Discharge,2026-04-06 13:12:28+00:00
P04586,Patient Arrival,2026-05-01 22:47:40+00:00
P04586,Registration,2026-05-01 23:23:40+00:00
P04586,Waiting,2026-05-02 00:48:40+00:00
P04586,Waiting,2026-05-02 00:48:40+00:00
P04586,Doctor Consultation,2026-05-02 01:17:40+00:00
P04586,Blood Test,2026-05-02 02:02:40+00:00
P04586,Doctor Consultation,2026-05-02 02:23:40+00:00
P04586,Diagnosis,2026-05-02 02:50:40+00:00
P04586,Ward Transfer,2026-05-02 03:32:40+00:00
P04586,Treatment,2026-05-02 05:29:40+00:00
P04586,Pharmacy,2026-05-02 05:58:40+00:00
P04586,Billing,2026-05-02 06:10:40+00:00
P04586,Discharge,2026-05-02 06:33:40+00:00
